file,prompt
deepseek-v4-flash/depth1/deepseek-v4-flash-depth1-case1-run1.gif,"Generate 1 1×1 droplet at (30, 30) by squeezing to the right."
deepseek-v4-flash/depth1/deepseek-v4-flash-depth1-case1-run1.json,"Generate 1 1×1 droplet at (30, 30) by squeezing to the right."
deepseek-v4-flash/depth1/deepseek-v4-flash-depth1-case1-run1.txt,"Generate 1 1×1 droplet at (30, 30) by squeezing to the right."
deepseek-v4-flash/depth1/deepseek-v4-flash-depth1-case1-run2.gif,"Generate 1 1×1 droplet at (30, 30) by squeezing to the right."
deepseek-v4-flash/depth1/deepseek-v4-flash-depth1-case1-run2.json,"Generate 1 1×1 droplet at (30, 30) by squeezing to the right."
deepseek-v4-flash/depth1/deepseek-v4-flash-depth1-case1-run2.txt,"Generate 1 1×1 droplet at (30, 30) by squeezing to the right."
deepseek-v4-flash/depth1/deepseek-v4-flash-depth1-case1-run3.gif,"Generate 1 1×1 droplet at (30, 30) by squeezing to the right."
deepseek-v4-flash/depth1/deepseek-v4-flash-depth1-case1-run3.json,"Generate 1 1×1 droplet at (30, 30) by squeezing to the right."
deepseek-v4-flash/depth1/deepseek-v4-flash-depth1-case1-run3.txt,"Generate 1 1×1 droplet at (30, 30) by squeezing to the right."
deepseek-v4-flash/depth1/deepseek-v4-flash-depth1-case1-run4.gif,"Generate 1 1×1 droplet at (30, 30) by squeezing to the right."
deepseek-v4-flash/depth1/deepseek-v4-flash-depth1-case1-run4.json,"Generate 1 1×1 droplet at (30, 30) by squeezing to the right."
deepseek-v4-flash/depth1/deepseek-v4-flash-depth1-case1-run4.txt,"Generate 1 1×1 droplet at (30, 30) by squeezing to the right."
deepseek-v4-flash/depth1/deepseek-v4-flash-depth1-case1-run5.gif,"Generate 1 1×1 droplet at (30, 30) by squeezing to the right."
deepseek-v4-flash/depth1/deepseek-v4-flash-depth1-case1-run5.json,"Generate 1 1×1 droplet at (30, 30) by squeezing to the right."
deepseek-v4-flash/depth1/deepseek-v4-flash-depth1-case1-run5.txt,"Generate 1 1×1 droplet at (30, 30) by squeezing to the right."
deepseek-v4-flash/depth1/deepseek-v4-flash-depth1-case2-run1.json,"Generate 2 1×1 droplets at (10, 10) by squeezing to the right."
deepseek-v4-flash/depth1/deepseek-v4-flash-depth1-case2-run2.gif,"Generate 2 1×1 droplets at (10, 10) by squeezing to the right."
deepseek-v4-flash/depth1/deepseek-v4-flash-depth1-case2-run2.json,"Generate 2 1×1 droplets at (10, 10) by squeezing to the right."
deepseek-v4-flash/depth1/deepseek-v4-flash-depth1-case2-run2.txt,"Generate 2 1×1 droplets at (10, 10) by squeezing to the right."
deepseek-v4-flash/depth1/deepseek-v4-flash-depth1-case2-run3.gif,"Generate 2 1×1 droplets at (10, 10) by squeezing to the right."
deepseek-v4-flash/depth1/deepseek-v4-flash-depth1-case2-run3.json,"Generate 2 1×1 droplets at (10, 10) by squeezing to the right."
deepseek-v4-flash/depth1/deepseek-v4-flash-depth1-case2-run3.txt,"Generate 2 1×1 droplets at (10, 10) by squeezing to the right."
deepseek-v4-flash/depth1/deepseek-v4-flash-depth1-case2-run4.gif,"Generate 2 1×1 droplets at (10, 10) by squeezing to the right."
deepseek-v4-flash/depth1/deepseek-v4-flash-depth1-case2-run4.json,"Generate 2 1×1 droplets at (10, 10) by squeezing to the right."
deepseek-v4-flash/depth1/deepseek-v4-flash-depth1-case2-run4.txt,"Generate 2 1×1 droplets at (10, 10) by squeezing to the right."
deepseek-v4-flash/depth1/deepseek-v4-flash-depth1-case2-run5.gif,"Generate 2 1×1 droplets at (10, 10) by squeezing to the right."
deepseek-v4-flash/depth1/deepseek-v4-flash-depth1-case2-run5.json,"Generate 2 1×1 droplets at (10, 10) by squeezing to the right."
deepseek-v4-flash/depth1/deepseek-v4-flash-depth1-case2-run5.txt,"Generate 2 1×1 droplets at (10, 10) by squeezing to the right."
deepseek-v4-flash/depth1/deepseek-v4-flash-depth1-case3-run1.gif,"Merge the 1×1 droplet located at (10, 10) with the 1×1 droplet located at (15, 10)."
deepseek-v4-flash/depth1/deepseek-v4-flash-depth1-case3-run1.json,"Merge the 1×1 droplet located at (10, 10) with the 1×1 droplet located at (15, 10)."
deepseek-v4-flash/depth1/deepseek-v4-flash-depth1-case3-run1.txt,"Merge the 1×1 droplet located at (10, 10) with the 1×1 droplet located at (15, 10)."
deepseek-v4-flash/depth1/deepseek-v4-flash-depth1-case3-run2.gif,"Merge the 1×1 droplet located at (10, 10) with the 1×1 droplet located at (15, 10)."
deepseek-v4-flash/depth1/deepseek-v4-flash-depth1-case3-run2.json,"Merge the 1×1 droplet located at (10, 10) with the 1×1 droplet located at (15, 10)."
deepseek-v4-flash/depth1/deepseek-v4-flash-depth1-case3-run2.txt,"Merge the 1×1 droplet located at (10, 10) with the 1×1 droplet located at (15, 10)."
deepseek-v4-flash/depth1/deepseek-v4-flash-depth1-case3-run3.gif,"Merge the 1×1 droplet located at (10, 10) with the 1×1 droplet located at (15, 10)."
deepseek-v4-flash/depth1/deepseek-v4-flash-depth1-case3-run3.json,"Merge the 1×1 droplet located at (10, 10) with the 1×1 droplet located at (15, 10)."
deepseek-v4-flash/depth1/deepseek-v4-flash-depth1-case3-run3.txt,"Merge the 1×1 droplet located at (10, 10) with the 1×1 droplet located at (15, 10)."
deepseek-v4-flash/depth1/deepseek-v4-flash-depth1-case3-run4.gif,"Merge the 1×1 droplet located at (10, 10) with the 1×1 droplet located at (15, 10)."
deepseek-v4-flash/depth1/deepseek-v4-flash-depth1-case3-run4.json,"Merge the 1×1 droplet located at (10, 10) with the 1×1 droplet located at (15, 10)."
deepseek-v4-flash/depth1/deepseek-v4-flash-depth1-case3-run4.txt,"Merge the 1×1 droplet located at (10, 10) with the 1×1 droplet located at (15, 10)."
deepseek-v4-flash/depth1/deepseek-v4-flash-depth1-case3-run5.gif,"Merge the 1×1 droplet located at (10, 10) with the 1×1 droplet located at (15, 10)."
deepseek-v4-flash/depth1/deepseek-v4-flash-depth1-case3-run5.json,"Merge the 1×1 droplet located at (10, 10) with the 1×1 droplet located at (15, 10)."
deepseek-v4-flash/depth1/deepseek-v4-flash-depth1-case3-run5.txt,"Merge the 1×1 droplet located at (10, 10) with the 1×1 droplet located at (15, 10)."
deepseek-v4-flash/depth1/deepseek-v4-flash-depth1-case4-run1.gif,"Perform 2 cycles of rotational mixing on 1 droplet of size 1×1 located at (25, 25)."
deepseek-v4-flash/depth1/deepseek-v4-flash-depth1-case4-run1.json,"Perform 2 cycles of rotational mixing on 1 droplet of size 1×1 located at (25, 25)."
deepseek-v4-flash/depth1/deepseek-v4-flash-depth1-case4-run1.txt,"Perform 2 cycles of rotational mixing on 1 droplet of size 1×1 located at (25, 25)."
deepseek-v4-flash/depth1/deepseek-v4-flash-depth1-case4-run2.gif,"Perform 2 cycles of rotational mixing on 1 droplet of size 1×1 located at (25, 25)."
deepseek-v4-flash/depth1/deepseek-v4-flash-depth1-case4-run2.json,"Perform 2 cycles of rotational mixing on 1 droplet of size 1×1 located at (25, 25)."
deepseek-v4-flash/depth1/deepseek-v4-flash-depth1-case4-run2.txt,"Perform 2 cycles of rotational mixing on 1 droplet of size 1×1 located at (25, 25)."
deepseek-v4-flash/depth1/deepseek-v4-flash-depth1-case4-run3.gif,"Perform 2 cycles of rotational mixing on 1 droplet of size 1×1 located at (25, 25)."
deepseek-v4-flash/depth1/deepseek-v4-flash-depth1-case4-run3.json,"Perform 2 cycles of rotational mixing on 1 droplet of size 1×1 located at (25, 25)."
deepseek-v4-flash/depth1/deepseek-v4-flash-depth1-case4-run3.txt,"Perform 2 cycles of rotational mixing on 1 droplet of size 1×1 located at (25, 25)."
deepseek-v4-flash/depth1/deepseek-v4-flash-depth1-case4-run4.gif,"Perform 2 cycles of rotational mixing on 1 droplet of size 1×1 located at (25, 25)."
deepseek-v4-flash/depth1/deepseek-v4-flash-depth1-case4-run4.json,"Perform 2 cycles of rotational mixing on 1 droplet of size 1×1 located at (25, 25)."
deepseek-v4-flash/depth1/deepseek-v4-flash-depth1-case4-run4.txt,"Perform 2 cycles of rotational mixing on 1 droplet of size 1×1 located at (25, 25)."
deepseek-v4-flash/depth1/deepseek-v4-flash-depth1-case4-run5.gif,"Perform 2 cycles of rotational mixing on 1 droplet of size 1×1 located at (25, 25)."
deepseek-v4-flash/depth1/deepseek-v4-flash-depth1-case4-run5.json,"Perform 2 cycles of rotational mixing on 1 droplet of size 1×1 located at (25, 25)."
deepseek-v4-flash/depth1/deepseek-v4-flash-depth1-case4-run5.txt,"Perform 2 cycles of rotational mixing on 1 droplet of size 1×1 located at (25, 25)."
deepseek-v4-flash/depth1/deepseek-v4-flash-depth1-case5-run1.gif,"Move 1 droplet of size 1×1 located at (15, 15) 20 grid cells to the right."
deepseek-v4-flash/depth1/deepseek-v4-flash-depth1-case5-run1.json,"Move 1 droplet of size 1×1 located at (15, 15) 20 grid cells to the right."
deepseek-v4-flash/depth1/deepseek-v4-flash-depth1-case5-run1.txt,"Move 1 droplet of size 1×1 located at (15, 15) 20 grid cells to the right."
deepseek-v4-flash/depth1/deepseek-v4-flash-depth1-case5-run2.gif,"Move 1 droplet of size 1×1 located at (15, 15) 20 grid cells to the right."
deepseek-v4-flash/depth1/deepseek-v4-flash-depth1-case5-run2.json,"Move 1 droplet of size 1×1 located at (15, 15) 20 grid cells to the right."
deepseek-v4-flash/depth1/deepseek-v4-flash-depth1-case5-run2.txt,"Move 1 droplet of size 1×1 located at (15, 15) 20 grid cells to the right."
deepseek-v4-flash/depth1/deepseek-v4-flash-depth1-case5-run3.gif,"Move 1 droplet of size 1×1 located at (15, 15) 20 grid cells to the right."
deepseek-v4-flash/depth1/deepseek-v4-flash-depth1-case5-run3.json,"Move 1 droplet of size 1×1 located at (15, 15) 20 grid cells to the right."
deepseek-v4-flash/depth1/deepseek-v4-flash-depth1-case5-run3.txt,"Move 1 droplet of size 1×1 located at (15, 15) 20 grid cells to the right."
deepseek-v4-flash/depth1/deepseek-v4-flash-depth1-case5-run4.gif,"Move 1 droplet of size 1×1 located at (15, 15) 20 grid cells to the right."
deepseek-v4-flash/depth1/deepseek-v4-flash-depth1-case5-run4.json,"Move 1 droplet of size 1×1 located at (15, 15) 20 grid cells to the right."
deepseek-v4-flash/depth1/deepseek-v4-flash-depth1-case5-run4.txt,"Move 1 droplet of size 1×1 located at (15, 15) 20 grid cells to the right."
deepseek-v4-flash/depth1/deepseek-v4-flash-depth1-case5-run5.gif,"Move 1 droplet of size 1×1 located at (15, 15) 20 grid cells to the right."
deepseek-v4-flash/depth1/deepseek-v4-flash-depth1-case5-run5.json,"Move 1 droplet of size 1×1 located at (15, 15) 20 grid cells to the right."
deepseek-v4-flash/depth1/deepseek-v4-flash-depth1-case5-run5.txt,"Move 1 droplet of size 1×1 located at (15, 15) 20 grid cells to the right."
deepseek-v4-flash/depth2/deepseek-v4-flash-depth2-case1-run1.gif,"At (30, 30), perform a rightward squeeze operation with squeeze count 1, using a 2×2 source droplet. Then move the squeezed droplet upward by 10 grid cells."
deepseek-v4-flash/depth2/deepseek-v4-flash-depth2-case1-run1.json,"At (30, 30), perform a rightward squeeze operation with squeeze count 1, using a 2×2 source droplet. Then move the squeezed droplet upward by 10 grid cells."
deepseek-v4-flash/depth2/deepseek-v4-flash-depth2-case1-run1.txt,"At (30, 30), perform a rightward squeeze operation with squeeze count 1, using a 2×2 source droplet. Then move the squeezed droplet upward by 10 grid cells."
deepseek-v4-flash/depth2/deepseek-v4-flash-depth2-case1-run2.gif,"At (30, 30), perform a rightward squeeze operation with squeeze count 1, using a 2×2 source droplet. Then move the squeezed droplet upward by 10 grid cells."
deepseek-v4-flash/depth2/deepseek-v4-flash-depth2-case1-run2.json,"At (30, 30), perform a rightward squeeze operation with squeeze count 1, using a 2×2 source droplet. Then move the squeezed droplet upward by 10 grid cells."
deepseek-v4-flash/depth2/deepseek-v4-flash-depth2-case1-run2.txt,"At (30, 30), perform a rightward squeeze operation with squeeze count 1, using a 2×2 source droplet. Then move the squeezed droplet upward by 10 grid cells."
deepseek-v4-flash/depth2/deepseek-v4-flash-depth2-case1-run3.gif,"At (30, 30), perform a rightward squeeze operation with squeeze count 1, using a 2×2 source droplet. Then move the squeezed droplet upward by 10 grid cells."
deepseek-v4-flash/depth2/deepseek-v4-flash-depth2-case1-run3.json,"At (30, 30), perform a rightward squeeze operation with squeeze count 1, using a 2×2 source droplet. Then move the squeezed droplet upward by 10 grid cells."
deepseek-v4-flash/depth2/deepseek-v4-flash-depth2-case1-run3.txt,"At (30, 30), perform a rightward squeeze operation with squeeze count 1, using a 2×2 source droplet. Then move the squeezed droplet upward by 10 grid cells."
deepseek-v4-flash/depth2/deepseek-v4-flash-depth2-case1-run4.gif,"At (30, 30), perform a rightward squeeze operation with squeeze count 1, using a 2×2 source droplet. Then move the squeezed droplet upward by 10 grid cells."
deepseek-v4-flash/depth2/deepseek-v4-flash-depth2-case1-run4.json,"At (30, 30), perform a rightward squeeze operation with squeeze count 1, using a 2×2 source droplet. Then move the squeezed droplet upward by 10 grid cells."
deepseek-v4-flash/depth2/deepseek-v4-flash-depth2-case1-run4.txt,"At (30, 30), perform a rightward squeeze operation with squeeze count 1, using a 2×2 source droplet. Then move the squeezed droplet upward by 10 grid cells."
deepseek-v4-flash/depth2/deepseek-v4-flash-depth2-case1-run5.json,"At (30, 30), perform a rightward squeeze operation with squeeze count 1, using a 2×2 source droplet. Then move the squeezed droplet upward by 10 grid cells."
deepseek-v4-flash/depth2/deepseek-v4-flash-depth2-case2-run1.gif,"At (50, 50), perform a downward squeeze operation with squeeze count 1, using a 3×3 source droplet. Then rotationally mix the squeezed droplet for 3 rotations."
deepseek-v4-flash/depth2/deepseek-v4-flash-depth2-case2-run1.json,"At (50, 50), perform a downward squeeze operation with squeeze count 1, using a 3×3 source droplet. Then rotationally mix the squeezed droplet for 3 rotations."
deepseek-v4-flash/depth2/deepseek-v4-flash-depth2-case2-run1.txt,"At (50, 50), perform a downward squeeze operation with squeeze count 1, using a 3×3 source droplet. Then rotationally mix the squeezed droplet for 3 rotations."
deepseek-v4-flash/depth2/deepseek-v4-flash-depth2-case2-run2.gif,"At (50, 50), perform a downward squeeze operation with squeeze count 1, using a 3×3 source droplet. Then rotationally mix the squeezed droplet for 3 rotations."
deepseek-v4-flash/depth2/deepseek-v4-flash-depth2-case2-run2.json,"At (50, 50), perform a downward squeeze operation with squeeze count 1, using a 3×3 source droplet. Then rotationally mix the squeezed droplet for 3 rotations."
deepseek-v4-flash/depth2/deepseek-v4-flash-depth2-case2-run2.txt,"At (50, 50), perform a downward squeeze operation with squeeze count 1, using a 3×3 source droplet. Then rotationally mix the squeezed droplet for 3 rotations."
deepseek-v4-flash/depth2/deepseek-v4-flash-depth2-case2-run3.gif,"At (50, 50), perform a downward squeeze operation with squeeze count 1, using a 3×3 source droplet. Then rotationally mix the squeezed droplet for 3 rotations."
deepseek-v4-flash/depth2/deepseek-v4-flash-depth2-case2-run3.json,"At (50, 50), perform a downward squeeze operation with squeeze count 1, using a 3×3 source droplet. Then rotationally mix the squeezed droplet for 3 rotations."
deepseek-v4-flash/depth2/deepseek-v4-flash-depth2-case2-run3.txt,"At (50, 50), perform a downward squeeze operation with squeeze count 1, using a 3×3 source droplet. Then rotationally mix the squeezed droplet for 3 rotations."
deepseek-v4-flash/depth2/deepseek-v4-flash-depth2-case2-run4.gif,"At (50, 50), perform a downward squeeze operation with squeeze count 1, using a 3×3 source droplet. Then rotationally mix the squeezed droplet for 3 rotations."
deepseek-v4-flash/depth2/deepseek-v4-flash-depth2-case2-run4.json,"At (50, 50), perform a downward squeeze operation with squeeze count 1, using a 3×3 source droplet. Then rotationally mix the squeezed droplet for 3 rotations."
deepseek-v4-flash/depth2/deepseek-v4-flash-depth2-case2-run4.txt,"At (50, 50), perform a downward squeeze operation with squeeze count 1, using a 3×3 source droplet. Then rotationally mix the squeezed droplet for 3 rotations."
deepseek-v4-flash/depth2/deepseek-v4-flash-depth2-case2-run5.gif,"At (50, 50), perform a downward squeeze operation with squeeze count 1, using a 3×3 source droplet. Then rotationally mix the squeezed droplet for 3 rotations."
deepseek-v4-flash/depth2/deepseek-v4-flash-depth2-case2-run5.json,"At (50, 50), perform a downward squeeze operation with squeeze count 1, using a 3×3 source droplet. Then rotationally mix the squeezed droplet for 3 rotations."
deepseek-v4-flash/depth2/deepseek-v4-flash-depth2-case2-run5.txt,"At (50, 50), perform a downward squeeze operation with squeeze count 1, using a 3×3 source droplet. Then rotationally mix the squeezed droplet for 3 rotations."
deepseek-v4-flash/depth2/deepseek-v4-flash-depth2-case3-run1.gif,"Initially, there is one 2×2 droplet at (10, 10) and another 2×2 droplet at (10, 16). Merge these two droplets. Then rotationally mix the merged droplet for 2 rotations."
deepseek-v4-flash/depth2/deepseek-v4-flash-depth2-case3-run1.json,"Initially, there is one 2×2 droplet at (10, 10) and another 2×2 droplet at (10, 16). Merge these two droplets. Then rotationally mix the merged droplet for 2 rotations."
deepseek-v4-flash/depth2/deepseek-v4-flash-depth2-case3-run1.txt,"Initially, there is one 2×2 droplet at (10, 10) and another 2×2 droplet at (10, 16). Merge these two droplets. Then rotationally mix the merged droplet for 2 rotations."
deepseek-v4-flash/depth2/deepseek-v4-flash-depth2-case3-run2.gif,"Initially, there is one 2×2 droplet at (10, 10) and another 2×2 droplet at (10, 16). Merge these two droplets. Then rotationally mix the merged droplet for 2 rotations."
deepseek-v4-flash/depth2/deepseek-v4-flash-depth2-case3-run2.json,"Initially, there is one 2×2 droplet at (10, 10) and another 2×2 droplet at (10, 16). Merge these two droplets. Then rotationally mix the merged droplet for 2 rotations."
deepseek-v4-flash/depth2/deepseek-v4-flash-depth2-case3-run2.txt,"Initially, there is one 2×2 droplet at (10, 10) and another 2×2 droplet at (10, 16). Merge these two droplets. Then rotationally mix the merged droplet for 2 rotations."
deepseek-v4-flash/depth2/deepseek-v4-flash-depth2-case3-run3.gif,"Initially, there is one 2×2 droplet at (10, 10) and another 2×2 droplet at (10, 16). Merge these two droplets. Then rotationally mix the merged droplet for 2 rotations."
deepseek-v4-flash/depth2/deepseek-v4-flash-depth2-case3-run3.json,"Initially, there is one 2×2 droplet at (10, 10) and another 2×2 droplet at (10, 16). Merge these two droplets. Then rotationally mix the merged droplet for 2 rotations."
deepseek-v4-flash/depth2/deepseek-v4-flash-depth2-case3-run3.txt,"Initially, there is one 2×2 droplet at (10, 10) and another 2×2 droplet at (10, 16). Merge these two droplets. Then rotationally mix the merged droplet for 2 rotations."
deepseek-v4-flash/depth2/deepseek-v4-flash-depth2-case3-run4.gif,"Initially, there is one 2×2 droplet at (10, 10) and another 2×2 droplet at (10, 16). Merge these two droplets. Then rotationally mix the merged droplet for 2 rotations."
deepseek-v4-flash/depth2/deepseek-v4-flash-depth2-case3-run4.json,"Initially, there is one 2×2 droplet at (10, 10) and another 2×2 droplet at (10, 16). Merge these two droplets. Then rotationally mix the merged droplet for 2 rotations."
deepseek-v4-flash/depth2/deepseek-v4-flash-depth2-case3-run4.txt,"Initially, there is one 2×2 droplet at (10, 10) and another 2×2 droplet at (10, 16). Merge these two droplets. Then rotationally mix the merged droplet for 2 rotations."
deepseek-v4-flash/depth2/deepseek-v4-flash-depth2-case3-run5.gif,"Initially, there is one 2×2 droplet at (10, 10) and another 2×2 droplet at (10, 16). Merge these two droplets. Then rotationally mix the merged droplet for 2 rotations."
deepseek-v4-flash/depth2/deepseek-v4-flash-depth2-case3-run5.json,"Initially, there is one 2×2 droplet at (10, 10) and another 2×2 droplet at (10, 16). Merge these two droplets. Then rotationally mix the merged droplet for 2 rotations."
deepseek-v4-flash/depth2/deepseek-v4-flash-depth2-case3-run5.txt,"Initially, there is one 2×2 droplet at (10, 10) and another 2×2 droplet at (10, 16). Merge these two droplets. Then rotationally mix the merged droplet for 2 rotations."
deepseek-v4-flash/depth2/deepseek-v4-flash-depth2-case4-run1.gif,"Initially, there is one 3×3 droplet at (40, 40). Move this droplet to the left by 12 grid cells. Then rotationally mix the moved droplet for 4 rotations."
deepseek-v4-flash/depth2/deepseek-v4-flash-depth2-case4-run1.json,"Initially, there is one 3×3 droplet at (40, 40). Move this droplet to the left by 12 grid cells. Then rotationally mix the moved droplet for 4 rotations."
deepseek-v4-flash/depth2/deepseek-v4-flash-depth2-case4-run1.txt,"Initially, there is one 3×3 droplet at (40, 40). Move this droplet to the left by 12 grid cells. Then rotationally mix the moved droplet for 4 rotations."
deepseek-v4-flash/depth2/deepseek-v4-flash-depth2-case4-run2.gif,"Initially, there is one 3×3 droplet at (40, 40). Move this droplet to the left by 12 grid cells. Then rotationally mix the moved droplet for 4 rotations."
deepseek-v4-flash/depth2/deepseek-v4-flash-depth2-case4-run2.json,"Initially, there is one 3×3 droplet at (40, 40). Move this droplet to the left by 12 grid cells. Then rotationally mix the moved droplet for 4 rotations."
deepseek-v4-flash/depth2/deepseek-v4-flash-depth2-case4-run2.txt,"Initially, there is one 3×3 droplet at (40, 40). Move this droplet to the left by 12 grid cells. Then rotationally mix the moved droplet for 4 rotations."
deepseek-v4-flash/depth2/deepseek-v4-flash-depth2-case4-run3.gif,"Initially, there is one 3×3 droplet at (40, 40). Move this droplet to the left by 12 grid cells. Then rotationally mix the moved droplet for 4 rotations."
deepseek-v4-flash/depth2/deepseek-v4-flash-depth2-case4-run3.json,"Initially, there is one 3×3 droplet at (40, 40). Move this droplet to the left by 12 grid cells. Then rotationally mix the moved droplet for 4 rotations."
deepseek-v4-flash/depth2/deepseek-v4-flash-depth2-case4-run3.txt,"Initially, there is one 3×3 droplet at (40, 40). Move this droplet to the left by 12 grid cells. Then rotationally mix the moved droplet for 4 rotations."
deepseek-v4-flash/depth2/deepseek-v4-flash-depth2-case4-run4.gif,"Initially, there is one 3×3 droplet at (40, 40). Move this droplet to the left by 12 grid cells. Then rotationally mix the moved droplet for 4 rotations."
deepseek-v4-flash/depth2/deepseek-v4-flash-depth2-case4-run4.json,"Initially, there is one 3×3 droplet at (40, 40). Move this droplet to the left by 12 grid cells. Then rotationally mix the moved droplet for 4 rotations."
deepseek-v4-flash/depth2/deepseek-v4-flash-depth2-case4-run4.txt,"Initially, there is one 3×3 droplet at (40, 40). Move this droplet to the left by 12 grid cells. Then rotationally mix the moved droplet for 4 rotations."
deepseek-v4-flash/depth2/deepseek-v4-flash-depth2-case4-run5.gif,"Initially, there is one 3×3 droplet at (40, 40). Move this droplet to the left by 12 grid cells. Then rotationally mix the moved droplet for 4 rotations."
deepseek-v4-flash/depth2/deepseek-v4-flash-depth2-case4-run5.json,"Initially, there is one 3×3 droplet at (40, 40). Move this droplet to the left by 12 grid cells. Then rotationally mix the moved droplet for 4 rotations."
deepseek-v4-flash/depth2/deepseek-v4-flash-depth2-case4-run5.txt,"Initially, there is one 3×3 droplet at (40, 40). Move this droplet to the left by 12 grid cells. Then rotationally mix the moved droplet for 4 rotations."
deepseek-v4-flash/depth2/deepseek-v4-flash-depth2-case5-run1.gif,"At (90, 20), perform a leftward squeeze operation with squeeze count 4, using a 4×4 source droplet. Then move all four squeezed droplets downward by 20 grid cells."
deepseek-v4-flash/depth2/deepseek-v4-flash-depth2-case5-run1.json,"At (90, 20), perform a leftward squeeze operation with squeeze count 4, using a 4×4 source droplet. Then move all four squeezed droplets downward by 20 grid cells."
deepseek-v4-flash/depth2/deepseek-v4-flash-depth2-case5-run1.txt,"At (90, 20), perform a leftward squeeze operation with squeeze count 4, using a 4×4 source droplet. Then move all four squeezed droplets downward by 20 grid cells."
deepseek-v4-flash/depth2/deepseek-v4-flash-depth2-case5-run2.gif,"At (90, 20), perform a leftward squeeze operation with squeeze count 4, using a 4×4 source droplet. Then move all four squeezed droplets downward by 20 grid cells."
deepseek-v4-flash/depth2/deepseek-v4-flash-depth2-case5-run2.json,"At (90, 20), perform a leftward squeeze operation with squeeze count 4, using a 4×4 source droplet. Then move all four squeezed droplets downward by 20 grid cells."
deepseek-v4-flash/depth2/deepseek-v4-flash-depth2-case5-run2.txt,"At (90, 20), perform a leftward squeeze operation with squeeze count 4, using a 4×4 source droplet. Then move all four squeezed droplets downward by 20 grid cells."
deepseek-v4-flash/depth2/deepseek-v4-flash-depth2-case5-run3.json,"At (90, 20), perform a leftward squeeze operation with squeeze count 4, using a 4×4 source droplet. Then move all four squeezed droplets downward by 20 grid cells."
deepseek-v4-flash/depth2/deepseek-v4-flash-depth2-case5-run4.gif,"At (90, 20), perform a leftward squeeze operation with squeeze count 4, using a 4×4 source droplet. Then move all four squeezed droplets downward by 20 grid cells."
deepseek-v4-flash/depth2/deepseek-v4-flash-depth2-case5-run4.json,"At (90, 20), perform a leftward squeeze operation with squeeze count 4, using a 4×4 source droplet. Then move all four squeezed droplets downward by 20 grid cells."
deepseek-v4-flash/depth2/deepseek-v4-flash-depth2-case5-run4.txt,"At (90, 20), perform a leftward squeeze operation with squeeze count 4, using a 4×4 source droplet. Then move all four squeezed droplets downward by 20 grid cells."
deepseek-v4-flash/depth2/deepseek-v4-flash-depth2-case5-run5.gif,"At (90, 20), perform a leftward squeeze operation with squeeze count 4, using a 4×4 source droplet. Then move all four squeezed droplets downward by 20 grid cells."
deepseek-v4-flash/depth2/deepseek-v4-flash-depth2-case5-run5.json,"At (90, 20), perform a leftward squeeze operation with squeeze count 4, using a 4×4 source droplet. Then move all four squeezed droplets downward by 20 grid cells."
deepseek-v4-flash/depth2/deepseek-v4-flash-depth2-case5-run5.txt,"At (90, 20), perform a leftward squeeze operation with squeeze count 4, using a 4×4 source droplet. Then move all four squeezed droplets downward by 20 grid cells."
deepseek-v4-flash/depth3/deepseek-v4-flash-depth3-case1-run1.gif,"At (20, 20), perform a rightward squeeze operation with squeeze count 1, using a 2×2 source droplet. Move the squeezed droplet downward by 10 grid cells. Then rotationally mix the moved droplet for 3 rotations."
deepseek-v4-flash/depth3/deepseek-v4-flash-depth3-case1-run1.json,"At (20, 20), perform a rightward squeeze operation with squeeze count 1, using a 2×2 source droplet. Move the squeezed droplet downward by 10 grid cells. Then rotationally mix the moved droplet for 3 rotations."
deepseek-v4-flash/depth3/deepseek-v4-flash-depth3-case1-run1.txt,"At (20, 20), perform a rightward squeeze operation with squeeze count 1, using a 2×2 source droplet. Move the squeezed droplet downward by 10 grid cells. Then rotationally mix the moved droplet for 3 rotations."
deepseek-v4-flash/depth3/deepseek-v4-flash-depth3-case1-run2.gif,"At (20, 20), perform a rightward squeeze operation with squeeze count 1, using a 2×2 source droplet. Move the squeezed droplet downward by 10 grid cells. Then rotationally mix the moved droplet for 3 rotations."
deepseek-v4-flash/depth3/deepseek-v4-flash-depth3-case1-run2.json,"At (20, 20), perform a rightward squeeze operation with squeeze count 1, using a 2×2 source droplet. Move the squeezed droplet downward by 10 grid cells. Then rotationally mix the moved droplet for 3 rotations."
deepseek-v4-flash/depth3/deepseek-v4-flash-depth3-case1-run2.txt,"At (20, 20), perform a rightward squeeze operation with squeeze count 1, using a 2×2 source droplet. Move the squeezed droplet downward by 10 grid cells. Then rotationally mix the moved droplet for 3 rotations."
deepseek-v4-flash/depth3/deepseek-v4-flash-depth3-case1-run3.gif,"At (20, 20), perform a rightward squeeze operation with squeeze count 1, using a 2×2 source droplet. Move the squeezed droplet downward by 10 grid cells. Then rotationally mix the moved droplet for 3 rotations."
deepseek-v4-flash/depth3/deepseek-v4-flash-depth3-case1-run3.json,"At (20, 20), perform a rightward squeeze operation with squeeze count 1, using a 2×2 source droplet. Move the squeezed droplet downward by 10 grid cells. Then rotationally mix the moved droplet for 3 rotations."
deepseek-v4-flash/depth3/deepseek-v4-flash-depth3-case1-run3.txt,"At (20, 20), perform a rightward squeeze operation with squeeze count 1, using a 2×2 source droplet. Move the squeezed droplet downward by 10 grid cells. Then rotationally mix the moved droplet for 3 rotations."
deepseek-v4-flash/depth3/deepseek-v4-flash-depth3-case1-run4.gif,"At (20, 20), perform a rightward squeeze operation with squeeze count 1, using a 2×2 source droplet. Move the squeezed droplet downward by 10 grid cells. Then rotationally mix the moved droplet for 3 rotations."
deepseek-v4-flash/depth3/deepseek-v4-flash-depth3-case1-run4.json,"At (20, 20), perform a rightward squeeze operation with squeeze count 1, using a 2×2 source droplet. Move the squeezed droplet downward by 10 grid cells. Then rotationally mix the moved droplet for 3 rotations."
deepseek-v4-flash/depth3/deepseek-v4-flash-depth3-case1-run4.txt,"At (20, 20), perform a rightward squeeze operation with squeeze count 1, using a 2×2 source droplet. Move the squeezed droplet downward by 10 grid cells. Then rotationally mix the moved droplet for 3 rotations."
deepseek-v4-flash/depth3/deepseek-v4-flash-depth3-case1-run5.gif,"At (20, 20), perform a rightward squeeze operation with squeeze count 1, using a 2×2 source droplet. Move the squeezed droplet downward by 10 grid cells. Then rotationally mix the moved droplet for 3 rotations."
deepseek-v4-flash/depth3/deepseek-v4-flash-depth3-case1-run5.json,"At (20, 20), perform a rightward squeeze operation with squeeze count 1, using a 2×2 source droplet. Move the squeezed droplet downward by 10 grid cells. Then rotationally mix the moved droplet for 3 rotations."
deepseek-v4-flash/depth3/deepseek-v4-flash-depth3-case1-run5.txt,"At (20, 20), perform a rightward squeeze operation with squeeze count 1, using a 2×2 source droplet. Move the squeezed droplet downward by 10 grid cells. Then rotationally mix the moved droplet for 3 rotations."
deepseek-v4-flash/depth3/deepseek-v4-flash-depth3-case2-run1.gif,"Initially, there is one 1×2 droplet at (13, 21). At (15, 15), perform a downward squeeze operation with squeeze count 1, using a 2×2 source droplet. Merge the squeezed droplet with the pre-existing 1×2 droplet at (13, 21). Then rotationally mix the merged droplet for 3 rotations."
deepseek-v4-flash/depth3/deepseek-v4-flash-depth3-case2-run1.json,"Initially, there is one 1×2 droplet at (13, 21). At (15, 15), perform a downward squeeze operation with squeeze count 1, using a 2×2 source droplet. Merge the squeezed droplet with the pre-existing 1×2 droplet at (13, 21). Then rotationally mix the merged droplet for 3 rotations."
deepseek-v4-flash/depth3/deepseek-v4-flash-depth3-case2-run1.txt,"Initially, there is one 1×2 droplet at (13, 21). At (15, 15), perform a downward squeeze operation with squeeze count 1, using a 2×2 source droplet. Merge the squeezed droplet with the pre-existing 1×2 droplet at (13, 21). Then rotationally mix the merged droplet for 3 rotations."
deepseek-v4-flash/depth3/deepseek-v4-flash-depth3-case2-run2.json,"Initially, there is one 1×2 droplet at (13, 21). At (15, 15), perform a downward squeeze operation with squeeze count 1, using a 2×2 source droplet. Merge the squeezed droplet with the pre-existing 1×2 droplet at (13, 21). Then rotationally mix the merged droplet for 3 rotations."
deepseek-v4-flash/depth3/deepseek-v4-flash-depth3-case2-run3.gif,"Initially, there is one 1×2 droplet at (13, 21). At (15, 15), perform a downward squeeze operation with squeeze count 1, using a 2×2 source droplet. Merge the squeezed droplet with the pre-existing 1×2 droplet at (13, 21). Then rotationally mix the merged droplet for 3 rotations."
deepseek-v4-flash/depth3/deepseek-v4-flash-depth3-case2-run3.json,"Initially, there is one 1×2 droplet at (13, 21). At (15, 15), perform a downward squeeze operation with squeeze count 1, using a 2×2 source droplet. Merge the squeezed droplet with the pre-existing 1×2 droplet at (13, 21). Then rotationally mix the merged droplet for 3 rotations."
deepseek-v4-flash/depth3/deepseek-v4-flash-depth3-case2-run3.txt,"Initially, there is one 1×2 droplet at (13, 21). At (15, 15), perform a downward squeeze operation with squeeze count 1, using a 2×2 source droplet. Merge the squeezed droplet with the pre-existing 1×2 droplet at (13, 21). Then rotationally mix the merged droplet for 3 rotations."
deepseek-v4-flash/depth3/deepseek-v4-flash-depth3-case2-run4.gif,"Initially, there is one 1×2 droplet at (13, 21). At (15, 15), perform a downward squeeze operation with squeeze count 1, using a 2×2 source droplet. Merge the squeezed droplet with the pre-existing 1×2 droplet at (13, 21). Then rotationally mix the merged droplet for 3 rotations."
deepseek-v4-flash/depth3/deepseek-v4-flash-depth3-case2-run4.json,"Initially, there is one 1×2 droplet at (13, 21). At (15, 15), perform a downward squeeze operation with squeeze count 1, using a 2×2 source droplet. Merge the squeezed droplet with the pre-existing 1×2 droplet at (13, 21). Then rotationally mix the merged droplet for 3 rotations."
deepseek-v4-flash/depth3/deepseek-v4-flash-depth3-case2-run4.txt,"Initially, there is one 1×2 droplet at (13, 21). At (15, 15), perform a downward squeeze operation with squeeze count 1, using a 2×2 source droplet. Merge the squeezed droplet with the pre-existing 1×2 droplet at (13, 21). Then rotationally mix the merged droplet for 3 rotations."
deepseek-v4-flash/depth3/deepseek-v4-flash-depth3-case2-run5.gif,"Initially, there is one 1×2 droplet at (13, 21). At (15, 15), perform a downward squeeze operation with squeeze count 1, using a 2×2 source droplet. Merge the squeezed droplet with the pre-existing 1×2 droplet at (13, 21). Then rotationally mix the merged droplet for 3 rotations."
deepseek-v4-flash/depth3/deepseek-v4-flash-depth3-case2-run5.json,"Initially, there is one 1×2 droplet at (13, 21). At (15, 15), perform a downward squeeze operation with squeeze count 1, using a 2×2 source droplet. Merge the squeezed droplet with the pre-existing 1×2 droplet at (13, 21). Then rotationally mix the merged droplet for 3 rotations."
deepseek-v4-flash/depth3/deepseek-v4-flash-depth3-case2-run5.txt,"Initially, there is one 1×2 droplet at (13, 21). At (15, 15), perform a downward squeeze operation with squeeze count 1, using a 2×2 source droplet. Merge the squeezed droplet with the pre-existing 1×2 droplet at (13, 21). Then rotationally mix the merged droplet for 3 rotations."
deepseek-v4-flash/depth3/deepseek-v4-flash-depth3-case3-run1.gif,"Initially, there is one 2×2 droplet at (30, 30) and another 2×2 droplet at (36, 30). Merge these two droplets. Move the merged droplet downward by 10 grid cells. Then rotationally mix the moved droplet for 2 rotations."
deepseek-v4-flash/depth3/deepseek-v4-flash-depth3-case3-run1.json,"Initially, there is one 2×2 droplet at (30, 30) and another 2×2 droplet at (36, 30). Merge these two droplets. Move the merged droplet downward by 10 grid cells. Then rotationally mix the moved droplet for 2 rotations."
deepseek-v4-flash/depth3/deepseek-v4-flash-depth3-case3-run1.txt,"Initially, there is one 2×2 droplet at (30, 30) and another 2×2 droplet at (36, 30). Merge these two droplets. Move the merged droplet downward by 10 grid cells. Then rotationally mix the moved droplet for 2 rotations."
deepseek-v4-flash/depth3/deepseek-v4-flash-depth3-case3-run2.gif,"Initially, there is one 2×2 droplet at (30, 30) and another 2×2 droplet at (36, 30). Merge these two droplets. Move the merged droplet downward by 10 grid cells. Then rotationally mix the moved droplet for 2 rotations."
deepseek-v4-flash/depth3/deepseek-v4-flash-depth3-case3-run2.json,"Initially, there is one 2×2 droplet at (30, 30) and another 2×2 droplet at (36, 30). Merge these two droplets. Move the merged droplet downward by 10 grid cells. Then rotationally mix the moved droplet for 2 rotations."
deepseek-v4-flash/depth3/deepseek-v4-flash-depth3-case3-run2.txt,"Initially, there is one 2×2 droplet at (30, 30) and another 2×2 droplet at (36, 30). Merge these two droplets. Move the merged droplet downward by 10 grid cells. Then rotationally mix the moved droplet for 2 rotations."
deepseek-v4-flash/depth3/deepseek-v4-flash-depth3-case3-run3.gif,"Initially, there is one 2×2 droplet at (30, 30) and another 2×2 droplet at (36, 30). Merge these two droplets. Move the merged droplet downward by 10 grid cells. Then rotationally mix the moved droplet for 2 rotations."
deepseek-v4-flash/depth3/deepseek-v4-flash-depth3-case3-run3.json,"Initially, there is one 2×2 droplet at (30, 30) and another 2×2 droplet at (36, 30). Merge these two droplets. Move the merged droplet downward by 10 grid cells. Then rotationally mix the moved droplet for 2 rotations."
deepseek-v4-flash/depth3/deepseek-v4-flash-depth3-case3-run3.txt,"Initially, there is one 2×2 droplet at (30, 30) and another 2×2 droplet at (36, 30). Merge these two droplets. Move the merged droplet downward by 10 grid cells. Then rotationally mix the moved droplet for 2 rotations."
deepseek-v4-flash/depth3/deepseek-v4-flash-depth3-case3-run4.gif,"Initially, there is one 2×2 droplet at (30, 30) and another 2×2 droplet at (36, 30). Merge these two droplets. Move the merged droplet downward by 10 grid cells. Then rotationally mix the moved droplet for 2 rotations."
deepseek-v4-flash/depth3/deepseek-v4-flash-depth3-case3-run4.json,"Initially, there is one 2×2 droplet at (30, 30) and another 2×2 droplet at (36, 30). Merge these two droplets. Move the merged droplet downward by 10 grid cells. Then rotationally mix the moved droplet for 2 rotations."
deepseek-v4-flash/depth3/deepseek-v4-flash-depth3-case3-run4.txt,"Initially, there is one 2×2 droplet at (30, 30) and another 2×2 droplet at (36, 30). Merge these two droplets. Move the merged droplet downward by 10 grid cells. Then rotationally mix the moved droplet for 2 rotations."
deepseek-v4-flash/depth3/deepseek-v4-flash-depth3-case3-run5.gif,"Initially, there is one 2×2 droplet at (30, 30) and another 2×2 droplet at (36, 30). Merge these two droplets. Move the merged droplet downward by 10 grid cells. Then rotationally mix the moved droplet for 2 rotations."
deepseek-v4-flash/depth3/deepseek-v4-flash-depth3-case3-run5.json,"Initially, there is one 2×2 droplet at (30, 30) and another 2×2 droplet at (36, 30). Merge these two droplets. Move the merged droplet downward by 10 grid cells. Then rotationally mix the moved droplet for 2 rotations."
deepseek-v4-flash/depth3/deepseek-v4-flash-depth3-case3-run5.txt,"Initially, there is one 2×2 droplet at (30, 30) and another 2×2 droplet at (36, 30). Merge these two droplets. Move the merged droplet downward by 10 grid cells. Then rotationally mix the moved droplet for 2 rotations."
deepseek-v4-flash/depth3/deepseek-v4-flash-depth3-case4-run1.gif,"Initially, there is one 3×3 droplet at (50, 50). Move this droplet to the left by 10 grid cells. Rotationally mix the moved droplet for 2 rotations. Then move the mixed droplet downward by 5 grid cells."
deepseek-v4-flash/depth3/deepseek-v4-flash-depth3-case4-run1.json,"Initially, there is one 3×3 droplet at (50, 50). Move this droplet to the left by 10 grid cells. Rotationally mix the moved droplet for 2 rotations. Then move the mixed droplet downward by 5 grid cells."
deepseek-v4-flash/depth3/deepseek-v4-flash-depth3-case4-run1.txt,"Initially, there is one 3×3 droplet at (50, 50). Move this droplet to the left by 10 grid cells. Rotationally mix the moved droplet for 2 rotations. Then move the mixed droplet downward by 5 grid cells."
deepseek-v4-flash/depth3/deepseek-v4-flash-depth3-case4-run2.gif,"Initially, there is one 3×3 droplet at (50, 50). Move this droplet to the left by 10 grid cells. Rotationally mix the moved droplet for 2 rotations. Then move the mixed droplet downward by 5 grid cells."
deepseek-v4-flash/depth3/deepseek-v4-flash-depth3-case4-run2.json,"Initially, there is one 3×3 droplet at (50, 50). Move this droplet to the left by 10 grid cells. Rotationally mix the moved droplet for 2 rotations. Then move the mixed droplet downward by 5 grid cells."
deepseek-v4-flash/depth3/deepseek-v4-flash-depth3-case4-run2.txt,"Initially, there is one 3×3 droplet at (50, 50). Move this droplet to the left by 10 grid cells. Rotationally mix the moved droplet for 2 rotations. Then move the mixed droplet downward by 5 grid cells."
deepseek-v4-flash/depth3/deepseek-v4-flash-depth3-case4-run3.gif,"Initially, there is one 3×3 droplet at (50, 50). Move this droplet to the left by 10 grid cells. Rotationally mix the moved droplet for 2 rotations. Then move the mixed droplet downward by 5 grid cells."
deepseek-v4-flash/depth3/deepseek-v4-flash-depth3-case4-run3.json,"Initially, there is one 3×3 droplet at (50, 50). Move this droplet to the left by 10 grid cells. Rotationally mix the moved droplet for 2 rotations. Then move the mixed droplet downward by 5 grid cells."
deepseek-v4-flash/depth3/deepseek-v4-flash-depth3-case4-run3.txt,"Initially, there is one 3×3 droplet at (50, 50). Move this droplet to the left by 10 grid cells. Rotationally mix the moved droplet for 2 rotations. Then move the mixed droplet downward by 5 grid cells."
deepseek-v4-flash/depth3/deepseek-v4-flash-depth3-case4-run4.gif,"Initially, there is one 3×3 droplet at (50, 50). Move this droplet to the left by 10 grid cells. Rotationally mix the moved droplet for 2 rotations. Then move the mixed droplet downward by 5 grid cells."
deepseek-v4-flash/depth3/deepseek-v4-flash-depth3-case4-run4.json,"Initially, there is one 3×3 droplet at (50, 50). Move this droplet to the left by 10 grid cells. Rotationally mix the moved droplet for 2 rotations. Then move the mixed droplet downward by 5 grid cells."
deepseek-v4-flash/depth3/deepseek-v4-flash-depth3-case4-run4.txt,"Initially, there is one 3×3 droplet at (50, 50). Move this droplet to the left by 10 grid cells. Rotationally mix the moved droplet for 2 rotations. Then move the mixed droplet downward by 5 grid cells."
deepseek-v4-flash/depth3/deepseek-v4-flash-depth3-case4-run5.gif,"Initially, there is one 3×3 droplet at (50, 50). Move this droplet to the left by 10 grid cells. Rotationally mix the moved droplet for 2 rotations. Then move the mixed droplet downward by 5 grid cells."
deepseek-v4-flash/depth3/deepseek-v4-flash-depth3-case4-run5.json,"Initially, there is one 3×3 droplet at (50, 50). Move this droplet to the left by 10 grid cells. Rotationally mix the moved droplet for 2 rotations. Then move the mixed droplet downward by 5 grid cells."
deepseek-v4-flash/depth3/deepseek-v4-flash-depth3-case4-run5.txt,"Initially, there is one 3×3 droplet at (50, 50). Move this droplet to the left by 10 grid cells. Rotationally mix the moved droplet for 2 rotations. Then move the mixed droplet downward by 5 grid cells."
deepseek-v4-flash/depth3/deepseek-v4-flash-depth3-case5-run1.gif,"At (60, 60), perform a downward squeeze operation with squeeze count 1, using a 3×3 source droplet. Rotationally mix the squeezed droplet for 4 rotations. Then move the mixed droplet to the right by 15 grid cells."
deepseek-v4-flash/depth3/deepseek-v4-flash-depth3-case5-run1.json,"At (60, 60), perform a downward squeeze operation with squeeze count 1, using a 3×3 source droplet. Rotationally mix the squeezed droplet for 4 rotations. Then move the mixed droplet to the right by 15 grid cells."
deepseek-v4-flash/depth3/deepseek-v4-flash-depth3-case5-run1.txt,"At (60, 60), perform a downward squeeze operation with squeeze count 1, using a 3×3 source droplet. Rotationally mix the squeezed droplet for 4 rotations. Then move the mixed droplet to the right by 15 grid cells."
deepseek-v4-flash/depth3/deepseek-v4-flash-depth3-case5-run2.gif,"At (60, 60), perform a downward squeeze operation with squeeze count 1, using a 3×3 source droplet. Rotationally mix the squeezed droplet for 4 rotations. Then move the mixed droplet to the right by 15 grid cells."
deepseek-v4-flash/depth3/deepseek-v4-flash-depth3-case5-run2.json,"At (60, 60), perform a downward squeeze operation with squeeze count 1, using a 3×3 source droplet. Rotationally mix the squeezed droplet for 4 rotations. Then move the mixed droplet to the right by 15 grid cells."
deepseek-v4-flash/depth3/deepseek-v4-flash-depth3-case5-run2.txt,"At (60, 60), perform a downward squeeze operation with squeeze count 1, using a 3×3 source droplet. Rotationally mix the squeezed droplet for 4 rotations. Then move the mixed droplet to the right by 15 grid cells."
deepseek-v4-flash/depth3/deepseek-v4-flash-depth3-case5-run3.gif,"At (60, 60), perform a downward squeeze operation with squeeze count 1, using a 3×3 source droplet. Rotationally mix the squeezed droplet for 4 rotations. Then move the mixed droplet to the right by 15 grid cells."
deepseek-v4-flash/depth3/deepseek-v4-flash-depth3-case5-run3.json,"At (60, 60), perform a downward squeeze operation with squeeze count 1, using a 3×3 source droplet. Rotationally mix the squeezed droplet for 4 rotations. Then move the mixed droplet to the right by 15 grid cells."
deepseek-v4-flash/depth3/deepseek-v4-flash-depth3-case5-run3.txt,"At (60, 60), perform a downward squeeze operation with squeeze count 1, using a 3×3 source droplet. Rotationally mix the squeezed droplet for 4 rotations. Then move the mixed droplet to the right by 15 grid cells."
deepseek-v4-flash/depth3/deepseek-v4-flash-depth3-case5-run4.gif,"At (60, 60), perform a downward squeeze operation with squeeze count 1, using a 3×3 source droplet. Rotationally mix the squeezed droplet for 4 rotations. Then move the mixed droplet to the right by 15 grid cells."
deepseek-v4-flash/depth3/deepseek-v4-flash-depth3-case5-run4.json,"At (60, 60), perform a downward squeeze operation with squeeze count 1, using a 3×3 source droplet. Rotationally mix the squeezed droplet for 4 rotations. Then move the mixed droplet to the right by 15 grid cells."
deepseek-v4-flash/depth3/deepseek-v4-flash-depth3-case5-run4.txt,"At (60, 60), perform a downward squeeze operation with squeeze count 1, using a 3×3 source droplet. Rotationally mix the squeezed droplet for 4 rotations. Then move the mixed droplet to the right by 15 grid cells."
deepseek-v4-flash/depth3/deepseek-v4-flash-depth3-case5-run5.gif,"At (60, 60), perform a downward squeeze operation with squeeze count 1, using a 3×3 source droplet. Rotationally mix the squeezed droplet for 4 rotations. Then move the mixed droplet to the right by 15 grid cells."
deepseek-v4-flash/depth3/deepseek-v4-flash-depth3-case5-run5.json,"At (60, 60), perform a downward squeeze operation with squeeze count 1, using a 3×3 source droplet. Rotationally mix the squeezed droplet for 4 rotations. Then move the mixed droplet to the right by 15 grid cells."
deepseek-v4-flash/depth3/deepseek-v4-flash-depth3-case5-run5.txt,"At (60, 60), perform a downward squeeze operation with squeeze count 1, using a 3×3 source droplet. Rotationally mix the squeezed droplet for 4 rotations. Then move the mixed droplet to the right by 15 grid cells."
deepseek-v4-flash/depth4/deepseek-v4-flash-depth4-case1-run1.gif,"At (30, 20), perform a rightward squeeze operation with squeeze count 1, using a 2×2 source droplet. At (30, 40), perform another rightward squeeze operation with squeeze count 1, using a 2×2 source droplet. Move the droplet squeezed from (30, 40) upward by 10 grid cells. Then merge it with the droplet squeezed from (30, 20)."
deepseek-v4-flash/depth4/deepseek-v4-flash-depth4-case1-run1.json,"At (30, 20), perform a rightward squeeze operation with squeeze count 1, using a 2×2 source droplet. At (30, 40), perform another rightward squeeze operation with squeeze count 1, using a 2×2 source droplet. Move the droplet squeezed from (30, 40) upward by 10 grid cells. Then merge it with the droplet squeezed from (30, 20)."
deepseek-v4-flash/depth4/deepseek-v4-flash-depth4-case1-run1.txt,"At (30, 20), perform a rightward squeeze operation with squeeze count 1, using a 2×2 source droplet. At (30, 40), perform another rightward squeeze operation with squeeze count 1, using a 2×2 source droplet. Move the droplet squeezed from (30, 40) upward by 10 grid cells. Then merge it with the droplet squeezed from (30, 20)."
deepseek-v4-flash/depth4/deepseek-v4-flash-depth4-case1-run2.gif,"At (30, 20), perform a rightward squeeze operation with squeeze count 1, using a 2×2 source droplet. At (30, 40), perform another rightward squeeze operation with squeeze count 1, using a 2×2 source droplet. Move the droplet squeezed from (30, 40) upward by 10 grid cells. Then merge it with the droplet squeezed from (30, 20)."
deepseek-v4-flash/depth4/deepseek-v4-flash-depth4-case1-run2.json,"At (30, 20), perform a rightward squeeze operation with squeeze count 1, using a 2×2 source droplet. At (30, 40), perform another rightward squeeze operation with squeeze count 1, using a 2×2 source droplet. Move the droplet squeezed from (30, 40) upward by 10 grid cells. Then merge it with the droplet squeezed from (30, 20)."
deepseek-v4-flash/depth4/deepseek-v4-flash-depth4-case1-run2.txt,"At (30, 20), perform a rightward squeeze operation with squeeze count 1, using a 2×2 source droplet. At (30, 40), perform another rightward squeeze operation with squeeze count 1, using a 2×2 source droplet. Move the droplet squeezed from (30, 40) upward by 10 grid cells. Then merge it with the droplet squeezed from (30, 20)."
deepseek-v4-flash/depth4/deepseek-v4-flash-depth4-case1-run3.gif,"At (30, 20), perform a rightward squeeze operation with squeeze count 1, using a 2×2 source droplet. At (30, 40), perform another rightward squeeze operation with squeeze count 1, using a 2×2 source droplet. Move the droplet squeezed from (30, 40) upward by 10 grid cells. Then merge it with the droplet squeezed from (30, 20)."
deepseek-v4-flash/depth4/deepseek-v4-flash-depth4-case1-run3.json,"At (30, 20), perform a rightward squeeze operation with squeeze count 1, using a 2×2 source droplet. At (30, 40), perform another rightward squeeze operation with squeeze count 1, using a 2×2 source droplet. Move the droplet squeezed from (30, 40) upward by 10 grid cells. Then merge it with the droplet squeezed from (30, 20)."
deepseek-v4-flash/depth4/deepseek-v4-flash-depth4-case1-run3.txt,"At (30, 20), perform a rightward squeeze operation with squeeze count 1, using a 2×2 source droplet. At (30, 40), perform another rightward squeeze operation with squeeze count 1, using a 2×2 source droplet. Move the droplet squeezed from (30, 40) upward by 10 grid cells. Then merge it with the droplet squeezed from (30, 20)."
deepseek-v4-flash/depth4/deepseek-v4-flash-depth4-case1-run4.gif,"At (30, 20), perform a rightward squeeze operation with squeeze count 1, using a 2×2 source droplet. At (30, 40), perform another rightward squeeze operation with squeeze count 1, using a 2×2 source droplet. Move the droplet squeezed from (30, 40) upward by 10 grid cells. Then merge it with the droplet squeezed from (30, 20)."
deepseek-v4-flash/depth4/deepseek-v4-flash-depth4-case1-run4.json,"At (30, 20), perform a rightward squeeze operation with squeeze count 1, using a 2×2 source droplet. At (30, 40), perform another rightward squeeze operation with squeeze count 1, using a 2×2 source droplet. Move the droplet squeezed from (30, 40) upward by 10 grid cells. Then merge it with the droplet squeezed from (30, 20)."
deepseek-v4-flash/depth4/deepseek-v4-flash-depth4-case1-run4.txt,"At (30, 20), perform a rightward squeeze operation with squeeze count 1, using a 2×2 source droplet. At (30, 40), perform another rightward squeeze operation with squeeze count 1, using a 2×2 source droplet. Move the droplet squeezed from (30, 40) upward by 10 grid cells. Then merge it with the droplet squeezed from (30, 20)."
deepseek-v4-flash/depth4/deepseek-v4-flash-depth4-case1-run5.gif,"At (30, 20), perform a rightward squeeze operation with squeeze count 1, using a 2×2 source droplet. At (30, 40), perform another rightward squeeze operation with squeeze count 1, using a 2×2 source droplet. Move the droplet squeezed from (30, 40) upward by 10 grid cells. Then merge it with the droplet squeezed from (30, 20)."
deepseek-v4-flash/depth4/deepseek-v4-flash-depth4-case1-run5.json,"At (30, 20), perform a rightward squeeze operation with squeeze count 1, using a 2×2 source droplet. At (30, 40), perform another rightward squeeze operation with squeeze count 1, using a 2×2 source droplet. Move the droplet squeezed from (30, 40) upward by 10 grid cells. Then merge it with the droplet squeezed from (30, 20)."
deepseek-v4-flash/depth4/deepseek-v4-flash-depth4-case1-run5.txt,"At (30, 20), perform a rightward squeeze operation with squeeze count 1, using a 2×2 source droplet. At (30, 40), perform another rightward squeeze operation with squeeze count 1, using a 2×2 source droplet. Move the droplet squeezed from (30, 40) upward by 10 grid cells. Then merge it with the droplet squeezed from (30, 20)."
deepseek-v4-flash/depth4/deepseek-v4-flash-depth4-case2-run1.gif,"At (50, 53), perform an upward squeeze operation with squeeze count 1, using a 3×3 source droplet. Move the squeezed droplet to the right by 10 grid cells. Rotationally mix the moved droplet for 3 rotations. Then move the mixed droplet downward by 5 grid cells."
deepseek-v4-flash/depth4/deepseek-v4-flash-depth4-case2-run1.json,"At (50, 53), perform an upward squeeze operation with squeeze count 1, using a 3×3 source droplet. Move the squeezed droplet to the right by 10 grid cells. Rotationally mix the moved droplet for 3 rotations. Then move the mixed droplet downward by 5 grid cells."
deepseek-v4-flash/depth4/deepseek-v4-flash-depth4-case2-run1.txt,"At (50, 53), perform an upward squeeze operation with squeeze count 1, using a 3×3 source droplet. Move the squeezed droplet to the right by 10 grid cells. Rotationally mix the moved droplet for 3 rotations. Then move the mixed droplet downward by 5 grid cells."
deepseek-v4-flash/depth4/deepseek-v4-flash-depth4-case2-run2.gif,"At (50, 53), perform an upward squeeze operation with squeeze count 1, using a 3×3 source droplet. Move the squeezed droplet to the right by 10 grid cells. Rotationally mix the moved droplet for 3 rotations. Then move the mixed droplet downward by 5 grid cells."
deepseek-v4-flash/depth4/deepseek-v4-flash-depth4-case2-run2.json,"At (50, 53), perform an upward squeeze operation with squeeze count 1, using a 3×3 source droplet. Move the squeezed droplet to the right by 10 grid cells. Rotationally mix the moved droplet for 3 rotations. Then move the mixed droplet downward by 5 grid cells."
deepseek-v4-flash/depth4/deepseek-v4-flash-depth4-case2-run2.txt,"At (50, 53), perform an upward squeeze operation with squeeze count 1, using a 3×3 source droplet. Move the squeezed droplet to the right by 10 grid cells. Rotationally mix the moved droplet for 3 rotations. Then move the mixed droplet downward by 5 grid cells."
deepseek-v4-flash/depth4/deepseek-v4-flash-depth4-case2-run3.gif,"At (50, 53), perform an upward squeeze operation with squeeze count 1, using a 3×3 source droplet. Move the squeezed droplet to the right by 10 grid cells. Rotationally mix the moved droplet for 3 rotations. Then move the mixed droplet downward by 5 grid cells."
deepseek-v4-flash/depth4/deepseek-v4-flash-depth4-case2-run3.json,"At (50, 53), perform an upward squeeze operation with squeeze count 1, using a 3×3 source droplet. Move the squeezed droplet to the right by 10 grid cells. Rotationally mix the moved droplet for 3 rotations. Then move the mixed droplet downward by 5 grid cells."
deepseek-v4-flash/depth4/deepseek-v4-flash-depth4-case2-run3.txt,"At (50, 53), perform an upward squeeze operation with squeeze count 1, using a 3×3 source droplet. Move the squeezed droplet to the right by 10 grid cells. Rotationally mix the moved droplet for 3 rotations. Then move the mixed droplet downward by 5 grid cells."
deepseek-v4-flash/depth4/deepseek-v4-flash-depth4-case2-run4.gif,"At (50, 53), perform an upward squeeze operation with squeeze count 1, using a 3×3 source droplet. Move the squeezed droplet to the right by 10 grid cells. Rotationally mix the moved droplet for 3 rotations. Then move the mixed droplet downward by 5 grid cells."
deepseek-v4-flash/depth4/deepseek-v4-flash-depth4-case2-run4.json,"At (50, 53), perform an upward squeeze operation with squeeze count 1, using a 3×3 source droplet. Move the squeezed droplet to the right by 10 grid cells. Rotationally mix the moved droplet for 3 rotations. Then move the mixed droplet downward by 5 grid cells."
deepseek-v4-flash/depth4/deepseek-v4-flash-depth4-case2-run4.txt,"At (50, 53), perform an upward squeeze operation with squeeze count 1, using a 3×3 source droplet. Move the squeezed droplet to the right by 10 grid cells. Rotationally mix the moved droplet for 3 rotations. Then move the mixed droplet downward by 5 grid cells."
deepseek-v4-flash/depth4/deepseek-v4-flash-depth4-case2-run5.gif,"At (50, 53), perform an upward squeeze operation with squeeze count 1, using a 3×3 source droplet. Move the squeezed droplet to the right by 10 grid cells. Rotationally mix the moved droplet for 3 rotations. Then move the mixed droplet downward by 5 grid cells."
deepseek-v4-flash/depth4/deepseek-v4-flash-depth4-case2-run5.json,"At (50, 53), perform an upward squeeze operation with squeeze count 1, using a 3×3 source droplet. Move the squeezed droplet to the right by 10 grid cells. Rotationally mix the moved droplet for 3 rotations. Then move the mixed droplet downward by 5 grid cells."
deepseek-v4-flash/depth4/deepseek-v4-flash-depth4-case2-run5.txt,"At (50, 53), perform an upward squeeze operation with squeeze count 1, using a 3×3 source droplet. Move the squeezed droplet to the right by 10 grid cells. Rotationally mix the moved droplet for 3 rotations. Then move the mixed droplet downward by 5 grid cells."
deepseek-v4-flash/depth4/deepseek-v4-flash-depth4-case3-run1.json,"Initially, there is one 2×2 droplet at (44, 40). At (40, 40), perform a rightward squeeze operation with squeeze count 1, using a 2×2 source droplet. Merge the squeezed droplet with the pre-existing 2×2 droplet at (44, 40). Rotationally mix the merged droplet for 2 rotations. Then move the mixed droplet to the left by 12 grid cells."
deepseek-v4-flash/depth4/deepseek-v4-flash-depth4-case3-run2.gif,"Initially, there is one 2×2 droplet at (44, 40). At (40, 40), perform a rightward squeeze operation with squeeze count 1, using a 2×2 source droplet. Merge the squeezed droplet with the pre-existing 2×2 droplet at (44, 40). Rotationally mix the merged droplet for 2 rotations. Then move the mixed droplet to the left by 12 grid cells."
deepseek-v4-flash/depth4/deepseek-v4-flash-depth4-case3-run2.json,"Initially, there is one 2×2 droplet at (44, 40). At (40, 40), perform a rightward squeeze operation with squeeze count 1, using a 2×2 source droplet. Merge the squeezed droplet with the pre-existing 2×2 droplet at (44, 40). Rotationally mix the merged droplet for 2 rotations. Then move the mixed droplet to the left by 12 grid cells."
deepseek-v4-flash/depth4/deepseek-v4-flash-depth4-case3-run2.txt,"Initially, there is one 2×2 droplet at (44, 40). At (40, 40), perform a rightward squeeze operation with squeeze count 1, using a 2×2 source droplet. Merge the squeezed droplet with the pre-existing 2×2 droplet at (44, 40). Rotationally mix the merged droplet for 2 rotations. Then move the mixed droplet to the left by 12 grid cells."
deepseek-v4-flash/depth4/deepseek-v4-flash-depth4-case3-run3.gif,"Initially, there is one 2×2 droplet at (44, 40). At (40, 40), perform a rightward squeeze operation with squeeze count 1, using a 2×2 source droplet. Merge the squeezed droplet with the pre-existing 2×2 droplet at (44, 40). Rotationally mix the merged droplet for 2 rotations. Then move the mixed droplet to the left by 12 grid cells."
deepseek-v4-flash/depth4/deepseek-v4-flash-depth4-case3-run3.json,"Initially, there is one 2×2 droplet at (44, 40). At (40, 40), perform a rightward squeeze operation with squeeze count 1, using a 2×2 source droplet. Merge the squeezed droplet with the pre-existing 2×2 droplet at (44, 40). Rotationally mix the merged droplet for 2 rotations. Then move the mixed droplet to the left by 12 grid cells."
deepseek-v4-flash/depth4/deepseek-v4-flash-depth4-case3-run3.txt,"Initially, there is one 2×2 droplet at (44, 40). At (40, 40), perform a rightward squeeze operation with squeeze count 1, using a 2×2 source droplet. Merge the squeezed droplet with the pre-existing 2×2 droplet at (44, 40). Rotationally mix the merged droplet for 2 rotations. Then move the mixed droplet to the left by 12 grid cells."
deepseek-v4-flash/depth4/deepseek-v4-flash-depth4-case3-run4.json,"Initially, there is one 2×2 droplet at (44, 40). At (40, 40), perform a rightward squeeze operation with squeeze count 1, using a 2×2 source droplet. Merge the squeezed droplet with the pre-existing 2×2 droplet at (44, 40). Rotationally mix the merged droplet for 2 rotations. Then move the mixed droplet to the left by 12 grid cells."
deepseek-v4-flash/depth4/deepseek-v4-flash-depth4-case3-run5.gif,"Initially, there is one 2×2 droplet at (44, 40). At (40, 40), perform a rightward squeeze operation with squeeze count 1, using a 2×2 source droplet. Merge the squeezed droplet with the pre-existing 2×2 droplet at (44, 40). Rotationally mix the merged droplet for 2 rotations. Then move the mixed droplet to the left by 12 grid cells."
deepseek-v4-flash/depth4/deepseek-v4-flash-depth4-case3-run5.json,"Initially, there is one 2×2 droplet at (44, 40). At (40, 40), perform a rightward squeeze operation with squeeze count 1, using a 2×2 source droplet. Merge the squeezed droplet with the pre-existing 2×2 droplet at (44, 40). Rotationally mix the merged droplet for 2 rotations. Then move the mixed droplet to the left by 12 grid cells."
deepseek-v4-flash/depth4/deepseek-v4-flash-depth4-case3-run5.txt,"Initially, there is one 2×2 droplet at (44, 40). At (40, 40), perform a rightward squeeze operation with squeeze count 1, using a 2×2 source droplet. Merge the squeezed droplet with the pre-existing 2×2 droplet at (44, 40). Rotationally mix the merged droplet for 2 rotations. Then move the mixed droplet to the left by 12 grid cells."
deepseek-v4-flash/depth4/deepseek-v4-flash-depth4-case4-run1.json,"Initially, there is one 1×2 droplet at (60, 66). At (70, 70), perform a leftward squeeze operation with squeeze count 1, using a 2×2 source droplet. Merge the squeezed droplet with the pre-existing 1×2 droplet at (60, 66). Rotationally mix the merged droplet for 2 rotations. Then move the mixed droplet downward by 5 grid cells."
deepseek-v4-flash/depth4/deepseek-v4-flash-depth4-case4-run2.gif,"Initially, there is one 1×2 droplet at (60, 66). At (70, 70), perform a leftward squeeze operation with squeeze count 1, using a 2×2 source droplet. Merge the squeezed droplet with the pre-existing 1×2 droplet at (60, 66). Rotationally mix the merged droplet for 2 rotations. Then move the mixed droplet downward by 5 grid cells."
deepseek-v4-flash/depth4/deepseek-v4-flash-depth4-case4-run2.json,"Initially, there is one 1×2 droplet at (60, 66). At (70, 70), perform a leftward squeeze operation with squeeze count 1, using a 2×2 source droplet. Merge the squeezed droplet with the pre-existing 1×2 droplet at (60, 66). Rotationally mix the merged droplet for 2 rotations. Then move the mixed droplet downward by 5 grid cells."
deepseek-v4-flash/depth4/deepseek-v4-flash-depth4-case4-run2.txt,"Initially, there is one 1×2 droplet at (60, 66). At (70, 70), perform a leftward squeeze operation with squeeze count 1, using a 2×2 source droplet. Merge the squeezed droplet with the pre-existing 1×2 droplet at (60, 66). Rotationally mix the merged droplet for 2 rotations. Then move the mixed droplet downward by 5 grid cells."
deepseek-v4-flash/depth4/deepseek-v4-flash-depth4-case4-run3.gif,"Initially, there is one 1×2 droplet at (60, 66). At (70, 70), perform a leftward squeeze operation with squeeze count 1, using a 2×2 source droplet. Merge the squeezed droplet with the pre-existing 1×2 droplet at (60, 66). Rotationally mix the merged droplet for 2 rotations. Then move the mixed droplet downward by 5 grid cells."
deepseek-v4-flash/depth4/deepseek-v4-flash-depth4-case4-run3.json,"Initially, there is one 1×2 droplet at (60, 66). At (70, 70), perform a leftward squeeze operation with squeeze count 1, using a 2×2 source droplet. Merge the squeezed droplet with the pre-existing 1×2 droplet at (60, 66). Rotationally mix the merged droplet for 2 rotations. Then move the mixed droplet downward by 5 grid cells."
deepseek-v4-flash/depth4/deepseek-v4-flash-depth4-case4-run3.txt,"Initially, there is one 1×2 droplet at (60, 66). At (70, 70), perform a leftward squeeze operation with squeeze count 1, using a 2×2 source droplet. Merge the squeezed droplet with the pre-existing 1×2 droplet at (60, 66). Rotationally mix the merged droplet for 2 rotations. Then move the mixed droplet downward by 5 grid cells."
deepseek-v4-flash/depth4/deepseek-v4-flash-depth4-case4-run4.json,"Initially, there is one 1×2 droplet at (60, 66). At (70, 70), perform a leftward squeeze operation with squeeze count 1, using a 2×2 source droplet. Merge the squeezed droplet with the pre-existing 1×2 droplet at (60, 66). Rotationally mix the merged droplet for 2 rotations. Then move the mixed droplet downward by 5 grid cells."
deepseek-v4-flash/depth4/deepseek-v4-flash-depth4-case4-run5.json,"Initially, there is one 1×2 droplet at (60, 66). At (70, 70), perform a leftward squeeze operation with squeeze count 1, using a 2×2 source droplet. Merge the squeezed droplet with the pre-existing 1×2 droplet at (60, 66). Rotationally mix the merged droplet for 2 rotations. Then move the mixed droplet downward by 5 grid cells."
deepseek-v4-flash/depth4/deepseek-v4-flash-depth4-case5-run1.gif,"At (20, 20), perform a rightward squeeze operation with squeeze count 4, using a 2×2 source droplet. At (20, 40), perform another rightward squeeze operation with squeeze count 4, using a 2×2 source droplet. Move all four droplets squeezed from (20, 20) downward by 10 grid cells. Pairwise merge each of these four moved droplets with the corresponding droplet squeezed from (20, 40), producing four merged droplets. Then rotationally mix each of the four merged droplets for 3 rotations."
deepseek-v4-flash/depth4/deepseek-v4-flash-depth4-case5-run1.json,"At (20, 20), perform a rightward squeeze operation with squeeze count 4, using a 2×2 source droplet. At (20, 40), perform another rightward squeeze operation with squeeze count 4, using a 2×2 source droplet. Move all four droplets squeezed from (20, 20) downward by 10 grid cells. Pairwise merge each of these four moved droplets with the corresponding droplet squeezed from (20, 40), producing four merged droplets. Then rotationally mix each of the four merged droplets for 3 rotations."
deepseek-v4-flash/depth4/deepseek-v4-flash-depth4-case5-run1.txt,"At (20, 20), perform a rightward squeeze operation with squeeze count 4, using a 2×2 source droplet. At (20, 40), perform another rightward squeeze operation with squeeze count 4, using a 2×2 source droplet. Move all four droplets squeezed from (20, 20) downward by 10 grid cells. Pairwise merge each of these four moved droplets with the corresponding droplet squeezed from (20, 40), producing four merged droplets. Then rotationally mix each of the four merged droplets for 3 rotations."
deepseek-v4-flash/depth4/deepseek-v4-flash-depth4-case5-run2.gif,"At (20, 20), perform a rightward squeeze operation with squeeze count 4, using a 2×2 source droplet. At (20, 40), perform another rightward squeeze operation with squeeze count 4, using a 2×2 source droplet. Move all four droplets squeezed from (20, 20) downward by 10 grid cells. Pairwise merge each of these four moved droplets with the corresponding droplet squeezed from (20, 40), producing four merged droplets. Then rotationally mix each of the four merged droplets for 3 rotations."
deepseek-v4-flash/depth4/deepseek-v4-flash-depth4-case5-run2.json,"At (20, 20), perform a rightward squeeze operation with squeeze count 4, using a 2×2 source droplet. At (20, 40), perform another rightward squeeze operation with squeeze count 4, using a 2×2 source droplet. Move all four droplets squeezed from (20, 20) downward by 10 grid cells. Pairwise merge each of these four moved droplets with the corresponding droplet squeezed from (20, 40), producing four merged droplets. Then rotationally mix each of the four merged droplets for 3 rotations."
deepseek-v4-flash/depth4/deepseek-v4-flash-depth4-case5-run2.txt,"At (20, 20), perform a rightward squeeze operation with squeeze count 4, using a 2×2 source droplet. At (20, 40), perform another rightward squeeze operation with squeeze count 4, using a 2×2 source droplet. Move all four droplets squeezed from (20, 20) downward by 10 grid cells. Pairwise merge each of these four moved droplets with the corresponding droplet squeezed from (20, 40), producing four merged droplets. Then rotationally mix each of the four merged droplets for 3 rotations."
deepseek-v4-flash/depth4/deepseek-v4-flash-depth4-case5-run3.gif,"At (20, 20), perform a rightward squeeze operation with squeeze count 4, using a 2×2 source droplet. At (20, 40), perform another rightward squeeze operation with squeeze count 4, using a 2×2 source droplet. Move all four droplets squeezed from (20, 20) downward by 10 grid cells. Pairwise merge each of these four moved droplets with the corresponding droplet squeezed from (20, 40), producing four merged droplets. Then rotationally mix each of the four merged droplets for 3 rotations."
deepseek-v4-flash/depth4/deepseek-v4-flash-depth4-case5-run3.json,"At (20, 20), perform a rightward squeeze operation with squeeze count 4, using a 2×2 source droplet. At (20, 40), perform another rightward squeeze operation with squeeze count 4, using a 2×2 source droplet. Move all four droplets squeezed from (20, 20) downward by 10 grid cells. Pairwise merge each of these four moved droplets with the corresponding droplet squeezed from (20, 40), producing four merged droplets. Then rotationally mix each of the four merged droplets for 3 rotations."
deepseek-v4-flash/depth4/deepseek-v4-flash-depth4-case5-run3.txt,"At (20, 20), perform a rightward squeeze operation with squeeze count 4, using a 2×2 source droplet. At (20, 40), perform another rightward squeeze operation with squeeze count 4, using a 2×2 source droplet. Move all four droplets squeezed from (20, 20) downward by 10 grid cells. Pairwise merge each of these four moved droplets with the corresponding droplet squeezed from (20, 40), producing four merged droplets. Then rotationally mix each of the four merged droplets for 3 rotations."
deepseek-v4-flash/depth4/deepseek-v4-flash-depth4-case5-run4.gif,"At (20, 20), perform a rightward squeeze operation with squeeze count 4, using a 2×2 source droplet. At (20, 40), perform another rightward squeeze operation with squeeze count 4, using a 2×2 source droplet. Move all four droplets squeezed from (20, 20) downward by 10 grid cells. Pairwise merge each of these four moved droplets with the corresponding droplet squeezed from (20, 40), producing four merged droplets. Then rotationally mix each of the four merged droplets for 3 rotations."
deepseek-v4-flash/depth4/deepseek-v4-flash-depth4-case5-run4.json,"At (20, 20), perform a rightward squeeze operation with squeeze count 4, using a 2×2 source droplet. At (20, 40), perform another rightward squeeze operation with squeeze count 4, using a 2×2 source droplet. Move all four droplets squeezed from (20, 20) downward by 10 grid cells. Pairwise merge each of these four moved droplets with the corresponding droplet squeezed from (20, 40), producing four merged droplets. Then rotationally mix each of the four merged droplets for 3 rotations."
deepseek-v4-flash/depth4/deepseek-v4-flash-depth4-case5-run4.txt,"At (20, 20), perform a rightward squeeze operation with squeeze count 4, using a 2×2 source droplet. At (20, 40), perform another rightward squeeze operation with squeeze count 4, using a 2×2 source droplet. Move all four droplets squeezed from (20, 20) downward by 10 grid cells. Pairwise merge each of these four moved droplets with the corresponding droplet squeezed from (20, 40), producing four merged droplets. Then rotationally mix each of the four merged droplets for 3 rotations."
deepseek-v4-flash/depth4/deepseek-v4-flash-depth4-case5-run5.json,"At (20, 20), perform a rightward squeeze operation with squeeze count 4, using a 2×2 source droplet. At (20, 40), perform another rightward squeeze operation with squeeze count 4, using a 2×2 source droplet. Move all four droplets squeezed from (20, 20) downward by 10 grid cells. Pairwise merge each of these four moved droplets with the corresponding droplet squeezed from (20, 40), producing four merged droplets. Then rotationally mix each of the four merged droplets for 3 rotations."
glm-5.3/depth1/glm-5.3-depth1-case1-run1.gif,"Generate 1 1×1 droplet at (30, 30) by squeezing to the right."
glm-5.3/depth1/glm-5.3-depth1-case1-run1.json,"Generate 1 1×1 droplet at (30, 30) by squeezing to the right."
glm-5.3/depth1/glm-5.3-depth1-case1-run1.txt,"Generate 1 1×1 droplet at (30, 30) by squeezing to the right."
glm-5.3/depth1/glm-5.3-depth1-case1-run2.gif,"Generate 1 1×1 droplet at (30, 30) by squeezing to the right."
glm-5.3/depth1/glm-5.3-depth1-case1-run2.json,"Generate 1 1×1 droplet at (30, 30) by squeezing to the right."
glm-5.3/depth1/glm-5.3-depth1-case1-run2.txt,"Generate 1 1×1 droplet at (30, 30) by squeezing to the right."
glm-5.3/depth1/glm-5.3-depth1-case1-run3.gif,"Generate 1 1×1 droplet at (30, 30) by squeezing to the right."
glm-5.3/depth1/glm-5.3-depth1-case1-run3.json,"Generate 1 1×1 droplet at (30, 30) by squeezing to the right."
glm-5.3/depth1/glm-5.3-depth1-case1-run3.txt,"Generate 1 1×1 droplet at (30, 30) by squeezing to the right."
glm-5.3/depth1/glm-5.3-depth1-case1-run4.json,"Generate 1 1×1 droplet at (30, 30) by squeezing to the right."
glm-5.3/depth1/glm-5.3-depth1-case1-run5.gif,"Generate 1 1×1 droplet at (30, 30) by squeezing to the right."
glm-5.3/depth1/glm-5.3-depth1-case1-run5.json,"Generate 1 1×1 droplet at (30, 30) by squeezing to the right."
glm-5.3/depth1/glm-5.3-depth1-case1-run5.txt,"Generate 1 1×1 droplet at (30, 30) by squeezing to the right."
glm-5.3/depth1/glm-5.3-depth1-case2-run1.gif,"Generate 2 1×1 droplets at (10, 10) by squeezing to the right."
glm-5.3/depth1/glm-5.3-depth1-case2-run1.json,"Generate 2 1×1 droplets at (10, 10) by squeezing to the right."
glm-5.3/depth1/glm-5.3-depth1-case2-run1.txt,"Generate 2 1×1 droplets at (10, 10) by squeezing to the right."
glm-5.3/depth1/glm-5.3-depth1-case2-run2.gif,"Generate 2 1×1 droplets at (10, 10) by squeezing to the right."
glm-5.3/depth1/glm-5.3-depth1-case2-run2.json,"Generate 2 1×1 droplets at (10, 10) by squeezing to the right."
glm-5.3/depth1/glm-5.3-depth1-case2-run2.txt,"Generate 2 1×1 droplets at (10, 10) by squeezing to the right."
glm-5.3/depth1/glm-5.3-depth1-case2-run3.gif,"Generate 2 1×1 droplets at (10, 10) by squeezing to the right."
glm-5.3/depth1/glm-5.3-depth1-case2-run3.json,"Generate 2 1×1 droplets at (10, 10) by squeezing to the right."
glm-5.3/depth1/glm-5.3-depth1-case2-run3.txt,"Generate 2 1×1 droplets at (10, 10) by squeezing to the right."
glm-5.3/depth1/glm-5.3-depth1-case2-run4.gif,"Generate 2 1×1 droplets at (10, 10) by squeezing to the right."
glm-5.3/depth1/glm-5.3-depth1-case2-run4.json,"Generate 2 1×1 droplets at (10, 10) by squeezing to the right."
glm-5.3/depth1/glm-5.3-depth1-case2-run4.txt,"Generate 2 1×1 droplets at (10, 10) by squeezing to the right."
glm-5.3/depth1/glm-5.3-depth1-case2-run5.gif,"Generate 2 1×1 droplets at (10, 10) by squeezing to the right."
glm-5.3/depth1/glm-5.3-depth1-case2-run5.json,"Generate 2 1×1 droplets at (10, 10) by squeezing to the right."
glm-5.3/depth1/glm-5.3-depth1-case2-run5.txt,"Generate 2 1×1 droplets at (10, 10) by squeezing to the right."
glm-5.3/depth1/glm-5.3-depth1-case3-run1.gif,"Merge the 1×1 droplet located at (10, 10) with the 1×1 droplet located at (15, 10)."
glm-5.3/depth1/glm-5.3-depth1-case3-run1.json,"Merge the 1×1 droplet located at (10, 10) with the 1×1 droplet located at (15, 10)."
glm-5.3/depth1/glm-5.3-depth1-case3-run1.txt,"Merge the 1×1 droplet located at (10, 10) with the 1×1 droplet located at (15, 10)."
glm-5.3/depth1/glm-5.3-depth1-case3-run2.gif,"Merge the 1×1 droplet located at (10, 10) with the 1×1 droplet located at (15, 10)."
glm-5.3/depth1/glm-5.3-depth1-case3-run2.json,"Merge the 1×1 droplet located at (10, 10) with the 1×1 droplet located at (15, 10)."
glm-5.3/depth1/glm-5.3-depth1-case3-run2.txt,"Merge the 1×1 droplet located at (10, 10) with the 1×1 droplet located at (15, 10)."
glm-5.3/depth1/glm-5.3-depth1-case3-run3.gif,"Merge the 1×1 droplet located at (10, 10) with the 1×1 droplet located at (15, 10)."
glm-5.3/depth1/glm-5.3-depth1-case3-run3.json,"Merge the 1×1 droplet located at (10, 10) with the 1×1 droplet located at (15, 10)."
glm-5.3/depth1/glm-5.3-depth1-case3-run3.txt,"Merge the 1×1 droplet located at (10, 10) with the 1×1 droplet located at (15, 10)."
glm-5.3/depth1/glm-5.3-depth1-case3-run4.gif,"Merge the 1×1 droplet located at (10, 10) with the 1×1 droplet located at (15, 10)."
glm-5.3/depth1/glm-5.3-depth1-case3-run4.json,"Merge the 1×1 droplet located at (10, 10) with the 1×1 droplet located at (15, 10)."
glm-5.3/depth1/glm-5.3-depth1-case3-run4.txt,"Merge the 1×1 droplet located at (10, 10) with the 1×1 droplet located at (15, 10)."
glm-5.3/depth1/glm-5.3-depth1-case3-run5.gif,"Merge the 1×1 droplet located at (10, 10) with the 1×1 droplet located at (15, 10)."
glm-5.3/depth1/glm-5.3-depth1-case3-run5.json,"Merge the 1×1 droplet located at (10, 10) with the 1×1 droplet located at (15, 10)."
glm-5.3/depth1/glm-5.3-depth1-case3-run5.txt,"Merge the 1×1 droplet located at (10, 10) with the 1×1 droplet located at (15, 10)."
glm-5.3/depth1/glm-5.3-depth1-case4-run1.gif,"Perform 2 cycles of rotational mixing on 1 droplet of size 1×1 located at (25, 25)."
glm-5.3/depth1/glm-5.3-depth1-case4-run1.json,"Perform 2 cycles of rotational mixing on 1 droplet of size 1×1 located at (25, 25)."
glm-5.3/depth1/glm-5.3-depth1-case4-run1.txt,"Perform 2 cycles of rotational mixing on 1 droplet of size 1×1 located at (25, 25)."
glm-5.3/depth1/glm-5.3-depth1-case4-run2.gif,"Perform 2 cycles of rotational mixing on 1 droplet of size 1×1 located at (25, 25)."
glm-5.3/depth1/glm-5.3-depth1-case4-run2.json,"Perform 2 cycles of rotational mixing on 1 droplet of size 1×1 located at (25, 25)."
glm-5.3/depth1/glm-5.3-depth1-case4-run2.txt,"Perform 2 cycles of rotational mixing on 1 droplet of size 1×1 located at (25, 25)."
glm-5.3/depth1/glm-5.3-depth1-case4-run3.gif,"Perform 2 cycles of rotational mixing on 1 droplet of size 1×1 located at (25, 25)."
glm-5.3/depth1/glm-5.3-depth1-case4-run3.json,"Perform 2 cycles of rotational mixing on 1 droplet of size 1×1 located at (25, 25)."
glm-5.3/depth1/glm-5.3-depth1-case4-run3.txt,"Perform 2 cycles of rotational mixing on 1 droplet of size 1×1 located at (25, 25)."
glm-5.3/depth1/glm-5.3-depth1-case4-run4.gif,"Perform 2 cycles of rotational mixing on 1 droplet of size 1×1 located at (25, 25)."
glm-5.3/depth1/glm-5.3-depth1-case4-run4.json,"Perform 2 cycles of rotational mixing on 1 droplet of size 1×1 located at (25, 25)."
glm-5.3/depth1/glm-5.3-depth1-case4-run4.txt,"Perform 2 cycles of rotational mixing on 1 droplet of size 1×1 located at (25, 25)."
glm-5.3/depth1/glm-5.3-depth1-case4-run5.gif,"Perform 2 cycles of rotational mixing on 1 droplet of size 1×1 located at (25, 25)."
glm-5.3/depth1/glm-5.3-depth1-case4-run5.json,"Perform 2 cycles of rotational mixing on 1 droplet of size 1×1 located at (25, 25)."
glm-5.3/depth1/glm-5.3-depth1-case4-run5.txt,"Perform 2 cycles of rotational mixing on 1 droplet of size 1×1 located at (25, 25)."
glm-5.3/depth1/glm-5.3-depth1-case5-run1.gif,"Move 1 droplet of size 1×1 located at (15, 15) 20 grid cells to the right."
glm-5.3/depth1/glm-5.3-depth1-case5-run1.json,"Move 1 droplet of size 1×1 located at (15, 15) 20 grid cells to the right."
glm-5.3/depth1/glm-5.3-depth1-case5-run1.txt,"Move 1 droplet of size 1×1 located at (15, 15) 20 grid cells to the right."
glm-5.3/depth1/glm-5.3-depth1-case5-run2.gif,"Move 1 droplet of size 1×1 located at (15, 15) 20 grid cells to the right."
glm-5.3/depth1/glm-5.3-depth1-case5-run2.json,"Move 1 droplet of size 1×1 located at (15, 15) 20 grid cells to the right."
glm-5.3/depth1/glm-5.3-depth1-case5-run2.txt,"Move 1 droplet of size 1×1 located at (15, 15) 20 grid cells to the right."
glm-5.3/depth1/glm-5.3-depth1-case5-run3.gif,"Move 1 droplet of size 1×1 located at (15, 15) 20 grid cells to the right."
glm-5.3/depth1/glm-5.3-depth1-case5-run3.json,"Move 1 droplet of size 1×1 located at (15, 15) 20 grid cells to the right."
glm-5.3/depth1/glm-5.3-depth1-case5-run3.txt,"Move 1 droplet of size 1×1 located at (15, 15) 20 grid cells to the right."
glm-5.3/depth1/glm-5.3-depth1-case5-run4.gif,"Move 1 droplet of size 1×1 located at (15, 15) 20 grid cells to the right."
glm-5.3/depth1/glm-5.3-depth1-case5-run4.json,"Move 1 droplet of size 1×1 located at (15, 15) 20 grid cells to the right."
glm-5.3/depth1/glm-5.3-depth1-case5-run4.txt,"Move 1 droplet of size 1×1 located at (15, 15) 20 grid cells to the right."
glm-5.3/depth1/glm-5.3-depth1-case5-run5.gif,"Move 1 droplet of size 1×1 located at (15, 15) 20 grid cells to the right."
glm-5.3/depth1/glm-5.3-depth1-case5-run5.json,"Move 1 droplet of size 1×1 located at (15, 15) 20 grid cells to the right."
glm-5.3/depth1/glm-5.3-depth1-case5-run5.txt,"Move 1 droplet of size 1×1 located at (15, 15) 20 grid cells to the right."
glm-5.3/depth2/glm-5.3-depth2-case1-run1.gif,"At (30, 30), perform a rightward squeeze operation with squeeze count 1, using a 2×2 source droplet. Then move the squeezed droplet upward by 10 grid cells."
glm-5.3/depth2/glm-5.3-depth2-case1-run1.json,"At (30, 30), perform a rightward squeeze operation with squeeze count 1, using a 2×2 source droplet. Then move the squeezed droplet upward by 10 grid cells."
glm-5.3/depth2/glm-5.3-depth2-case1-run1.txt,"At (30, 30), perform a rightward squeeze operation with squeeze count 1, using a 2×2 source droplet. Then move the squeezed droplet upward by 10 grid cells."
glm-5.3/depth2/glm-5.3-depth2-case1-run2.gif,"At (30, 30), perform a rightward squeeze operation with squeeze count 1, using a 2×2 source droplet. Then move the squeezed droplet upward by 10 grid cells."
glm-5.3/depth2/glm-5.3-depth2-case1-run2.json,"At (30, 30), perform a rightward squeeze operation with squeeze count 1, using a 2×2 source droplet. Then move the squeezed droplet upward by 10 grid cells."
glm-5.3/depth2/glm-5.3-depth2-case1-run2.txt,"At (30, 30), perform a rightward squeeze operation with squeeze count 1, using a 2×2 source droplet. Then move the squeezed droplet upward by 10 grid cells."
glm-5.3/depth2/glm-5.3-depth2-case1-run3.gif,"At (30, 30), perform a rightward squeeze operation with squeeze count 1, using a 2×2 source droplet. Then move the squeezed droplet upward by 10 grid cells."
glm-5.3/depth2/glm-5.3-depth2-case1-run3.json,"At (30, 30), perform a rightward squeeze operation with squeeze count 1, using a 2×2 source droplet. Then move the squeezed droplet upward by 10 grid cells."
glm-5.3/depth2/glm-5.3-depth2-case1-run3.txt,"At (30, 30), perform a rightward squeeze operation with squeeze count 1, using a 2×2 source droplet. Then move the squeezed droplet upward by 10 grid cells."
glm-5.3/depth2/glm-5.3-depth2-case1-run4.gif,"At (30, 30), perform a rightward squeeze operation with squeeze count 1, using a 2×2 source droplet. Then move the squeezed droplet upward by 10 grid cells."
glm-5.3/depth2/glm-5.3-depth2-case1-run4.json,"At (30, 30), perform a rightward squeeze operation with squeeze count 1, using a 2×2 source droplet. Then move the squeezed droplet upward by 10 grid cells."
glm-5.3/depth2/glm-5.3-depth2-case1-run4.txt,"At (30, 30), perform a rightward squeeze operation with squeeze count 1, using a 2×2 source droplet. Then move the squeezed droplet upward by 10 grid cells."
glm-5.3/depth2/glm-5.3-depth2-case1-run5.gif,"At (30, 30), perform a rightward squeeze operation with squeeze count 1, using a 2×2 source droplet. Then move the squeezed droplet upward by 10 grid cells."
glm-5.3/depth2/glm-5.3-depth2-case1-run5.json,"At (30, 30), perform a rightward squeeze operation with squeeze count 1, using a 2×2 source droplet. Then move the squeezed droplet upward by 10 grid cells."
glm-5.3/depth2/glm-5.3-depth2-case1-run5.txt,"At (30, 30), perform a rightward squeeze operation with squeeze count 1, using a 2×2 source droplet. Then move the squeezed droplet upward by 10 grid cells."
glm-5.3/depth2/glm-5.3-depth2-case2-run1.gif,"At (50, 50), perform a downward squeeze operation with squeeze count 1, using a 3×3 source droplet. Then rotationally mix the squeezed droplet for 3 rotations."
glm-5.3/depth2/glm-5.3-depth2-case2-run1.json,"At (50, 50), perform a downward squeeze operation with squeeze count 1, using a 3×3 source droplet. Then rotationally mix the squeezed droplet for 3 rotations."
glm-5.3/depth2/glm-5.3-depth2-case2-run1.txt,"At (50, 50), perform a downward squeeze operation with squeeze count 1, using a 3×3 source droplet. Then rotationally mix the squeezed droplet for 3 rotations."
glm-5.3/depth2/glm-5.3-depth2-case2-run2.gif,"At (50, 50), perform a downward squeeze operation with squeeze count 1, using a 3×3 source droplet. Then rotationally mix the squeezed droplet for 3 rotations."
glm-5.3/depth2/glm-5.3-depth2-case2-run2.json,"At (50, 50), perform a downward squeeze operation with squeeze count 1, using a 3×3 source droplet. Then rotationally mix the squeezed droplet for 3 rotations."
glm-5.3/depth2/glm-5.3-depth2-case2-run2.txt,"At (50, 50), perform a downward squeeze operation with squeeze count 1, using a 3×3 source droplet. Then rotationally mix the squeezed droplet for 3 rotations."
glm-5.3/depth2/glm-5.3-depth2-case2-run3.gif,"At (50, 50), perform a downward squeeze operation with squeeze count 1, using a 3×3 source droplet. Then rotationally mix the squeezed droplet for 3 rotations."
glm-5.3/depth2/glm-5.3-depth2-case2-run3.json,"At (50, 50), perform a downward squeeze operation with squeeze count 1, using a 3×3 source droplet. Then rotationally mix the squeezed droplet for 3 rotations."
glm-5.3/depth2/glm-5.3-depth2-case2-run3.txt,"At (50, 50), perform a downward squeeze operation with squeeze count 1, using a 3×3 source droplet. Then rotationally mix the squeezed droplet for 3 rotations."
glm-5.3/depth2/glm-5.3-depth2-case2-run4.gif,"At (50, 50), perform a downward squeeze operation with squeeze count 1, using a 3×3 source droplet. Then rotationally mix the squeezed droplet for 3 rotations."
glm-5.3/depth2/glm-5.3-depth2-case2-run4.json,"At (50, 50), perform a downward squeeze operation with squeeze count 1, using a 3×3 source droplet. Then rotationally mix the squeezed droplet for 3 rotations."
glm-5.3/depth2/glm-5.3-depth2-case2-run4.txt,"At (50, 50), perform a downward squeeze operation with squeeze count 1, using a 3×3 source droplet. Then rotationally mix the squeezed droplet for 3 rotations."
glm-5.3/depth2/glm-5.3-depth2-case2-run5.gif,"At (50, 50), perform a downward squeeze operation with squeeze count 1, using a 3×3 source droplet. Then rotationally mix the squeezed droplet for 3 rotations."
glm-5.3/depth2/glm-5.3-depth2-case2-run5.json,"At (50, 50), perform a downward squeeze operation with squeeze count 1, using a 3×3 source droplet. Then rotationally mix the squeezed droplet for 3 rotations."
glm-5.3/depth2/glm-5.3-depth2-case2-run5.txt,"At (50, 50), perform a downward squeeze operation with squeeze count 1, using a 3×3 source droplet. Then rotationally mix the squeezed droplet for 3 rotations."
glm-5.3/depth2/glm-5.3-depth2-case3-run1.gif,"Initially, there is one 2×2 droplet at (10, 10) and another 2×2 droplet at (10, 16). Merge these two droplets. Then rotationally mix the merged droplet for 2 rotations."
glm-5.3/depth2/glm-5.3-depth2-case3-run1.json,"Initially, there is one 2×2 droplet at (10, 10) and another 2×2 droplet at (10, 16). Merge these two droplets. Then rotationally mix the merged droplet for 2 rotations."
glm-5.3/depth2/glm-5.3-depth2-case3-run1.txt,"Initially, there is one 2×2 droplet at (10, 10) and another 2×2 droplet at (10, 16). Merge these two droplets. Then rotationally mix the merged droplet for 2 rotations."
glm-5.3/depth2/glm-5.3-depth2-case3-run2.gif,"Initially, there is one 2×2 droplet at (10, 10) and another 2×2 droplet at (10, 16). Merge these two droplets. Then rotationally mix the merged droplet for 2 rotations."
glm-5.3/depth2/glm-5.3-depth2-case3-run2.json,"Initially, there is one 2×2 droplet at (10, 10) and another 2×2 droplet at (10, 16). Merge these two droplets. Then rotationally mix the merged droplet for 2 rotations."
glm-5.3/depth2/glm-5.3-depth2-case3-run2.txt,"Initially, there is one 2×2 droplet at (10, 10) and another 2×2 droplet at (10, 16). Merge these two droplets. Then rotationally mix the merged droplet for 2 rotations."
glm-5.3/depth2/glm-5.3-depth2-case3-run3.gif,"Initially, there is one 2×2 droplet at (10, 10) and another 2×2 droplet at (10, 16). Merge these two droplets. Then rotationally mix the merged droplet for 2 rotations."
glm-5.3/depth2/glm-5.3-depth2-case3-run3.json,"Initially, there is one 2×2 droplet at (10, 10) and another 2×2 droplet at (10, 16). Merge these two droplets. Then rotationally mix the merged droplet for 2 rotations."
glm-5.3/depth2/glm-5.3-depth2-case3-run3.txt,"Initially, there is one 2×2 droplet at (10, 10) and another 2×2 droplet at (10, 16). Merge these two droplets. Then rotationally mix the merged droplet for 2 rotations."
glm-5.3/depth2/glm-5.3-depth2-case3-run4.gif,"Initially, there is one 2×2 droplet at (10, 10) and another 2×2 droplet at (10, 16). Merge these two droplets. Then rotationally mix the merged droplet for 2 rotations."
glm-5.3/depth2/glm-5.3-depth2-case3-run4.json,"Initially, there is one 2×2 droplet at (10, 10) and another 2×2 droplet at (10, 16). Merge these two droplets. Then rotationally mix the merged droplet for 2 rotations."
glm-5.3/depth2/glm-5.3-depth2-case3-run4.txt,"Initially, there is one 2×2 droplet at (10, 10) and another 2×2 droplet at (10, 16). Merge these two droplets. Then rotationally mix the merged droplet for 2 rotations."
glm-5.3/depth2/glm-5.3-depth2-case3-run5.gif,"Initially, there is one 2×2 droplet at (10, 10) and another 2×2 droplet at (10, 16). Merge these two droplets. Then rotationally mix the merged droplet for 2 rotations."
glm-5.3/depth2/glm-5.3-depth2-case3-run5.json,"Initially, there is one 2×2 droplet at (10, 10) and another 2×2 droplet at (10, 16). Merge these two droplets. Then rotationally mix the merged droplet for 2 rotations."
glm-5.3/depth2/glm-5.3-depth2-case3-run5.txt,"Initially, there is one 2×2 droplet at (10, 10) and another 2×2 droplet at (10, 16). Merge these two droplets. Then rotationally mix the merged droplet for 2 rotations."
glm-5.3/depth2/glm-5.3-depth2-case4-run1.gif,"Initially, there is one 3×3 droplet at (40, 40). Move this droplet to the left by 12 grid cells. Then rotationally mix the moved droplet for 4 rotations."
glm-5.3/depth2/glm-5.3-depth2-case4-run1.json,"Initially, there is one 3×3 droplet at (40, 40). Move this droplet to the left by 12 grid cells. Then rotationally mix the moved droplet for 4 rotations."
glm-5.3/depth2/glm-5.3-depth2-case4-run1.txt,"Initially, there is one 3×3 droplet at (40, 40). Move this droplet to the left by 12 grid cells. Then rotationally mix the moved droplet for 4 rotations."
glm-5.3/depth2/glm-5.3-depth2-case4-run2.gif,"Initially, there is one 3×3 droplet at (40, 40). Move this droplet to the left by 12 grid cells. Then rotationally mix the moved droplet for 4 rotations."
glm-5.3/depth2/glm-5.3-depth2-case4-run2.json,"Initially, there is one 3×3 droplet at (40, 40). Move this droplet to the left by 12 grid cells. Then rotationally mix the moved droplet for 4 rotations."
glm-5.3/depth2/glm-5.3-depth2-case4-run2.txt,"Initially, there is one 3×3 droplet at (40, 40). Move this droplet to the left by 12 grid cells. Then rotationally mix the moved droplet for 4 rotations."
glm-5.3/depth2/glm-5.3-depth2-case4-run3.gif,"Initially, there is one 3×3 droplet at (40, 40). Move this droplet to the left by 12 grid cells. Then rotationally mix the moved droplet for 4 rotations."
glm-5.3/depth2/glm-5.3-depth2-case4-run3.json,"Initially, there is one 3×3 droplet at (40, 40). Move this droplet to the left by 12 grid cells. Then rotationally mix the moved droplet for 4 rotations."
glm-5.3/depth2/glm-5.3-depth2-case4-run3.txt,"Initially, there is one 3×3 droplet at (40, 40). Move this droplet to the left by 12 grid cells. Then rotationally mix the moved droplet for 4 rotations."
glm-5.3/depth2/glm-5.3-depth2-case4-run4.gif,"Initially, there is one 3×3 droplet at (40, 40). Move this droplet to the left by 12 grid cells. Then rotationally mix the moved droplet for 4 rotations."
glm-5.3/depth2/glm-5.3-depth2-case4-run4.json,"Initially, there is one 3×3 droplet at (40, 40). Move this droplet to the left by 12 grid cells. Then rotationally mix the moved droplet for 4 rotations."
glm-5.3/depth2/glm-5.3-depth2-case4-run4.txt,"Initially, there is one 3×3 droplet at (40, 40). Move this droplet to the left by 12 grid cells. Then rotationally mix the moved droplet for 4 rotations."
glm-5.3/depth2/glm-5.3-depth2-case4-run5.gif,"Initially, there is one 3×3 droplet at (40, 40). Move this droplet to the left by 12 grid cells. Then rotationally mix the moved droplet for 4 rotations."
glm-5.3/depth2/glm-5.3-depth2-case4-run5.json,"Initially, there is one 3×3 droplet at (40, 40). Move this droplet to the left by 12 grid cells. Then rotationally mix the moved droplet for 4 rotations."
glm-5.3/depth2/glm-5.3-depth2-case4-run5.txt,"Initially, there is one 3×3 droplet at (40, 40). Move this droplet to the left by 12 grid cells. Then rotationally mix the moved droplet for 4 rotations."
glm-5.3/depth2/glm-5.3-depth2-case5-run1.gif,"At (90, 20), perform a leftward squeeze operation with squeeze count 4, using a 4×4 source droplet. Then move all four squeezed droplets downward by 20 grid cells."
glm-5.3/depth2/glm-5.3-depth2-case5-run1.json,"At (90, 20), perform a leftward squeeze operation with squeeze count 4, using a 4×4 source droplet. Then move all four squeezed droplets downward by 20 grid cells."
glm-5.3/depth2/glm-5.3-depth2-case5-run1.txt,"At (90, 20), perform a leftward squeeze operation with squeeze count 4, using a 4×4 source droplet. Then move all four squeezed droplets downward by 20 grid cells."
glm-5.3/depth2/glm-5.3-depth2-case5-run2.gif,"At (90, 20), perform a leftward squeeze operation with squeeze count 4, using a 4×4 source droplet. Then move all four squeezed droplets downward by 20 grid cells."
glm-5.3/depth2/glm-5.3-depth2-case5-run2.json,"At (90, 20), perform a leftward squeeze operation with squeeze count 4, using a 4×4 source droplet. Then move all four squeezed droplets downward by 20 grid cells."
glm-5.3/depth2/glm-5.3-depth2-case5-run2.txt,"At (90, 20), perform a leftward squeeze operation with squeeze count 4, using a 4×4 source droplet. Then move all four squeezed droplets downward by 20 grid cells."
glm-5.3/depth2/glm-5.3-depth2-case5-run3.gif,"At (90, 20), perform a leftward squeeze operation with squeeze count 4, using a 4×4 source droplet. Then move all four squeezed droplets downward by 20 grid cells."
glm-5.3/depth2/glm-5.3-depth2-case5-run3.json,"At (90, 20), perform a leftward squeeze operation with squeeze count 4, using a 4×4 source droplet. Then move all four squeezed droplets downward by 20 grid cells."
glm-5.3/depth2/glm-5.3-depth2-case5-run3.txt,"At (90, 20), perform a leftward squeeze operation with squeeze count 4, using a 4×4 source droplet. Then move all four squeezed droplets downward by 20 grid cells."
glm-5.3/depth2/glm-5.3-depth2-case5-run4.gif,"At (90, 20), perform a leftward squeeze operation with squeeze count 4, using a 4×4 source droplet. Then move all four squeezed droplets downward by 20 grid cells."
glm-5.3/depth2/glm-5.3-depth2-case5-run4.json,"At (90, 20), perform a leftward squeeze operation with squeeze count 4, using a 4×4 source droplet. Then move all four squeezed droplets downward by 20 grid cells."
glm-5.3/depth2/glm-5.3-depth2-case5-run4.txt,"At (90, 20), perform a leftward squeeze operation with squeeze count 4, using a 4×4 source droplet. Then move all four squeezed droplets downward by 20 grid cells."
glm-5.3/depth2/glm-5.3-depth2-case5-run5.gif,"At (90, 20), perform a leftward squeeze operation with squeeze count 4, using a 4×4 source droplet. Then move all four squeezed droplets downward by 20 grid cells."
glm-5.3/depth2/glm-5.3-depth2-case5-run5.json,"At (90, 20), perform a leftward squeeze operation with squeeze count 4, using a 4×4 source droplet. Then move all four squeezed droplets downward by 20 grid cells."
glm-5.3/depth2/glm-5.3-depth2-case5-run5.txt,"At (90, 20), perform a leftward squeeze operation with squeeze count 4, using a 4×4 source droplet. Then move all four squeezed droplets downward by 20 grid cells."
glm-5.3/depth3/glm-5.3-depth3-case1-run1.gif,"At (20, 20), perform a rightward squeeze operation with squeeze count 1, using a 2×2 source droplet. Move the squeezed droplet downward by 10 grid cells. Then rotationally mix the moved droplet for 3 rotations."
glm-5.3/depth3/glm-5.3-depth3-case1-run1.json,"At (20, 20), perform a rightward squeeze operation with squeeze count 1, using a 2×2 source droplet. Move the squeezed droplet downward by 10 grid cells. Then rotationally mix the moved droplet for 3 rotations."
glm-5.3/depth3/glm-5.3-depth3-case1-run1.txt,"At (20, 20), perform a rightward squeeze operation with squeeze count 1, using a 2×2 source droplet. Move the squeezed droplet downward by 10 grid cells. Then rotationally mix the moved droplet for 3 rotations."
glm-5.3/depth3/glm-5.3-depth3-case1-run2.gif,"At (20, 20), perform a rightward squeeze operation with squeeze count 1, using a 2×2 source droplet. Move the squeezed droplet downward by 10 grid cells. Then rotationally mix the moved droplet for 3 rotations."
glm-5.3/depth3/glm-5.3-depth3-case1-run2.json,"At (20, 20), perform a rightward squeeze operation with squeeze count 1, using a 2×2 source droplet. Move the squeezed droplet downward by 10 grid cells. Then rotationally mix the moved droplet for 3 rotations."
glm-5.3/depth3/glm-5.3-depth3-case1-run2.txt,"At (20, 20), perform a rightward squeeze operation with squeeze count 1, using a 2×2 source droplet. Move the squeezed droplet downward by 10 grid cells. Then rotationally mix the moved droplet for 3 rotations."
glm-5.3/depth3/glm-5.3-depth3-case1-run3.gif,"At (20, 20), perform a rightward squeeze operation with squeeze count 1, using a 2×2 source droplet. Move the squeezed droplet downward by 10 grid cells. Then rotationally mix the moved droplet for 3 rotations."
glm-5.3/depth3/glm-5.3-depth3-case1-run3.json,"At (20, 20), perform a rightward squeeze operation with squeeze count 1, using a 2×2 source droplet. Move the squeezed droplet downward by 10 grid cells. Then rotationally mix the moved droplet for 3 rotations."
glm-5.3/depth3/glm-5.3-depth3-case1-run3.txt,"At (20, 20), perform a rightward squeeze operation with squeeze count 1, using a 2×2 source droplet. Move the squeezed droplet downward by 10 grid cells. Then rotationally mix the moved droplet for 3 rotations."
glm-5.3/depth3/glm-5.3-depth3-case1-run4.gif,"At (20, 20), perform a rightward squeeze operation with squeeze count 1, using a 2×2 source droplet. Move the squeezed droplet downward by 10 grid cells. Then rotationally mix the moved droplet for 3 rotations."
glm-5.3/depth3/glm-5.3-depth3-case1-run4.json,"At (20, 20), perform a rightward squeeze operation with squeeze count 1, using a 2×2 source droplet. Move the squeezed droplet downward by 10 grid cells. Then rotationally mix the moved droplet for 3 rotations."
glm-5.3/depth3/glm-5.3-depth3-case1-run4.txt,"At (20, 20), perform a rightward squeeze operation with squeeze count 1, using a 2×2 source droplet. Move the squeezed droplet downward by 10 grid cells. Then rotationally mix the moved droplet for 3 rotations."
glm-5.3/depth3/glm-5.3-depth3-case1-run5.gif,"At (20, 20), perform a rightward squeeze operation with squeeze count 1, using a 2×2 source droplet. Move the squeezed droplet downward by 10 grid cells. Then rotationally mix the moved droplet for 3 rotations."
glm-5.3/depth3/glm-5.3-depth3-case1-run5.json,"At (20, 20), perform a rightward squeeze operation with squeeze count 1, using a 2×2 source droplet. Move the squeezed droplet downward by 10 grid cells. Then rotationally mix the moved droplet for 3 rotations."
glm-5.3/depth3/glm-5.3-depth3-case1-run5.txt,"At (20, 20), perform a rightward squeeze operation with squeeze count 1, using a 2×2 source droplet. Move the squeezed droplet downward by 10 grid cells. Then rotationally mix the moved droplet for 3 rotations."
glm-5.3/depth3/glm-5.3-depth3-case2-run1.gif,"Initially, there is one 1×2 droplet at (13, 21). At (15, 15), perform a downward squeeze operation with squeeze count 1, using a 2×2 source droplet. Merge the squeezed droplet with the pre-existing 1×2 droplet at (13, 21). Then rotationally mix the merged droplet for 3 rotations."
glm-5.3/depth3/glm-5.3-depth3-case2-run1.json,"Initially, there is one 1×2 droplet at (13, 21). At (15, 15), perform a downward squeeze operation with squeeze count 1, using a 2×2 source droplet. Merge the squeezed droplet with the pre-existing 1×2 droplet at (13, 21). Then rotationally mix the merged droplet for 3 rotations."
glm-5.3/depth3/glm-5.3-depth3-case2-run1.txt,"Initially, there is one 1×2 droplet at (13, 21). At (15, 15), perform a downward squeeze operation with squeeze count 1, using a 2×2 source droplet. Merge the squeezed droplet with the pre-existing 1×2 droplet at (13, 21). Then rotationally mix the merged droplet for 3 rotations."
glm-5.3/depth3/glm-5.3-depth3-case2-run2.gif,"Initially, there is one 1×2 droplet at (13, 21). At (15, 15), perform a downward squeeze operation with squeeze count 1, using a 2×2 source droplet. Merge the squeezed droplet with the pre-existing 1×2 droplet at (13, 21). Then rotationally mix the merged droplet for 3 rotations."
glm-5.3/depth3/glm-5.3-depth3-case2-run2.json,"Initially, there is one 1×2 droplet at (13, 21). At (15, 15), perform a downward squeeze operation with squeeze count 1, using a 2×2 source droplet. Merge the squeezed droplet with the pre-existing 1×2 droplet at (13, 21). Then rotationally mix the merged droplet for 3 rotations."
glm-5.3/depth3/glm-5.3-depth3-case2-run2.txt,"Initially, there is one 1×2 droplet at (13, 21). At (15, 15), perform a downward squeeze operation with squeeze count 1, using a 2×2 source droplet. Merge the squeezed droplet with the pre-existing 1×2 droplet at (13, 21). Then rotationally mix the merged droplet for 3 rotations."
glm-5.3/depth3/glm-5.3-depth3-case2-run3.gif,"Initially, there is one 1×2 droplet at (13, 21). At (15, 15), perform a downward squeeze operation with squeeze count 1, using a 2×2 source droplet. Merge the squeezed droplet with the pre-existing 1×2 droplet at (13, 21). Then rotationally mix the merged droplet for 3 rotations."
glm-5.3/depth3/glm-5.3-depth3-case2-run3.json,"Initially, there is one 1×2 droplet at (13, 21). At (15, 15), perform a downward squeeze operation with squeeze count 1, using a 2×2 source droplet. Merge the squeezed droplet with the pre-existing 1×2 droplet at (13, 21). Then rotationally mix the merged droplet for 3 rotations."
glm-5.3/depth3/glm-5.3-depth3-case2-run3.txt,"Initially, there is one 1×2 droplet at (13, 21). At (15, 15), perform a downward squeeze operation with squeeze count 1, using a 2×2 source droplet. Merge the squeezed droplet with the pre-existing 1×2 droplet at (13, 21). Then rotationally mix the merged droplet for 3 rotations."
glm-5.3/depth3/glm-5.3-depth3-case2-run4.gif,"Initially, there is one 1×2 droplet at (13, 21). At (15, 15), perform a downward squeeze operation with squeeze count 1, using a 2×2 source droplet. Merge the squeezed droplet with the pre-existing 1×2 droplet at (13, 21). Then rotationally mix the merged droplet for 3 rotations."
glm-5.3/depth3/glm-5.3-depth3-case2-run4.json,"Initially, there is one 1×2 droplet at (13, 21). At (15, 15), perform a downward squeeze operation with squeeze count 1, using a 2×2 source droplet. Merge the squeezed droplet with the pre-existing 1×2 droplet at (13, 21). Then rotationally mix the merged droplet for 3 rotations."
glm-5.3/depth3/glm-5.3-depth3-case2-run4.txt,"Initially, there is one 1×2 droplet at (13, 21). At (15, 15), perform a downward squeeze operation with squeeze count 1, using a 2×2 source droplet. Merge the squeezed droplet with the pre-existing 1×2 droplet at (13, 21). Then rotationally mix the merged droplet for 3 rotations."
glm-5.3/depth3/glm-5.3-depth3-case2-run5.gif,"Initially, there is one 1×2 droplet at (13, 21). At (15, 15), perform a downward squeeze operation with squeeze count 1, using a 2×2 source droplet. Merge the squeezed droplet with the pre-existing 1×2 droplet at (13, 21). Then rotationally mix the merged droplet for 3 rotations."
glm-5.3/depth3/glm-5.3-depth3-case2-run5.json,"Initially, there is one 1×2 droplet at (13, 21). At (15, 15), perform a downward squeeze operation with squeeze count 1, using a 2×2 source droplet. Merge the squeezed droplet with the pre-existing 1×2 droplet at (13, 21). Then rotationally mix the merged droplet for 3 rotations."
glm-5.3/depth3/glm-5.3-depth3-case2-run5.txt,"Initially, there is one 1×2 droplet at (13, 21). At (15, 15), perform a downward squeeze operation with squeeze count 1, using a 2×2 source droplet. Merge the squeezed droplet with the pre-existing 1×2 droplet at (13, 21). Then rotationally mix the merged droplet for 3 rotations."
glm-5.3/depth3/glm-5.3-depth3-case3-run1.gif,"Initially, there is one 2×2 droplet at (30, 30) and another 2×2 droplet at (36, 30). Merge these two droplets. Move the merged droplet downward by 10 grid cells. Then rotationally mix the moved droplet for 2 rotations."
glm-5.3/depth3/glm-5.3-depth3-case3-run1.json,"Initially, there is one 2×2 droplet at (30, 30) and another 2×2 droplet at (36, 30). Merge these two droplets. Move the merged droplet downward by 10 grid cells. Then rotationally mix the moved droplet for 2 rotations."
glm-5.3/depth3/glm-5.3-depth3-case3-run1.txt,"Initially, there is one 2×2 droplet at (30, 30) and another 2×2 droplet at (36, 30). Merge these two droplets. Move the merged droplet downward by 10 grid cells. Then rotationally mix the moved droplet for 2 rotations."
glm-5.3/depth3/glm-5.3-depth3-case3-run2.gif,"Initially, there is one 2×2 droplet at (30, 30) and another 2×2 droplet at (36, 30). Merge these two droplets. Move the merged droplet downward by 10 grid cells. Then rotationally mix the moved droplet for 2 rotations."
glm-5.3/depth3/glm-5.3-depth3-case3-run2.json,"Initially, there is one 2×2 droplet at (30, 30) and another 2×2 droplet at (36, 30). Merge these two droplets. Move the merged droplet downward by 10 grid cells. Then rotationally mix the moved droplet for 2 rotations."
glm-5.3/depth3/glm-5.3-depth3-case3-run2.txt,"Initially, there is one 2×2 droplet at (30, 30) and another 2×2 droplet at (36, 30). Merge these two droplets. Move the merged droplet downward by 10 grid cells. Then rotationally mix the moved droplet for 2 rotations."
glm-5.3/depth3/glm-5.3-depth3-case3-run3.gif,"Initially, there is one 2×2 droplet at (30, 30) and another 2×2 droplet at (36, 30). Merge these two droplets. Move the merged droplet downward by 10 grid cells. Then rotationally mix the moved droplet for 2 rotations."
glm-5.3/depth3/glm-5.3-depth3-case3-run3.json,"Initially, there is one 2×2 droplet at (30, 30) and another 2×2 droplet at (36, 30). Merge these two droplets. Move the merged droplet downward by 10 grid cells. Then rotationally mix the moved droplet for 2 rotations."
glm-5.3/depth3/glm-5.3-depth3-case3-run3.txt,"Initially, there is one 2×2 droplet at (30, 30) and another 2×2 droplet at (36, 30). Merge these two droplets. Move the merged droplet downward by 10 grid cells. Then rotationally mix the moved droplet for 2 rotations."
glm-5.3/depth3/glm-5.3-depth3-case3-run4.gif,"Initially, there is one 2×2 droplet at (30, 30) and another 2×2 droplet at (36, 30). Merge these two droplets. Move the merged droplet downward by 10 grid cells. Then rotationally mix the moved droplet for 2 rotations."
glm-5.3/depth3/glm-5.3-depth3-case3-run4.json,"Initially, there is one 2×2 droplet at (30, 30) and another 2×2 droplet at (36, 30). Merge these two droplets. Move the merged droplet downward by 10 grid cells. Then rotationally mix the moved droplet for 2 rotations."
glm-5.3/depth3/glm-5.3-depth3-case3-run4.txt,"Initially, there is one 2×2 droplet at (30, 30) and another 2×2 droplet at (36, 30). Merge these two droplets. Move the merged droplet downward by 10 grid cells. Then rotationally mix the moved droplet for 2 rotations."
glm-5.3/depth3/glm-5.3-depth3-case3-run5.gif,"Initially, there is one 2×2 droplet at (30, 30) and another 2×2 droplet at (36, 30). Merge these two droplets. Move the merged droplet downward by 10 grid cells. Then rotationally mix the moved droplet for 2 rotations."
glm-5.3/depth3/glm-5.3-depth3-case3-run5.json,"Initially, there is one 2×2 droplet at (30, 30) and another 2×2 droplet at (36, 30). Merge these two droplets. Move the merged droplet downward by 10 grid cells. Then rotationally mix the moved droplet for 2 rotations."
glm-5.3/depth3/glm-5.3-depth3-case3-run5.txt,"Initially, there is one 2×2 droplet at (30, 30) and another 2×2 droplet at (36, 30). Merge these two droplets. Move the merged droplet downward by 10 grid cells. Then rotationally mix the moved droplet for 2 rotations."
glm-5.3/depth3/glm-5.3-depth3-case4-run1.gif,"Initially, there is one 3×3 droplet at (50, 50). Move this droplet to the left by 10 grid cells. Rotationally mix the moved droplet for 2 rotations. Then move the mixed droplet downward by 5 grid cells."
glm-5.3/depth3/glm-5.3-depth3-case4-run1.json,"Initially, there is one 3×3 droplet at (50, 50). Move this droplet to the left by 10 grid cells. Rotationally mix the moved droplet for 2 rotations. Then move the mixed droplet downward by 5 grid cells."
glm-5.3/depth3/glm-5.3-depth3-case4-run1.txt,"Initially, there is one 3×3 droplet at (50, 50). Move this droplet to the left by 10 grid cells. Rotationally mix the moved droplet for 2 rotations. Then move the mixed droplet downward by 5 grid cells."
glm-5.3/depth3/glm-5.3-depth3-case4-run2.gif,"Initially, there is one 3×3 droplet at (50, 50). Move this droplet to the left by 10 grid cells. Rotationally mix the moved droplet for 2 rotations. Then move the mixed droplet downward by 5 grid cells."
glm-5.3/depth3/glm-5.3-depth3-case4-run2.json,"Initially, there is one 3×3 droplet at (50, 50). Move this droplet to the left by 10 grid cells. Rotationally mix the moved droplet for 2 rotations. Then move the mixed droplet downward by 5 grid cells."
glm-5.3/depth3/glm-5.3-depth3-case4-run2.txt,"Initially, there is one 3×3 droplet at (50, 50). Move this droplet to the left by 10 grid cells. Rotationally mix the moved droplet for 2 rotations. Then move the mixed droplet downward by 5 grid cells."
glm-5.3/depth3/glm-5.3-depth3-case4-run3.gif,"Initially, there is one 3×3 droplet at (50, 50). Move this droplet to the left by 10 grid cells. Rotationally mix the moved droplet for 2 rotations. Then move the mixed droplet downward by 5 grid cells."
glm-5.3/depth3/glm-5.3-depth3-case4-run3.json,"Initially, there is one 3×3 droplet at (50, 50). Move this droplet to the left by 10 grid cells. Rotationally mix the moved droplet for 2 rotations. Then move the mixed droplet downward by 5 grid cells."
glm-5.3/depth3/glm-5.3-depth3-case4-run3.txt,"Initially, there is one 3×3 droplet at (50, 50). Move this droplet to the left by 10 grid cells. Rotationally mix the moved droplet for 2 rotations. Then move the mixed droplet downward by 5 grid cells."
glm-5.3/depth3/glm-5.3-depth3-case4-run4.gif,"Initially, there is one 3×3 droplet at (50, 50). Move this droplet to the left by 10 grid cells. Rotationally mix the moved droplet for 2 rotations. Then move the mixed droplet downward by 5 grid cells."
glm-5.3/depth3/glm-5.3-depth3-case4-run4.json,"Initially, there is one 3×3 droplet at (50, 50). Move this droplet to the left by 10 grid cells. Rotationally mix the moved droplet for 2 rotations. Then move the mixed droplet downward by 5 grid cells."
glm-5.3/depth3/glm-5.3-depth3-case4-run4.txt,"Initially, there is one 3×3 droplet at (50, 50). Move this droplet to the left by 10 grid cells. Rotationally mix the moved droplet for 2 rotations. Then move the mixed droplet downward by 5 grid cells."
glm-5.3/depth3/glm-5.3-depth3-case4-run5.gif,"Initially, there is one 3×3 droplet at (50, 50). Move this droplet to the left by 10 grid cells. Rotationally mix the moved droplet for 2 rotations. Then move the mixed droplet downward by 5 grid cells."
glm-5.3/depth3/glm-5.3-depth3-case4-run5.json,"Initially, there is one 3×3 droplet at (50, 50). Move this droplet to the left by 10 grid cells. Rotationally mix the moved droplet for 2 rotations. Then move the mixed droplet downward by 5 grid cells."
glm-5.3/depth3/glm-5.3-depth3-case4-run5.txt,"Initially, there is one 3×3 droplet at (50, 50). Move this droplet to the left by 10 grid cells. Rotationally mix the moved droplet for 2 rotations. Then move the mixed droplet downward by 5 grid cells."
glm-5.3/depth3/glm-5.3-depth3-case5-run1.gif,"At (60, 60), perform a downward squeeze operation with squeeze count 1, using a 3×3 source droplet. Rotationally mix the squeezed droplet for 4 rotations. Then move the mixed droplet to the right by 15 grid cells."
glm-5.3/depth3/glm-5.3-depth3-case5-run1.json,"At (60, 60), perform a downward squeeze operation with squeeze count 1, using a 3×3 source droplet. Rotationally mix the squeezed droplet for 4 rotations. Then move the mixed droplet to the right by 15 grid cells."
glm-5.3/depth3/glm-5.3-depth3-case5-run1.txt,"At (60, 60), perform a downward squeeze operation with squeeze count 1, using a 3×3 source droplet. Rotationally mix the squeezed droplet for 4 rotations. Then move the mixed droplet to the right by 15 grid cells."
glm-5.3/depth3/glm-5.3-depth3-case5-run2.gif,"At (60, 60), perform a downward squeeze operation with squeeze count 1, using a 3×3 source droplet. Rotationally mix the squeezed droplet for 4 rotations. Then move the mixed droplet to the right by 15 grid cells."
glm-5.3/depth3/glm-5.3-depth3-case5-run2.json,"At (60, 60), perform a downward squeeze operation with squeeze count 1, using a 3×3 source droplet. Rotationally mix the squeezed droplet for 4 rotations. Then move the mixed droplet to the right by 15 grid cells."
glm-5.3/depth3/glm-5.3-depth3-case5-run2.txt,"At (60, 60), perform a downward squeeze operation with squeeze count 1, using a 3×3 source droplet. Rotationally mix the squeezed droplet for 4 rotations. Then move the mixed droplet to the right by 15 grid cells."
glm-5.3/depth3/glm-5.3-depth3-case5-run3.json,"At (60, 60), perform a downward squeeze operation with squeeze count 1, using a 3×3 source droplet. Rotationally mix the squeezed droplet for 4 rotations. Then move the mixed droplet to the right by 15 grid cells."
glm-5.3/depth3/glm-5.3-depth3-case5-run4.gif,"At (60, 60), perform a downward squeeze operation with squeeze count 1, using a 3×3 source droplet. Rotationally mix the squeezed droplet for 4 rotations. Then move the mixed droplet to the right by 15 grid cells."
glm-5.3/depth3/glm-5.3-depth3-case5-run4.json,"At (60, 60), perform a downward squeeze operation with squeeze count 1, using a 3×3 source droplet. Rotationally mix the squeezed droplet for 4 rotations. Then move the mixed droplet to the right by 15 grid cells."
glm-5.3/depth3/glm-5.3-depth3-case5-run4.txt,"At (60, 60), perform a downward squeeze operation with squeeze count 1, using a 3×3 source droplet. Rotationally mix the squeezed droplet for 4 rotations. Then move the mixed droplet to the right by 15 grid cells."
glm-5.3/depth3/glm-5.3-depth3-case5-run5.gif,"At (60, 60), perform a downward squeeze operation with squeeze count 1, using a 3×3 source droplet. Rotationally mix the squeezed droplet for 4 rotations. Then move the mixed droplet to the right by 15 grid cells."
glm-5.3/depth3/glm-5.3-depth3-case5-run5.json,"At (60, 60), perform a downward squeeze operation with squeeze count 1, using a 3×3 source droplet. Rotationally mix the squeezed droplet for 4 rotations. Then move the mixed droplet to the right by 15 grid cells."
glm-5.3/depth3/glm-5.3-depth3-case5-run5.txt,"At (60, 60), perform a downward squeeze operation with squeeze count 1, using a 3×3 source droplet. Rotationally mix the squeezed droplet for 4 rotations. Then move the mixed droplet to the right by 15 grid cells."
glm-5.3/depth4/glm-5.3-depth4-case1-run1.gif,"At (30, 20), perform a rightward squeeze operation with squeeze count 1, using a 2×2 source droplet. At (30, 40), perform another rightward squeeze operation with squeeze count 1, using a 2×2 source droplet. Move the droplet squeezed from (30, 40) upward by 10 grid cells. Then merge it with the droplet squeezed from (30, 20)."
glm-5.3/depth4/glm-5.3-depth4-case1-run1.json,"At (30, 20), perform a rightward squeeze operation with squeeze count 1, using a 2×2 source droplet. At (30, 40), perform another rightward squeeze operation with squeeze count 1, using a 2×2 source droplet. Move the droplet squeezed from (30, 40) upward by 10 grid cells. Then merge it with the droplet squeezed from (30, 20)."
glm-5.3/depth4/glm-5.3-depth4-case1-run1.txt,"At (30, 20), perform a rightward squeeze operation with squeeze count 1, using a 2×2 source droplet. At (30, 40), perform another rightward squeeze operation with squeeze count 1, using a 2×2 source droplet. Move the droplet squeezed from (30, 40) upward by 10 grid cells. Then merge it with the droplet squeezed from (30, 20)."
glm-5.3/depth4/glm-5.3-depth4-case1-run2.gif,"At (30, 20), perform a rightward squeeze operation with squeeze count 1, using a 2×2 source droplet. At (30, 40), perform another rightward squeeze operation with squeeze count 1, using a 2×2 source droplet. Move the droplet squeezed from (30, 40) upward by 10 grid cells. Then merge it with the droplet squeezed from (30, 20)."
glm-5.3/depth4/glm-5.3-depth4-case1-run2.json,"At (30, 20), perform a rightward squeeze operation with squeeze count 1, using a 2×2 source droplet. At (30, 40), perform another rightward squeeze operation with squeeze count 1, using a 2×2 source droplet. Move the droplet squeezed from (30, 40) upward by 10 grid cells. Then merge it with the droplet squeezed from (30, 20)."
glm-5.3/depth4/glm-5.3-depth4-case1-run2.txt,"At (30, 20), perform a rightward squeeze operation with squeeze count 1, using a 2×2 source droplet. At (30, 40), perform another rightward squeeze operation with squeeze count 1, using a 2×2 source droplet. Move the droplet squeezed from (30, 40) upward by 10 grid cells. Then merge it with the droplet squeezed from (30, 20)."
glm-5.3/depth4/glm-5.3-depth4-case1-run3.gif,"At (30, 20), perform a rightward squeeze operation with squeeze count 1, using a 2×2 source droplet. At (30, 40), perform another rightward squeeze operation with squeeze count 1, using a 2×2 source droplet. Move the droplet squeezed from (30, 40) upward by 10 grid cells. Then merge it with the droplet squeezed from (30, 20)."
glm-5.3/depth4/glm-5.3-depth4-case1-run3.json,"At (30, 20), perform a rightward squeeze operation with squeeze count 1, using a 2×2 source droplet. At (30, 40), perform another rightward squeeze operation with squeeze count 1, using a 2×2 source droplet. Move the droplet squeezed from (30, 40) upward by 10 grid cells. Then merge it with the droplet squeezed from (30, 20)."
glm-5.3/depth4/glm-5.3-depth4-case1-run3.txt,"At (30, 20), perform a rightward squeeze operation with squeeze count 1, using a 2×2 source droplet. At (30, 40), perform another rightward squeeze operation with squeeze count 1, using a 2×2 source droplet. Move the droplet squeezed from (30, 40) upward by 10 grid cells. Then merge it with the droplet squeezed from (30, 20)."
glm-5.3/depth4/glm-5.3-depth4-case1-run4.gif,"At (30, 20), perform a rightward squeeze operation with squeeze count 1, using a 2×2 source droplet. At (30, 40), perform another rightward squeeze operation with squeeze count 1, using a 2×2 source droplet. Move the droplet squeezed from (30, 40) upward by 10 grid cells. Then merge it with the droplet squeezed from (30, 20)."
glm-5.3/depth4/glm-5.3-depth4-case1-run4.json,"At (30, 20), perform a rightward squeeze operation with squeeze count 1, using a 2×2 source droplet. At (30, 40), perform another rightward squeeze operation with squeeze count 1, using a 2×2 source droplet. Move the droplet squeezed from (30, 40) upward by 10 grid cells. Then merge it with the droplet squeezed from (30, 20)."
glm-5.3/depth4/glm-5.3-depth4-case1-run4.txt,"At (30, 20), perform a rightward squeeze operation with squeeze count 1, using a 2×2 source droplet. At (30, 40), perform another rightward squeeze operation with squeeze count 1, using a 2×2 source droplet. Move the droplet squeezed from (30, 40) upward by 10 grid cells. Then merge it with the droplet squeezed from (30, 20)."
glm-5.3/depth4/glm-5.3-depth4-case1-run5.gif,"At (30, 20), perform a rightward squeeze operation with squeeze count 1, using a 2×2 source droplet. At (30, 40), perform another rightward squeeze operation with squeeze count 1, using a 2×2 source droplet. Move the droplet squeezed from (30, 40) upward by 10 grid cells. Then merge it with the droplet squeezed from (30, 20)."
glm-5.3/depth4/glm-5.3-depth4-case1-run5.json,"At (30, 20), perform a rightward squeeze operation with squeeze count 1, using a 2×2 source droplet. At (30, 40), perform another rightward squeeze operation with squeeze count 1, using a 2×2 source droplet. Move the droplet squeezed from (30, 40) upward by 10 grid cells. Then merge it with the droplet squeezed from (30, 20)."
glm-5.3/depth4/glm-5.3-depth4-case1-run5.txt,"At (30, 20), perform a rightward squeeze operation with squeeze count 1, using a 2×2 source droplet. At (30, 40), perform another rightward squeeze operation with squeeze count 1, using a 2×2 source droplet. Move the droplet squeezed from (30, 40) upward by 10 grid cells. Then merge it with the droplet squeezed from (30, 20)."
glm-5.3/depth4/glm-5.3-depth4-case2-run1.gif,"At (50, 53), perform an upward squeeze operation with squeeze count 1, using a 3×3 source droplet. Move the squeezed droplet to the right by 10 grid cells. Rotationally mix the moved droplet for 3 rotations. Then move the mixed droplet downward by 5 grid cells."
glm-5.3/depth4/glm-5.3-depth4-case2-run1.json,"At (50, 53), perform an upward squeeze operation with squeeze count 1, using a 3×3 source droplet. Move the squeezed droplet to the right by 10 grid cells. Rotationally mix the moved droplet for 3 rotations. Then move the mixed droplet downward by 5 grid cells."
glm-5.3/depth4/glm-5.3-depth4-case2-run1.txt,"At (50, 53), perform an upward squeeze operation with squeeze count 1, using a 3×3 source droplet. Move the squeezed droplet to the right by 10 grid cells. Rotationally mix the moved droplet for 3 rotations. Then move the mixed droplet downward by 5 grid cells."
glm-5.3/depth4/glm-5.3-depth4-case2-run2.gif,"At (50, 53), perform an upward squeeze operation with squeeze count 1, using a 3×3 source droplet. Move the squeezed droplet to the right by 10 grid cells. Rotationally mix the moved droplet for 3 rotations. Then move the mixed droplet downward by 5 grid cells."
glm-5.3/depth4/glm-5.3-depth4-case2-run2.json,"At (50, 53), perform an upward squeeze operation with squeeze count 1, using a 3×3 source droplet. Move the squeezed droplet to the right by 10 grid cells. Rotationally mix the moved droplet for 3 rotations. Then move the mixed droplet downward by 5 grid cells."
glm-5.3/depth4/glm-5.3-depth4-case2-run2.txt,"At (50, 53), perform an upward squeeze operation with squeeze count 1, using a 3×3 source droplet. Move the squeezed droplet to the right by 10 grid cells. Rotationally mix the moved droplet for 3 rotations. Then move the mixed droplet downward by 5 grid cells."
glm-5.3/depth4/glm-5.3-depth4-case2-run3.gif,"At (50, 53), perform an upward squeeze operation with squeeze count 1, using a 3×3 source droplet. Move the squeezed droplet to the right by 10 grid cells. Rotationally mix the moved droplet for 3 rotations. Then move the mixed droplet downward by 5 grid cells."
glm-5.3/depth4/glm-5.3-depth4-case2-run3.json,"At (50, 53), perform an upward squeeze operation with squeeze count 1, using a 3×3 source droplet. Move the squeezed droplet to the right by 10 grid cells. Rotationally mix the moved droplet for 3 rotations. Then move the mixed droplet downward by 5 grid cells."
glm-5.3/depth4/glm-5.3-depth4-case2-run3.txt,"At (50, 53), perform an upward squeeze operation with squeeze count 1, using a 3×3 source droplet. Move the squeezed droplet to the right by 10 grid cells. Rotationally mix the moved droplet for 3 rotations. Then move the mixed droplet downward by 5 grid cells."
glm-5.3/depth4/glm-5.3-depth4-case2-run4.gif,"At (50, 53), perform an upward squeeze operation with squeeze count 1, using a 3×3 source droplet. Move the squeezed droplet to the right by 10 grid cells. Rotationally mix the moved droplet for 3 rotations. Then move the mixed droplet downward by 5 grid cells."
glm-5.3/depth4/glm-5.3-depth4-case2-run4.json,"At (50, 53), perform an upward squeeze operation with squeeze count 1, using a 3×3 source droplet. Move the squeezed droplet to the right by 10 grid cells. Rotationally mix the moved droplet for 3 rotations. Then move the mixed droplet downward by 5 grid cells."
glm-5.3/depth4/glm-5.3-depth4-case2-run4.txt,"At (50, 53), perform an upward squeeze operation with squeeze count 1, using a 3×3 source droplet. Move the squeezed droplet to the right by 10 grid cells. Rotationally mix the moved droplet for 3 rotations. Then move the mixed droplet downward by 5 grid cells."
glm-5.3/depth4/glm-5.3-depth4-case2-run5.gif,"At (50, 53), perform an upward squeeze operation with squeeze count 1, using a 3×3 source droplet. Move the squeezed droplet to the right by 10 grid cells. Rotationally mix the moved droplet for 3 rotations. Then move the mixed droplet downward by 5 grid cells."
glm-5.3/depth4/glm-5.3-depth4-case2-run5.json,"At (50, 53), perform an upward squeeze operation with squeeze count 1, using a 3×3 source droplet. Move the squeezed droplet to the right by 10 grid cells. Rotationally mix the moved droplet for 3 rotations. Then move the mixed droplet downward by 5 grid cells."
glm-5.3/depth4/glm-5.3-depth4-case2-run5.txt,"At (50, 53), perform an upward squeeze operation with squeeze count 1, using a 3×3 source droplet. Move the squeezed droplet to the right by 10 grid cells. Rotationally mix the moved droplet for 3 rotations. Then move the mixed droplet downward by 5 grid cells."
glm-5.3/depth4/glm-5.3-depth4-case3-run1.gif,"Initially, there is one 2×2 droplet at (44, 40). At (40, 40), perform a rightward squeeze operation with squeeze count 1, using a 2×2 source droplet. Merge the squeezed droplet with the pre-existing 2×2 droplet at (44, 40). Rotationally mix the merged droplet for 2 rotations. Then move the mixed droplet to the left by 12 grid cells."
glm-5.3/depth4/glm-5.3-depth4-case3-run1.json,"Initially, there is one 2×2 droplet at (44, 40). At (40, 40), perform a rightward squeeze operation with squeeze count 1, using a 2×2 source droplet. Merge the squeezed droplet with the pre-existing 2×2 droplet at (44, 40). Rotationally mix the merged droplet for 2 rotations. Then move the mixed droplet to the left by 12 grid cells."
glm-5.3/depth4/glm-5.3-depth4-case3-run1.txt,"Initially, there is one 2×2 droplet at (44, 40). At (40, 40), perform a rightward squeeze operation with squeeze count 1, using a 2×2 source droplet. Merge the squeezed droplet with the pre-existing 2×2 droplet at (44, 40). Rotationally mix the merged droplet for 2 rotations. Then move the mixed droplet to the left by 12 grid cells."
glm-5.3/depth4/glm-5.3-depth4-case3-run2.gif,"Initially, there is one 2×2 droplet at (44, 40). At (40, 40), perform a rightward squeeze operation with squeeze count 1, using a 2×2 source droplet. Merge the squeezed droplet with the pre-existing 2×2 droplet at (44, 40). Rotationally mix the merged droplet for 2 rotations. Then move the mixed droplet to the left by 12 grid cells."
glm-5.3/depth4/glm-5.3-depth4-case3-run2.json,"Initially, there is one 2×2 droplet at (44, 40). At (40, 40), perform a rightward squeeze operation with squeeze count 1, using a 2×2 source droplet. Merge the squeezed droplet with the pre-existing 2×2 droplet at (44, 40). Rotationally mix the merged droplet for 2 rotations. Then move the mixed droplet to the left by 12 grid cells."
glm-5.3/depth4/glm-5.3-depth4-case3-run2.txt,"Initially, there is one 2×2 droplet at (44, 40). At (40, 40), perform a rightward squeeze operation with squeeze count 1, using a 2×2 source droplet. Merge the squeezed droplet with the pre-existing 2×2 droplet at (44, 40). Rotationally mix the merged droplet for 2 rotations. Then move the mixed droplet to the left by 12 grid cells."
glm-5.3/depth4/glm-5.3-depth4-case3-run3.gif,"Initially, there is one 2×2 droplet at (44, 40). At (40, 40), perform a rightward squeeze operation with squeeze count 1, using a 2×2 source droplet. Merge the squeezed droplet with the pre-existing 2×2 droplet at (44, 40). Rotationally mix the merged droplet for 2 rotations. Then move the mixed droplet to the left by 12 grid cells."
glm-5.3/depth4/glm-5.3-depth4-case3-run3.json,"Initially, there is one 2×2 droplet at (44, 40). At (40, 40), perform a rightward squeeze operation with squeeze count 1, using a 2×2 source droplet. Merge the squeezed droplet with the pre-existing 2×2 droplet at (44, 40). Rotationally mix the merged droplet for 2 rotations. Then move the mixed droplet to the left by 12 grid cells."
glm-5.3/depth4/glm-5.3-depth4-case3-run3.txt,"Initially, there is one 2×2 droplet at (44, 40). At (40, 40), perform a rightward squeeze operation with squeeze count 1, using a 2×2 source droplet. Merge the squeezed droplet with the pre-existing 2×2 droplet at (44, 40). Rotationally mix the merged droplet for 2 rotations. Then move the mixed droplet to the left by 12 grid cells."
glm-5.3/depth4/glm-5.3-depth4-case3-run4.gif,"Initially, there is one 2×2 droplet at (44, 40). At (40, 40), perform a rightward squeeze operation with squeeze count 1, using a 2×2 source droplet. Merge the squeezed droplet with the pre-existing 2×2 droplet at (44, 40). Rotationally mix the merged droplet for 2 rotations. Then move the mixed droplet to the left by 12 grid cells."
glm-5.3/depth4/glm-5.3-depth4-case3-run4.json,"Initially, there is one 2×2 droplet at (44, 40). At (40, 40), perform a rightward squeeze operation with squeeze count 1, using a 2×2 source droplet. Merge the squeezed droplet with the pre-existing 2×2 droplet at (44, 40). Rotationally mix the merged droplet for 2 rotations. Then move the mixed droplet to the left by 12 grid cells."
glm-5.3/depth4/glm-5.3-depth4-case3-run4.txt,"Initially, there is one 2×2 droplet at (44, 40). At (40, 40), perform a rightward squeeze operation with squeeze count 1, using a 2×2 source droplet. Merge the squeezed droplet with the pre-existing 2×2 droplet at (44, 40). Rotationally mix the merged droplet for 2 rotations. Then move the mixed droplet to the left by 12 grid cells."
glm-5.3/depth4/glm-5.3-depth4-case3-run5.gif,"Initially, there is one 2×2 droplet at (44, 40). At (40, 40), perform a rightward squeeze operation with squeeze count 1, using a 2×2 source droplet. Merge the squeezed droplet with the pre-existing 2×2 droplet at (44, 40). Rotationally mix the merged droplet for 2 rotations. Then move the mixed droplet to the left by 12 grid cells."
glm-5.3/depth4/glm-5.3-depth4-case3-run5.json,"Initially, there is one 2×2 droplet at (44, 40). At (40, 40), perform a rightward squeeze operation with squeeze count 1, using a 2×2 source droplet. Merge the squeezed droplet with the pre-existing 2×2 droplet at (44, 40). Rotationally mix the merged droplet for 2 rotations. Then move the mixed droplet to the left by 12 grid cells."
glm-5.3/depth4/glm-5.3-depth4-case3-run5.txt,"Initially, there is one 2×2 droplet at (44, 40). At (40, 40), perform a rightward squeeze operation with squeeze count 1, using a 2×2 source droplet. Merge the squeezed droplet with the pre-existing 2×2 droplet at (44, 40). Rotationally mix the merged droplet for 2 rotations. Then move the mixed droplet to the left by 12 grid cells."
glm-5.3/depth4/glm-5.3-depth4-case4-run1.gif,"Initially, there is one 1×2 droplet at (60, 66). At (70, 70), perform a leftward squeeze operation with squeeze count 1, using a 2×2 source droplet. Merge the squeezed droplet with the pre-existing 1×2 droplet at (60, 66). Rotationally mix the merged droplet for 2 rotations. Then move the mixed droplet downward by 5 grid cells."
glm-5.3/depth4/glm-5.3-depth4-case4-run1.json,"Initially, there is one 1×2 droplet at (60, 66). At (70, 70), perform a leftward squeeze operation with squeeze count 1, using a 2×2 source droplet. Merge the squeezed droplet with the pre-existing 1×2 droplet at (60, 66). Rotationally mix the merged droplet for 2 rotations. Then move the mixed droplet downward by 5 grid cells."
glm-5.3/depth4/glm-5.3-depth4-case4-run1.txt,"Initially, there is one 1×2 droplet at (60, 66). At (70, 70), perform a leftward squeeze operation with squeeze count 1, using a 2×2 source droplet. Merge the squeezed droplet with the pre-existing 1×2 droplet at (60, 66). Rotationally mix the merged droplet for 2 rotations. Then move the mixed droplet downward by 5 grid cells."
glm-5.3/depth4/glm-5.3-depth4-case4-run2.gif,"Initially, there is one 1×2 droplet at (60, 66). At (70, 70), perform a leftward squeeze operation with squeeze count 1, using a 2×2 source droplet. Merge the squeezed droplet with the pre-existing 1×2 droplet at (60, 66). Rotationally mix the merged droplet for 2 rotations. Then move the mixed droplet downward by 5 grid cells."
glm-5.3/depth4/glm-5.3-depth4-case4-run2.json,"Initially, there is one 1×2 droplet at (60, 66). At (70, 70), perform a leftward squeeze operation with squeeze count 1, using a 2×2 source droplet. Merge the squeezed droplet with the pre-existing 1×2 droplet at (60, 66). Rotationally mix the merged droplet for 2 rotations. Then move the mixed droplet downward by 5 grid cells."
glm-5.3/depth4/glm-5.3-depth4-case4-run2.txt,"Initially, there is one 1×2 droplet at (60, 66). At (70, 70), perform a leftward squeeze operation with squeeze count 1, using a 2×2 source droplet. Merge the squeezed droplet with the pre-existing 1×2 droplet at (60, 66). Rotationally mix the merged droplet for 2 rotations. Then move the mixed droplet downward by 5 grid cells."
glm-5.3/depth4/glm-5.3-depth4-case4-run3.gif,"Initially, there is one 1×2 droplet at (60, 66). At (70, 70), perform a leftward squeeze operation with squeeze count 1, using a 2×2 source droplet. Merge the squeezed droplet with the pre-existing 1×2 droplet at (60, 66). Rotationally mix the merged droplet for 2 rotations. Then move the mixed droplet downward by 5 grid cells."
glm-5.3/depth4/glm-5.3-depth4-case4-run3.json,"Initially, there is one 1×2 droplet at (60, 66). At (70, 70), perform a leftward squeeze operation with squeeze count 1, using a 2×2 source droplet. Merge the squeezed droplet with the pre-existing 1×2 droplet at (60, 66). Rotationally mix the merged droplet for 2 rotations. Then move the mixed droplet downward by 5 grid cells."
glm-5.3/depth4/glm-5.3-depth4-case4-run3.txt,"Initially, there is one 1×2 droplet at (60, 66). At (70, 70), perform a leftward squeeze operation with squeeze count 1, using a 2×2 source droplet. Merge the squeezed droplet with the pre-existing 1×2 droplet at (60, 66). Rotationally mix the merged droplet for 2 rotations. Then move the mixed droplet downward by 5 grid cells."
glm-5.3/depth4/glm-5.3-depth4-case4-run4.gif,"Initially, there is one 1×2 droplet at (60, 66). At (70, 70), perform a leftward squeeze operation with squeeze count 1, using a 2×2 source droplet. Merge the squeezed droplet with the pre-existing 1×2 droplet at (60, 66). Rotationally mix the merged droplet for 2 rotations. Then move the mixed droplet downward by 5 grid cells."
glm-5.3/depth4/glm-5.3-depth4-case4-run4.json,"Initially, there is one 1×2 droplet at (60, 66). At (70, 70), perform a leftward squeeze operation with squeeze count 1, using a 2×2 source droplet. Merge the squeezed droplet with the pre-existing 1×2 droplet at (60, 66). Rotationally mix the merged droplet for 2 rotations. Then move the mixed droplet downward by 5 grid cells."
glm-5.3/depth4/glm-5.3-depth4-case4-run4.txt,"Initially, there is one 1×2 droplet at (60, 66). At (70, 70), perform a leftward squeeze operation with squeeze count 1, using a 2×2 source droplet. Merge the squeezed droplet with the pre-existing 1×2 droplet at (60, 66). Rotationally mix the merged droplet for 2 rotations. Then move the mixed droplet downward by 5 grid cells."
glm-5.3/depth4/glm-5.3-depth4-case4-run5.gif,"Initially, there is one 1×2 droplet at (60, 66). At (70, 70), perform a leftward squeeze operation with squeeze count 1, using a 2×2 source droplet. Merge the squeezed droplet with the pre-existing 1×2 droplet at (60, 66). Rotationally mix the merged droplet for 2 rotations. Then move the mixed droplet downward by 5 grid cells."
glm-5.3/depth4/glm-5.3-depth4-case4-run5.json,"Initially, there is one 1×2 droplet at (60, 66). At (70, 70), perform a leftward squeeze operation with squeeze count 1, using a 2×2 source droplet. Merge the squeezed droplet with the pre-existing 1×2 droplet at (60, 66). Rotationally mix the merged droplet for 2 rotations. Then move the mixed droplet downward by 5 grid cells."
glm-5.3/depth4/glm-5.3-depth4-case4-run5.txt,"Initially, there is one 1×2 droplet at (60, 66). At (70, 70), perform a leftward squeeze operation with squeeze count 1, using a 2×2 source droplet. Merge the squeezed droplet with the pre-existing 1×2 droplet at (60, 66). Rotationally mix the merged droplet for 2 rotations. Then move the mixed droplet downward by 5 grid cells."
glm-5.3/depth4/glm-5.3-depth4-case5-run1.gif,"At (20, 20), perform a rightward squeeze operation with squeeze count 4, using a 2×2 source droplet. At (20, 40), perform another rightward squeeze operation with squeeze count 4, using a 2×2 source droplet. Move all four droplets squeezed from (20, 20) downward by 10 grid cells. Pairwise merge each of these four moved droplets with the corresponding droplet squeezed from (20, 40), producing four merged droplets. Then rotationally mix each of the four merged droplets for 3 rotations."
glm-5.3/depth4/glm-5.3-depth4-case5-run1.json,"At (20, 20), perform a rightward squeeze operation with squeeze count 4, using a 2×2 source droplet. At (20, 40), perform another rightward squeeze operation with squeeze count 4, using a 2×2 source droplet. Move all four droplets squeezed from (20, 20) downward by 10 grid cells. Pairwise merge each of these four moved droplets with the corresponding droplet squeezed from (20, 40), producing four merged droplets. Then rotationally mix each of the four merged droplets for 3 rotations."
glm-5.3/depth4/glm-5.3-depth4-case5-run1.txt,"At (20, 20), perform a rightward squeeze operation with squeeze count 4, using a 2×2 source droplet. At (20, 40), perform another rightward squeeze operation with squeeze count 4, using a 2×2 source droplet. Move all four droplets squeezed from (20, 20) downward by 10 grid cells. Pairwise merge each of these four moved droplets with the corresponding droplet squeezed from (20, 40), producing four merged droplets. Then rotationally mix each of the four merged droplets for 3 rotations."
glm-5.3/depth4/glm-5.3-depth4-case5-run2.gif,"At (20, 20), perform a rightward squeeze operation with squeeze count 4, using a 2×2 source droplet. At (20, 40), perform another rightward squeeze operation with squeeze count 4, using a 2×2 source droplet. Move all four droplets squeezed from (20, 20) downward by 10 grid cells. Pairwise merge each of these four moved droplets with the corresponding droplet squeezed from (20, 40), producing four merged droplets. Then rotationally mix each of the four merged droplets for 3 rotations."
glm-5.3/depth4/glm-5.3-depth4-case5-run2.json,"At (20, 20), perform a rightward squeeze operation with squeeze count 4, using a 2×2 source droplet. At (20, 40), perform another rightward squeeze operation with squeeze count 4, using a 2×2 source droplet. Move all four droplets squeezed from (20, 20) downward by 10 grid cells. Pairwise merge each of these four moved droplets with the corresponding droplet squeezed from (20, 40), producing four merged droplets. Then rotationally mix each of the four merged droplets for 3 rotations."
glm-5.3/depth4/glm-5.3-depth4-case5-run2.txt,"At (20, 20), perform a rightward squeeze operation with squeeze count 4, using a 2×2 source droplet. At (20, 40), perform another rightward squeeze operation with squeeze count 4, using a 2×2 source droplet. Move all four droplets squeezed from (20, 20) downward by 10 grid cells. Pairwise merge each of these four moved droplets with the corresponding droplet squeezed from (20, 40), producing four merged droplets. Then rotationally mix each of the four merged droplets for 3 rotations."
glm-5.3/depth4/glm-5.3-depth4-case5-run3.gif,"At (20, 20), perform a rightward squeeze operation with squeeze count 4, using a 2×2 source droplet. At (20, 40), perform another rightward squeeze operation with squeeze count 4, using a 2×2 source droplet. Move all four droplets squeezed from (20, 20) downward by 10 grid cells. Pairwise merge each of these four moved droplets with the corresponding droplet squeezed from (20, 40), producing four merged droplets. Then rotationally mix each of the four merged droplets for 3 rotations."
glm-5.3/depth4/glm-5.3-depth4-case5-run3.json,"At (20, 20), perform a rightward squeeze operation with squeeze count 4, using a 2×2 source droplet. At (20, 40), perform another rightward squeeze operation with squeeze count 4, using a 2×2 source droplet. Move all four droplets squeezed from (20, 20) downward by 10 grid cells. Pairwise merge each of these four moved droplets with the corresponding droplet squeezed from (20, 40), producing four merged droplets. Then rotationally mix each of the four merged droplets for 3 rotations."
glm-5.3/depth4/glm-5.3-depth4-case5-run3.txt,"At (20, 20), perform a rightward squeeze operation with squeeze count 4, using a 2×2 source droplet. At (20, 40), perform another rightward squeeze operation with squeeze count 4, using a 2×2 source droplet. Move all four droplets squeezed from (20, 20) downward by 10 grid cells. Pairwise merge each of these four moved droplets with the corresponding droplet squeezed from (20, 40), producing four merged droplets. Then rotationally mix each of the four merged droplets for 3 rotations."
glm-5.3/depth4/glm-5.3-depth4-case5-run4.gif,"At (20, 20), perform a rightward squeeze operation with squeeze count 4, using a 2×2 source droplet. At (20, 40), perform another rightward squeeze operation with squeeze count 4, using a 2×2 source droplet. Move all four droplets squeezed from (20, 20) downward by 10 grid cells. Pairwise merge each of these four moved droplets with the corresponding droplet squeezed from (20, 40), producing four merged droplets. Then rotationally mix each of the four merged droplets for 3 rotations."
glm-5.3/depth4/glm-5.3-depth4-case5-run4.json,"At (20, 20), perform a rightward squeeze operation with squeeze count 4, using a 2×2 source droplet. At (20, 40), perform another rightward squeeze operation with squeeze count 4, using a 2×2 source droplet. Move all four droplets squeezed from (20, 20) downward by 10 grid cells. Pairwise merge each of these four moved droplets with the corresponding droplet squeezed from (20, 40), producing four merged droplets. Then rotationally mix each of the four merged droplets for 3 rotations."
glm-5.3/depth4/glm-5.3-depth4-case5-run4.txt,"At (20, 20), perform a rightward squeeze operation with squeeze count 4, using a 2×2 source droplet. At (20, 40), perform another rightward squeeze operation with squeeze count 4, using a 2×2 source droplet. Move all four droplets squeezed from (20, 20) downward by 10 grid cells. Pairwise merge each of these four moved droplets with the corresponding droplet squeezed from (20, 40), producing four merged droplets. Then rotationally mix each of the four merged droplets for 3 rotations."
glm-5.3/depth4/glm-5.3-depth4-case5-run5.gif,"At (20, 20), perform a rightward squeeze operation with squeeze count 4, using a 2×2 source droplet. At (20, 40), perform another rightward squeeze operation with squeeze count 4, using a 2×2 source droplet. Move all four droplets squeezed from (20, 20) downward by 10 grid cells. Pairwise merge each of these four moved droplets with the corresponding droplet squeezed from (20, 40), producing four merged droplets. Then rotationally mix each of the four merged droplets for 3 rotations."
glm-5.3/depth4/glm-5.3-depth4-case5-run5.json,"At (20, 20), perform a rightward squeeze operation with squeeze count 4, using a 2×2 source droplet. At (20, 40), perform another rightward squeeze operation with squeeze count 4, using a 2×2 source droplet. Move all four droplets squeezed from (20, 20) downward by 10 grid cells. Pairwise merge each of these four moved droplets with the corresponding droplet squeezed from (20, 40), producing four merged droplets. Then rotationally mix each of the four merged droplets for 3 rotations."
glm-5.3/depth4/glm-5.3-depth4-case5-run5.txt,"At (20, 20), perform a rightward squeeze operation with squeeze count 4, using a 2×2 source droplet. At (20, 40), perform another rightward squeeze operation with squeeze count 4, using a 2×2 source droplet. Move all four droplets squeezed from (20, 20) downward by 10 grid cells. Pairwise merge each of these four moved droplets with the corresponding droplet squeezed from (20, 40), producing four merged droplets. Then rotationally mix each of the four merged droplets for 3 rotations."
gpt-5.4/depth1/gpt-5.4-depth1-case1-run1.gif,"Generate 1 1×1 droplet at (30, 30) by squeezing to the right."
gpt-5.4/depth1/gpt-5.4-depth1-case1-run1.json,"Generate 1 1×1 droplet at (30, 30) by squeezing to the right."
gpt-5.4/depth1/gpt-5.4-depth1-case1-run1.txt,"Generate 1 1×1 droplet at (30, 30) by squeezing to the right."
gpt-5.4/depth1/gpt-5.4-depth1-case1-run2.gif,"Generate 1 1×1 droplet at (30, 30) by squeezing to the right."
gpt-5.4/depth1/gpt-5.4-depth1-case1-run2.json,"Generate 1 1×1 droplet at (30, 30) by squeezing to the right."
gpt-5.4/depth1/gpt-5.4-depth1-case1-run2.txt,"Generate 1 1×1 droplet at (30, 30) by squeezing to the right."
gpt-5.4/depth1/gpt-5.4-depth1-case1-run3.gif,"Generate 1 1×1 droplet at (30, 30) by squeezing to the right."
gpt-5.4/depth1/gpt-5.4-depth1-case1-run3.json,"Generate 1 1×1 droplet at (30, 30) by squeezing to the right."
gpt-5.4/depth1/gpt-5.4-depth1-case1-run3.txt,"Generate 1 1×1 droplet at (30, 30) by squeezing to the right."
gpt-5.4/depth1/gpt-5.4-depth1-case1-run4.gif,"Generate 1 1×1 droplet at (30, 30) by squeezing to the right."
gpt-5.4/depth1/gpt-5.4-depth1-case1-run4.json,"Generate 1 1×1 droplet at (30, 30) by squeezing to the right."
gpt-5.4/depth1/gpt-5.4-depth1-case1-run4.txt,"Generate 1 1×1 droplet at (30, 30) by squeezing to the right."
gpt-5.4/depth1/gpt-5.4-depth1-case1-run5.gif,"Generate 1 1×1 droplet at (30, 30) by squeezing to the right."
gpt-5.4/depth1/gpt-5.4-depth1-case1-run5.json,"Generate 1 1×1 droplet at (30, 30) by squeezing to the right."
gpt-5.4/depth1/gpt-5.4-depth1-case1-run5.txt,"Generate 1 1×1 droplet at (30, 30) by squeezing to the right."
gpt-5.4/depth1/gpt-5.4-depth1-case2-run1.gif,"Generate 2 1×1 droplets at (10, 10) by squeezing to the right."
gpt-5.4/depth1/gpt-5.4-depth1-case2-run1.json,"Generate 2 1×1 droplets at (10, 10) by squeezing to the right."
gpt-5.4/depth1/gpt-5.4-depth1-case2-run1.txt,"Generate 2 1×1 droplets at (10, 10) by squeezing to the right."
gpt-5.4/depth1/gpt-5.4-depth1-case2-run2.gif,"Generate 2 1×1 droplets at (10, 10) by squeezing to the right."
gpt-5.4/depth1/gpt-5.4-depth1-case2-run2.json,"Generate 2 1×1 droplets at (10, 10) by squeezing to the right."
gpt-5.4/depth1/gpt-5.4-depth1-case2-run2.txt,"Generate 2 1×1 droplets at (10, 10) by squeezing to the right."
gpt-5.4/depth1/gpt-5.4-depth1-case2-run3.gif,"Generate 2 1×1 droplets at (10, 10) by squeezing to the right."
gpt-5.4/depth1/gpt-5.4-depth1-case2-run3.json,"Generate 2 1×1 droplets at (10, 10) by squeezing to the right."
gpt-5.4/depth1/gpt-5.4-depth1-case2-run3.txt,"Generate 2 1×1 droplets at (10, 10) by squeezing to the right."
gpt-5.4/depth1/gpt-5.4-depth1-case2-run4.gif,"Generate 2 1×1 droplets at (10, 10) by squeezing to the right."
gpt-5.4/depth1/gpt-5.4-depth1-case2-run4.json,"Generate 2 1×1 droplets at (10, 10) by squeezing to the right."
gpt-5.4/depth1/gpt-5.4-depth1-case2-run4.txt,"Generate 2 1×1 droplets at (10, 10) by squeezing to the right."
gpt-5.4/depth1/gpt-5.4-depth1-case2-run5.gif,"Generate 2 1×1 droplets at (10, 10) by squeezing to the right."
gpt-5.4/depth1/gpt-5.4-depth1-case2-run5.json,"Generate 2 1×1 droplets at (10, 10) by squeezing to the right."
gpt-5.4/depth1/gpt-5.4-depth1-case2-run5.txt,"Generate 2 1×1 droplets at (10, 10) by squeezing to the right."
gpt-5.4/depth1/gpt-5.4-depth1-case3-run1.gif,"Merge the 1×1 droplet located at (10, 10) with the 1×1 droplet located at (15, 10)."
gpt-5.4/depth1/gpt-5.4-depth1-case3-run1.json,"Merge the 1×1 droplet located at (10, 10) with the 1×1 droplet located at (15, 10)."
gpt-5.4/depth1/gpt-5.4-depth1-case3-run1.txt,"Merge the 1×1 droplet located at (10, 10) with the 1×1 droplet located at (15, 10)."
gpt-5.4/depth1/gpt-5.4-depth1-case3-run2.gif,"Merge the 1×1 droplet located at (10, 10) with the 1×1 droplet located at (15, 10)."
gpt-5.4/depth1/gpt-5.4-depth1-case3-run2.json,"Merge the 1×1 droplet located at (10, 10) with the 1×1 droplet located at (15, 10)."
gpt-5.4/depth1/gpt-5.4-depth1-case3-run2.txt,"Merge the 1×1 droplet located at (10, 10) with the 1×1 droplet located at (15, 10)."
gpt-5.4/depth1/gpt-5.4-depth1-case3-run3.gif,"Merge the 1×1 droplet located at (10, 10) with the 1×1 droplet located at (15, 10)."
gpt-5.4/depth1/gpt-5.4-depth1-case3-run3.json,"Merge the 1×1 droplet located at (10, 10) with the 1×1 droplet located at (15, 10)."
gpt-5.4/depth1/gpt-5.4-depth1-case3-run3.txt,"Merge the 1×1 droplet located at (10, 10) with the 1×1 droplet located at (15, 10)."
gpt-5.4/depth1/gpt-5.4-depth1-case3-run4.gif,"Merge the 1×1 droplet located at (10, 10) with the 1×1 droplet located at (15, 10)."
gpt-5.4/depth1/gpt-5.4-depth1-case3-run4.json,"Merge the 1×1 droplet located at (10, 10) with the 1×1 droplet located at (15, 10)."
gpt-5.4/depth1/gpt-5.4-depth1-case3-run4.txt,"Merge the 1×1 droplet located at (10, 10) with the 1×1 droplet located at (15, 10)."
gpt-5.4/depth1/gpt-5.4-depth1-case3-run5.gif,"Merge the 1×1 droplet located at (10, 10) with the 1×1 droplet located at (15, 10)."
gpt-5.4/depth1/gpt-5.4-depth1-case3-run5.json,"Merge the 1×1 droplet located at (10, 10) with the 1×1 droplet located at (15, 10)."
gpt-5.4/depth1/gpt-5.4-depth1-case3-run5.txt,"Merge the 1×1 droplet located at (10, 10) with the 1×1 droplet located at (15, 10)."
gpt-5.4/depth1/gpt-5.4-depth1-case4-run1.gif,"Perform 2 cycles of rotational mixing on 1 droplet of size 1×1 located at (25, 25)."
gpt-5.4/depth1/gpt-5.4-depth1-case4-run1.json,"Perform 2 cycles of rotational mixing on 1 droplet of size 1×1 located at (25, 25)."
gpt-5.4/depth1/gpt-5.4-depth1-case4-run1.txt,"Perform 2 cycles of rotational mixing on 1 droplet of size 1×1 located at (25, 25)."
gpt-5.4/depth1/gpt-5.4-depth1-case4-run2.gif,"Perform 2 cycles of rotational mixing on 1 droplet of size 1×1 located at (25, 25)."
gpt-5.4/depth1/gpt-5.4-depth1-case4-run2.json,"Perform 2 cycles of rotational mixing on 1 droplet of size 1×1 located at (25, 25)."
gpt-5.4/depth1/gpt-5.4-depth1-case4-run2.txt,"Perform 2 cycles of rotational mixing on 1 droplet of size 1×1 located at (25, 25)."
gpt-5.4/depth1/gpt-5.4-depth1-case4-run3.gif,"Perform 2 cycles of rotational mixing on 1 droplet of size 1×1 located at (25, 25)."
gpt-5.4/depth1/gpt-5.4-depth1-case4-run3.json,"Perform 2 cycles of rotational mixing on 1 droplet of size 1×1 located at (25, 25)."
gpt-5.4/depth1/gpt-5.4-depth1-case4-run3.txt,"Perform 2 cycles of rotational mixing on 1 droplet of size 1×1 located at (25, 25)."
gpt-5.4/depth1/gpt-5.4-depth1-case4-run4.gif,"Perform 2 cycles of rotational mixing on 1 droplet of size 1×1 located at (25, 25)."
gpt-5.4/depth1/gpt-5.4-depth1-case4-run4.json,"Perform 2 cycles of rotational mixing on 1 droplet of size 1×1 located at (25, 25)."
gpt-5.4/depth1/gpt-5.4-depth1-case4-run4.txt,"Perform 2 cycles of rotational mixing on 1 droplet of size 1×1 located at (25, 25)."
gpt-5.4/depth1/gpt-5.4-depth1-case4-run5.gif,"Perform 2 cycles of rotational mixing on 1 droplet of size 1×1 located at (25, 25)."
gpt-5.4/depth1/gpt-5.4-depth1-case4-run5.json,"Perform 2 cycles of rotational mixing on 1 droplet of size 1×1 located at (25, 25)."
gpt-5.4/depth1/gpt-5.4-depth1-case4-run5.txt,"Perform 2 cycles of rotational mixing on 1 droplet of size 1×1 located at (25, 25)."
gpt-5.4/depth1/gpt-5.4-depth1-case5-run1.gif,"Move 1 droplet of size 1×1 located at (15, 15) 20 grid cells to the right."
gpt-5.4/depth1/gpt-5.4-depth1-case5-run1.json,"Move 1 droplet of size 1×1 located at (15, 15) 20 grid cells to the right."
gpt-5.4/depth1/gpt-5.4-depth1-case5-run1.txt,"Move 1 droplet of size 1×1 located at (15, 15) 20 grid cells to the right."
gpt-5.4/depth1/gpt-5.4-depth1-case5-run2.gif,"Move 1 droplet of size 1×1 located at (15, 15) 20 grid cells to the right."
gpt-5.4/depth1/gpt-5.4-depth1-case5-run2.json,"Move 1 droplet of size 1×1 located at (15, 15) 20 grid cells to the right."
gpt-5.4/depth1/gpt-5.4-depth1-case5-run2.txt,"Move 1 droplet of size 1×1 located at (15, 15) 20 grid cells to the right."
gpt-5.4/depth1/gpt-5.4-depth1-case5-run3.gif,"Move 1 droplet of size 1×1 located at (15, 15) 20 grid cells to the right."
gpt-5.4/depth1/gpt-5.4-depth1-case5-run3.json,"Move 1 droplet of size 1×1 located at (15, 15) 20 grid cells to the right."
gpt-5.4/depth1/gpt-5.4-depth1-case5-run3.txt,"Move 1 droplet of size 1×1 located at (15, 15) 20 grid cells to the right."
gpt-5.4/depth1/gpt-5.4-depth1-case5-run4.gif,"Move 1 droplet of size 1×1 located at (15, 15) 20 grid cells to the right."
gpt-5.4/depth1/gpt-5.4-depth1-case5-run4.json,"Move 1 droplet of size 1×1 located at (15, 15) 20 grid cells to the right."
gpt-5.4/depth1/gpt-5.4-depth1-case5-run4.txt,"Move 1 droplet of size 1×1 located at (15, 15) 20 grid cells to the right."
gpt-5.4/depth1/gpt-5.4-depth1-case5-run5.gif,"Move 1 droplet of size 1×1 located at (15, 15) 20 grid cells to the right."
gpt-5.4/depth1/gpt-5.4-depth1-case5-run5.json,"Move 1 droplet of size 1×1 located at (15, 15) 20 grid cells to the right."
gpt-5.4/depth1/gpt-5.4-depth1-case5-run5.txt,"Move 1 droplet of size 1×1 located at (15, 15) 20 grid cells to the right."
gpt-5.4/depth2/gpt-5.4-depth2-case1-run1.gif,"At (30, 30), perform a rightward squeeze operation with squeeze count 1, using a 2×2 source droplet. Then move the squeezed droplet upward by 10 grid cells."
gpt-5.4/depth2/gpt-5.4-depth2-case1-run1.json,"At (30, 30), perform a rightward squeeze operation with squeeze count 1, using a 2×2 source droplet. Then move the squeezed droplet upward by 10 grid cells."
gpt-5.4/depth2/gpt-5.4-depth2-case1-run1.txt,"At (30, 30), perform a rightward squeeze operation with squeeze count 1, using a 2×2 source droplet. Then move the squeezed droplet upward by 10 grid cells."
gpt-5.4/depth2/gpt-5.4-depth2-case1-run2.gif,"At (30, 30), perform a rightward squeeze operation with squeeze count 1, using a 2×2 source droplet. Then move the squeezed droplet upward by 10 grid cells."
gpt-5.4/depth2/gpt-5.4-depth2-case1-run2.json,"At (30, 30), perform a rightward squeeze operation with squeeze count 1, using a 2×2 source droplet. Then move the squeezed droplet upward by 10 grid cells."
gpt-5.4/depth2/gpt-5.4-depth2-case1-run2.txt,"At (30, 30), perform a rightward squeeze operation with squeeze count 1, using a 2×2 source droplet. Then move the squeezed droplet upward by 10 grid cells."
gpt-5.4/depth2/gpt-5.4-depth2-case1-run3.gif,"At (30, 30), perform a rightward squeeze operation with squeeze count 1, using a 2×2 source droplet. Then move the squeezed droplet upward by 10 grid cells."
gpt-5.4/depth2/gpt-5.4-depth2-case1-run3.json,"At (30, 30), perform a rightward squeeze operation with squeeze count 1, using a 2×2 source droplet. Then move the squeezed droplet upward by 10 grid cells."
gpt-5.4/depth2/gpt-5.4-depth2-case1-run3.txt,"At (30, 30), perform a rightward squeeze operation with squeeze count 1, using a 2×2 source droplet. Then move the squeezed droplet upward by 10 grid cells."
gpt-5.4/depth2/gpt-5.4-depth2-case1-run4.gif,"At (30, 30), perform a rightward squeeze operation with squeeze count 1, using a 2×2 source droplet. Then move the squeezed droplet upward by 10 grid cells."
gpt-5.4/depth2/gpt-5.4-depth2-case1-run4.json,"At (30, 30), perform a rightward squeeze operation with squeeze count 1, using a 2×2 source droplet. Then move the squeezed droplet upward by 10 grid cells."
gpt-5.4/depth2/gpt-5.4-depth2-case1-run4.txt,"At (30, 30), perform a rightward squeeze operation with squeeze count 1, using a 2×2 source droplet. Then move the squeezed droplet upward by 10 grid cells."
gpt-5.4/depth2/gpt-5.4-depth2-case1-run5.gif,"At (30, 30), perform a rightward squeeze operation with squeeze count 1, using a 2×2 source droplet. Then move the squeezed droplet upward by 10 grid cells."
gpt-5.4/depth2/gpt-5.4-depth2-case1-run5.json,"At (30, 30), perform a rightward squeeze operation with squeeze count 1, using a 2×2 source droplet. Then move the squeezed droplet upward by 10 grid cells."
gpt-5.4/depth2/gpt-5.4-depth2-case1-run5.txt,"At (30, 30), perform a rightward squeeze operation with squeeze count 1, using a 2×2 source droplet. Then move the squeezed droplet upward by 10 grid cells."
gpt-5.4/depth2/gpt-5.4-depth2-case2-run1.gif,"At (50, 50), perform a downward squeeze operation with squeeze count 1, using a 3×3 source droplet. Then rotationally mix the squeezed droplet for 3 rotations."
gpt-5.4/depth2/gpt-5.4-depth2-case2-run1.json,"At (50, 50), perform a downward squeeze operation with squeeze count 1, using a 3×3 source droplet. Then rotationally mix the squeezed droplet for 3 rotations."
gpt-5.4/depth2/gpt-5.4-depth2-case2-run1.txt,"At (50, 50), perform a downward squeeze operation with squeeze count 1, using a 3×3 source droplet. Then rotationally mix the squeezed droplet for 3 rotations."
gpt-5.4/depth2/gpt-5.4-depth2-case2-run2.gif,"At (50, 50), perform a downward squeeze operation with squeeze count 1, using a 3×3 source droplet. Then rotationally mix the squeezed droplet for 3 rotations."
gpt-5.4/depth2/gpt-5.4-depth2-case2-run2.json,"At (50, 50), perform a downward squeeze operation with squeeze count 1, using a 3×3 source droplet. Then rotationally mix the squeezed droplet for 3 rotations."
gpt-5.4/depth2/gpt-5.4-depth2-case2-run2.txt,"At (50, 50), perform a downward squeeze operation with squeeze count 1, using a 3×3 source droplet. Then rotationally mix the squeezed droplet for 3 rotations."
gpt-5.4/depth2/gpt-5.4-depth2-case2-run3.gif,"At (50, 50), perform a downward squeeze operation with squeeze count 1, using a 3×3 source droplet. Then rotationally mix the squeezed droplet for 3 rotations."
gpt-5.4/depth2/gpt-5.4-depth2-case2-run3.json,"At (50, 50), perform a downward squeeze operation with squeeze count 1, using a 3×3 source droplet. Then rotationally mix the squeezed droplet for 3 rotations."
gpt-5.4/depth2/gpt-5.4-depth2-case2-run3.txt,"At (50, 50), perform a downward squeeze operation with squeeze count 1, using a 3×3 source droplet. Then rotationally mix the squeezed droplet for 3 rotations."
gpt-5.4/depth2/gpt-5.4-depth2-case2-run4.gif,"At (50, 50), perform a downward squeeze operation with squeeze count 1, using a 3×3 source droplet. Then rotationally mix the squeezed droplet for 3 rotations."
gpt-5.4/depth2/gpt-5.4-depth2-case2-run4.json,"At (50, 50), perform a downward squeeze operation with squeeze count 1, using a 3×3 source droplet. Then rotationally mix the squeezed droplet for 3 rotations."
gpt-5.4/depth2/gpt-5.4-depth2-case2-run4.txt,"At (50, 50), perform a downward squeeze operation with squeeze count 1, using a 3×3 source droplet. Then rotationally mix the squeezed droplet for 3 rotations."
gpt-5.4/depth2/gpt-5.4-depth2-case2-run5.gif,"At (50, 50), perform a downward squeeze operation with squeeze count 1, using a 3×3 source droplet. Then rotationally mix the squeezed droplet for 3 rotations."
gpt-5.4/depth2/gpt-5.4-depth2-case2-run5.json,"At (50, 50), perform a downward squeeze operation with squeeze count 1, using a 3×3 source droplet. Then rotationally mix the squeezed droplet for 3 rotations."
gpt-5.4/depth2/gpt-5.4-depth2-case2-run5.txt,"At (50, 50), perform a downward squeeze operation with squeeze count 1, using a 3×3 source droplet. Then rotationally mix the squeezed droplet for 3 rotations."
gpt-5.4/depth2/gpt-5.4-depth2-case3-run1.gif,"Initially, there is one 2×2 droplet at (10, 10) and another 2×2 droplet at (10, 16). Merge these two droplets. Then rotationally mix the merged droplet for 2 rotations."
gpt-5.4/depth2/gpt-5.4-depth2-case3-run1.json,"Initially, there is one 2×2 droplet at (10, 10) and another 2×2 droplet at (10, 16). Merge these two droplets. Then rotationally mix the merged droplet for 2 rotations."
gpt-5.4/depth2/gpt-5.4-depth2-case3-run1.txt,"Initially, there is one 2×2 droplet at (10, 10) and another 2×2 droplet at (10, 16). Merge these two droplets. Then rotationally mix the merged droplet for 2 rotations."
gpt-5.4/depth2/gpt-5.4-depth2-case3-run2.gif,"Initially, there is one 2×2 droplet at (10, 10) and another 2×2 droplet at (10, 16). Merge these two droplets. Then rotationally mix the merged droplet for 2 rotations."
gpt-5.4/depth2/gpt-5.4-depth2-case3-run2.json,"Initially, there is one 2×2 droplet at (10, 10) and another 2×2 droplet at (10, 16). Merge these two droplets. Then rotationally mix the merged droplet for 2 rotations."
gpt-5.4/depth2/gpt-5.4-depth2-case3-run2.txt,"Initially, there is one 2×2 droplet at (10, 10) and another 2×2 droplet at (10, 16). Merge these two droplets. Then rotationally mix the merged droplet for 2 rotations."
gpt-5.4/depth2/gpt-5.4-depth2-case3-run3.gif,"Initially, there is one 2×2 droplet at (10, 10) and another 2×2 droplet at (10, 16). Merge these two droplets. Then rotationally mix the merged droplet for 2 rotations."
gpt-5.4/depth2/gpt-5.4-depth2-case3-run3.json,"Initially, there is one 2×2 droplet at (10, 10) and another 2×2 droplet at (10, 16). Merge these two droplets. Then rotationally mix the merged droplet for 2 rotations."
gpt-5.4/depth2/gpt-5.4-depth2-case3-run3.txt,"Initially, there is one 2×2 droplet at (10, 10) and another 2×2 droplet at (10, 16). Merge these two droplets. Then rotationally mix the merged droplet for 2 rotations."
gpt-5.4/depth2/gpt-5.4-depth2-case3-run4.gif,"Initially, there is one 2×2 droplet at (10, 10) and another 2×2 droplet at (10, 16). Merge these two droplets. Then rotationally mix the merged droplet for 2 rotations."
gpt-5.4/depth2/gpt-5.4-depth2-case3-run4.json,"Initially, there is one 2×2 droplet at (10, 10) and another 2×2 droplet at (10, 16). Merge these two droplets. Then rotationally mix the merged droplet for 2 rotations."
gpt-5.4/depth2/gpt-5.4-depth2-case3-run4.txt,"Initially, there is one 2×2 droplet at (10, 10) and another 2×2 droplet at (10, 16). Merge these two droplets. Then rotationally mix the merged droplet for 2 rotations."
gpt-5.4/depth2/gpt-5.4-depth2-case3-run5.gif,"Initially, there is one 2×2 droplet at (10, 10) and another 2×2 droplet at (10, 16). Merge these two droplets. Then rotationally mix the merged droplet for 2 rotations."
gpt-5.4/depth2/gpt-5.4-depth2-case3-run5.json,"Initially, there is one 2×2 droplet at (10, 10) and another 2×2 droplet at (10, 16). Merge these two droplets. Then rotationally mix the merged droplet for 2 rotations."
gpt-5.4/depth2/gpt-5.4-depth2-case3-run5.txt,"Initially, there is one 2×2 droplet at (10, 10) and another 2×2 droplet at (10, 16). Merge these two droplets. Then rotationally mix the merged droplet for 2 rotations."
gpt-5.4/depth2/gpt-5.4-depth2-case4-run1.gif,"Initially, there is one 3×3 droplet at (40, 40). Move this droplet to the left by 12 grid cells. Then rotationally mix the moved droplet for 4 rotations."
gpt-5.4/depth2/gpt-5.4-depth2-case4-run1.json,"Initially, there is one 3×3 droplet at (40, 40). Move this droplet to the left by 12 grid cells. Then rotationally mix the moved droplet for 4 rotations."
gpt-5.4/depth2/gpt-5.4-depth2-case4-run1.txt,"Initially, there is one 3×3 droplet at (40, 40). Move this droplet to the left by 12 grid cells. Then rotationally mix the moved droplet for 4 rotations."
gpt-5.4/depth2/gpt-5.4-depth2-case4-run2.gif,"Initially, there is one 3×3 droplet at (40, 40). Move this droplet to the left by 12 grid cells. Then rotationally mix the moved droplet for 4 rotations."
gpt-5.4/depth2/gpt-5.4-depth2-case4-run2.json,"Initially, there is one 3×3 droplet at (40, 40). Move this droplet to the left by 12 grid cells. Then rotationally mix the moved droplet for 4 rotations."
gpt-5.4/depth2/gpt-5.4-depth2-case4-run2.txt,"Initially, there is one 3×3 droplet at (40, 40). Move this droplet to the left by 12 grid cells. Then rotationally mix the moved droplet for 4 rotations."
gpt-5.4/depth2/gpt-5.4-depth2-case4-run3.json,"Initially, there is one 3×3 droplet at (40, 40). Move this droplet to the left by 12 grid cells. Then rotationally mix the moved droplet for 4 rotations."
gpt-5.4/depth2/gpt-5.4-depth2-case4-run4.gif,"Initially, there is one 3×3 droplet at (40, 40). Move this droplet to the left by 12 grid cells. Then rotationally mix the moved droplet for 4 rotations."
gpt-5.4/depth2/gpt-5.4-depth2-case4-run4.json,"Initially, there is one 3×3 droplet at (40, 40). Move this droplet to the left by 12 grid cells. Then rotationally mix the moved droplet for 4 rotations."
gpt-5.4/depth2/gpt-5.4-depth2-case4-run4.txt,"Initially, there is one 3×3 droplet at (40, 40). Move this droplet to the left by 12 grid cells. Then rotationally mix the moved droplet for 4 rotations."
gpt-5.4/depth2/gpt-5.4-depth2-case4-run5.gif,"Initially, there is one 3×3 droplet at (40, 40). Move this droplet to the left by 12 grid cells. Then rotationally mix the moved droplet for 4 rotations."
gpt-5.4/depth2/gpt-5.4-depth2-case4-run5.json,"Initially, there is one 3×3 droplet at (40, 40). Move this droplet to the left by 12 grid cells. Then rotationally mix the moved droplet for 4 rotations."
gpt-5.4/depth2/gpt-5.4-depth2-case4-run5.txt,"Initially, there is one 3×3 droplet at (40, 40). Move this droplet to the left by 12 grid cells. Then rotationally mix the moved droplet for 4 rotations."
gpt-5.4/depth2/gpt-5.4-depth2-case5-run1.gif,"At (90, 20), perform a leftward squeeze operation with squeeze count 4, using a 4×4 source droplet. Then move all four squeezed droplets downward by 20 grid cells."
gpt-5.4/depth2/gpt-5.4-depth2-case5-run1.json,"At (90, 20), perform a leftward squeeze operation with squeeze count 4, using a 4×4 source droplet. Then move all four squeezed droplets downward by 20 grid cells."
gpt-5.4/depth2/gpt-5.4-depth2-case5-run1.txt,"At (90, 20), perform a leftward squeeze operation with squeeze count 4, using a 4×4 source droplet. Then move all four squeezed droplets downward by 20 grid cells."
gpt-5.4/depth2/gpt-5.4-depth2-case5-run2.gif,"At (90, 20), perform a leftward squeeze operation with squeeze count 4, using a 4×4 source droplet. Then move all four squeezed droplets downward by 20 grid cells."
gpt-5.4/depth2/gpt-5.4-depth2-case5-run2.json,"At (90, 20), perform a leftward squeeze operation with squeeze count 4, using a 4×4 source droplet. Then move all four squeezed droplets downward by 20 grid cells."
gpt-5.4/depth2/gpt-5.4-depth2-case5-run2.txt,"At (90, 20), perform a leftward squeeze operation with squeeze count 4, using a 4×4 source droplet. Then move all four squeezed droplets downward by 20 grid cells."
gpt-5.4/depth2/gpt-5.4-depth2-case5-run3.gif,"At (90, 20), perform a leftward squeeze operation with squeeze count 4, using a 4×4 source droplet. Then move all four squeezed droplets downward by 20 grid cells."
gpt-5.4/depth2/gpt-5.4-depth2-case5-run3.json,"At (90, 20), perform a leftward squeeze operation with squeeze count 4, using a 4×4 source droplet. Then move all four squeezed droplets downward by 20 grid cells."
gpt-5.4/depth2/gpt-5.4-depth2-case5-run3.txt,"At (90, 20), perform a leftward squeeze operation with squeeze count 4, using a 4×4 source droplet. Then move all four squeezed droplets downward by 20 grid cells."
gpt-5.4/depth2/gpt-5.4-depth2-case5-run4.gif,"At (90, 20), perform a leftward squeeze operation with squeeze count 4, using a 4×4 source droplet. Then move all four squeezed droplets downward by 20 grid cells."
gpt-5.4/depth2/gpt-5.4-depth2-case5-run4.json,"At (90, 20), perform a leftward squeeze operation with squeeze count 4, using a 4×4 source droplet. Then move all four squeezed droplets downward by 20 grid cells."
gpt-5.4/depth2/gpt-5.4-depth2-case5-run4.txt,"At (90, 20), perform a leftward squeeze operation with squeeze count 4, using a 4×4 source droplet. Then move all four squeezed droplets downward by 20 grid cells."
gpt-5.4/depth2/gpt-5.4-depth2-case5-run5.gif,"At (90, 20), perform a leftward squeeze operation with squeeze count 4, using a 4×4 source droplet. Then move all four squeezed droplets downward by 20 grid cells."
gpt-5.4/depth2/gpt-5.4-depth2-case5-run5.json,"At (90, 20), perform a leftward squeeze operation with squeeze count 4, using a 4×4 source droplet. Then move all four squeezed droplets downward by 20 grid cells."
gpt-5.4/depth2/gpt-5.4-depth2-case5-run5.txt,"At (90, 20), perform a leftward squeeze operation with squeeze count 4, using a 4×4 source droplet. Then move all four squeezed droplets downward by 20 grid cells."
gpt-5.4/depth3/gpt-5.4-depth3-case1-run1.gif,"At (20, 20), perform a rightward squeeze operation with squeeze count 1, using a 2×2 source droplet. Move the squeezed droplet downward by 10 grid cells. Then rotationally mix the moved droplet for 3 rotations."
gpt-5.4/depth3/gpt-5.4-depth3-case1-run1.json,"At (20, 20), perform a rightward squeeze operation with squeeze count 1, using a 2×2 source droplet. Move the squeezed droplet downward by 10 grid cells. Then rotationally mix the moved droplet for 3 rotations."
gpt-5.4/depth3/gpt-5.4-depth3-case1-run1.txt,"At (20, 20), perform a rightward squeeze operation with squeeze count 1, using a 2×2 source droplet. Move the squeezed droplet downward by 10 grid cells. Then rotationally mix the moved droplet for 3 rotations."
gpt-5.4/depth3/gpt-5.4-depth3-case1-run2.gif,"At (20, 20), perform a rightward squeeze operation with squeeze count 1, using a 2×2 source droplet. Move the squeezed droplet downward by 10 grid cells. Then rotationally mix the moved droplet for 3 rotations."
gpt-5.4/depth3/gpt-5.4-depth3-case1-run2.json,"At (20, 20), perform a rightward squeeze operation with squeeze count 1, using a 2×2 source droplet. Move the squeezed droplet downward by 10 grid cells. Then rotationally mix the moved droplet for 3 rotations."
gpt-5.4/depth3/gpt-5.4-depth3-case1-run2.txt,"At (20, 20), perform a rightward squeeze operation with squeeze count 1, using a 2×2 source droplet. Move the squeezed droplet downward by 10 grid cells. Then rotationally mix the moved droplet for 3 rotations."
gpt-5.4/depth3/gpt-5.4-depth3-case1-run3.gif,"At (20, 20), perform a rightward squeeze operation with squeeze count 1, using a 2×2 source droplet. Move the squeezed droplet downward by 10 grid cells. Then rotationally mix the moved droplet for 3 rotations."
gpt-5.4/depth3/gpt-5.4-depth3-case1-run3.json,"At (20, 20), perform a rightward squeeze operation with squeeze count 1, using a 2×2 source droplet. Move the squeezed droplet downward by 10 grid cells. Then rotationally mix the moved droplet for 3 rotations."
gpt-5.4/depth3/gpt-5.4-depth3-case1-run3.txt,"At (20, 20), perform a rightward squeeze operation with squeeze count 1, using a 2×2 source droplet. Move the squeezed droplet downward by 10 grid cells. Then rotationally mix the moved droplet for 3 rotations."
gpt-5.4/depth3/gpt-5.4-depth3-case1-run4.gif,"At (20, 20), perform a rightward squeeze operation with squeeze count 1, using a 2×2 source droplet. Move the squeezed droplet downward by 10 grid cells. Then rotationally mix the moved droplet for 3 rotations."
gpt-5.4/depth3/gpt-5.4-depth3-case1-run4.json,"At (20, 20), perform a rightward squeeze operation with squeeze count 1, using a 2×2 source droplet. Move the squeezed droplet downward by 10 grid cells. Then rotationally mix the moved droplet for 3 rotations."
gpt-5.4/depth3/gpt-5.4-depth3-case1-run4.txt,"At (20, 20), perform a rightward squeeze operation with squeeze count 1, using a 2×2 source droplet. Move the squeezed droplet downward by 10 grid cells. Then rotationally mix the moved droplet for 3 rotations."
gpt-5.4/depth3/gpt-5.4-depth3-case1-run5.gif,"At (20, 20), perform a rightward squeeze operation with squeeze count 1, using a 2×2 source droplet. Move the squeezed droplet downward by 10 grid cells. Then rotationally mix the moved droplet for 3 rotations."
gpt-5.4/depth3/gpt-5.4-depth3-case1-run5.json,"At (20, 20), perform a rightward squeeze operation with squeeze count 1, using a 2×2 source droplet. Move the squeezed droplet downward by 10 grid cells. Then rotationally mix the moved droplet for 3 rotations."
gpt-5.4/depth3/gpt-5.4-depth3-case1-run5.txt,"At (20, 20), perform a rightward squeeze operation with squeeze count 1, using a 2×2 source droplet. Move the squeezed droplet downward by 10 grid cells. Then rotationally mix the moved droplet for 3 rotations."
gpt-5.4/depth3/gpt-5.4-depth3-case2-run1.gif,"Initially, there is one 1×2 droplet at (13, 21). At (15, 15), perform a downward squeeze operation with squeeze count 1, using a 2×2 source droplet. Merge the squeezed droplet with the pre-existing 1×2 droplet at (13, 21). Then rotationally mix the merged droplet for 3 rotations."
gpt-5.4/depth3/gpt-5.4-depth3-case2-run1.json,"Initially, there is one 1×2 droplet at (13, 21). At (15, 15), perform a downward squeeze operation with squeeze count 1, using a 2×2 source droplet. Merge the squeezed droplet with the pre-existing 1×2 droplet at (13, 21). Then rotationally mix the merged droplet for 3 rotations."
gpt-5.4/depth3/gpt-5.4-depth3-case2-run1.txt,"Initially, there is one 1×2 droplet at (13, 21). At (15, 15), perform a downward squeeze operation with squeeze count 1, using a 2×2 source droplet. Merge the squeezed droplet with the pre-existing 1×2 droplet at (13, 21). Then rotationally mix the merged droplet for 3 rotations."
gpt-5.4/depth3/gpt-5.4-depth3-case2-run2.gif,"Initially, there is one 1×2 droplet at (13, 21). At (15, 15), perform a downward squeeze operation with squeeze count 1, using a 2×2 source droplet. Merge the squeezed droplet with the pre-existing 1×2 droplet at (13, 21). Then rotationally mix the merged droplet for 3 rotations."
gpt-5.4/depth3/gpt-5.4-depth3-case2-run2.json,"Initially, there is one 1×2 droplet at (13, 21). At (15, 15), perform a downward squeeze operation with squeeze count 1, using a 2×2 source droplet. Merge the squeezed droplet with the pre-existing 1×2 droplet at (13, 21). Then rotationally mix the merged droplet for 3 rotations."
gpt-5.4/depth3/gpt-5.4-depth3-case2-run2.txt,"Initially, there is one 1×2 droplet at (13, 21). At (15, 15), perform a downward squeeze operation with squeeze count 1, using a 2×2 source droplet. Merge the squeezed droplet with the pre-existing 1×2 droplet at (13, 21). Then rotationally mix the merged droplet for 3 rotations."
gpt-5.4/depth3/gpt-5.4-depth3-case2-run3.gif,"Initially, there is one 1×2 droplet at (13, 21). At (15, 15), perform a downward squeeze operation with squeeze count 1, using a 2×2 source droplet. Merge the squeezed droplet with the pre-existing 1×2 droplet at (13, 21). Then rotationally mix the merged droplet for 3 rotations."
gpt-5.4/depth3/gpt-5.4-depth3-case2-run3.json,"Initially, there is one 1×2 droplet at (13, 21). At (15, 15), perform a downward squeeze operation with squeeze count 1, using a 2×2 source droplet. Merge the squeezed droplet with the pre-existing 1×2 droplet at (13, 21). Then rotationally mix the merged droplet for 3 rotations."
gpt-5.4/depth3/gpt-5.4-depth3-case2-run3.txt,"Initially, there is one 1×2 droplet at (13, 21). At (15, 15), perform a downward squeeze operation with squeeze count 1, using a 2×2 source droplet. Merge the squeezed droplet with the pre-existing 1×2 droplet at (13, 21). Then rotationally mix the merged droplet for 3 rotations."
gpt-5.4/depth3/gpt-5.4-depth3-case2-run4.json,"Initially, there is one 1×2 droplet at (13, 21). At (15, 15), perform a downward squeeze operation with squeeze count 1, using a 2×2 source droplet. Merge the squeezed droplet with the pre-existing 1×2 droplet at (13, 21). Then rotationally mix the merged droplet for 3 rotations."
gpt-5.4/depth3/gpt-5.4-depth3-case2-run5.gif,"Initially, there is one 1×2 droplet at (13, 21). At (15, 15), perform a downward squeeze operation with squeeze count 1, using a 2×2 source droplet. Merge the squeezed droplet with the pre-existing 1×2 droplet at (13, 21). Then rotationally mix the merged droplet for 3 rotations."
gpt-5.4/depth3/gpt-5.4-depth3-case2-run5.json,"Initially, there is one 1×2 droplet at (13, 21). At (15, 15), perform a downward squeeze operation with squeeze count 1, using a 2×2 source droplet. Merge the squeezed droplet with the pre-existing 1×2 droplet at (13, 21). Then rotationally mix the merged droplet for 3 rotations."
gpt-5.4/depth3/gpt-5.4-depth3-case2-run5.txt,"Initially, there is one 1×2 droplet at (13, 21). At (15, 15), perform a downward squeeze operation with squeeze count 1, using a 2×2 source droplet. Merge the squeezed droplet with the pre-existing 1×2 droplet at (13, 21). Then rotationally mix the merged droplet for 3 rotations."
gpt-5.4/depth3/gpt-5.4-depth3-case3-run1.gif,"Initially, there is one 2×2 droplet at (30, 30) and another 2×2 droplet at (36, 30). Merge these two droplets. Move the merged droplet downward by 10 grid cells. Then rotationally mix the moved droplet for 2 rotations."
gpt-5.4/depth3/gpt-5.4-depth3-case3-run1.json,"Initially, there is one 2×2 droplet at (30, 30) and another 2×2 droplet at (36, 30). Merge these two droplets. Move the merged droplet downward by 10 grid cells. Then rotationally mix the moved droplet for 2 rotations."
gpt-5.4/depth3/gpt-5.4-depth3-case3-run1.txt,"Initially, there is one 2×2 droplet at (30, 30) and another 2×2 droplet at (36, 30). Merge these two droplets. Move the merged droplet downward by 10 grid cells. Then rotationally mix the moved droplet for 2 rotations."
gpt-5.4/depth3/gpt-5.4-depth3-case3-run2.gif,"Initially, there is one 2×2 droplet at (30, 30) and another 2×2 droplet at (36, 30). Merge these two droplets. Move the merged droplet downward by 10 grid cells. Then rotationally mix the moved droplet for 2 rotations."
gpt-5.4/depth3/gpt-5.4-depth3-case3-run2.json,"Initially, there is one 2×2 droplet at (30, 30) and another 2×2 droplet at (36, 30). Merge these two droplets. Move the merged droplet downward by 10 grid cells. Then rotationally mix the moved droplet for 2 rotations."
gpt-5.4/depth3/gpt-5.4-depth3-case3-run2.txt,"Initially, there is one 2×2 droplet at (30, 30) and another 2×2 droplet at (36, 30). Merge these two droplets. Move the merged droplet downward by 10 grid cells. Then rotationally mix the moved droplet for 2 rotations."
gpt-5.4/depth3/gpt-5.4-depth3-case3-run3.gif,"Initially, there is one 2×2 droplet at (30, 30) and another 2×2 droplet at (36, 30). Merge these two droplets. Move the merged droplet downward by 10 grid cells. Then rotationally mix the moved droplet for 2 rotations."
gpt-5.4/depth3/gpt-5.4-depth3-case3-run3.json,"Initially, there is one 2×2 droplet at (30, 30) and another 2×2 droplet at (36, 30). Merge these two droplets. Move the merged droplet downward by 10 grid cells. Then rotationally mix the moved droplet for 2 rotations."
gpt-5.4/depth3/gpt-5.4-depth3-case3-run3.txt,"Initially, there is one 2×2 droplet at (30, 30) and another 2×2 droplet at (36, 30). Merge these two droplets. Move the merged droplet downward by 10 grid cells. Then rotationally mix the moved droplet for 2 rotations."
gpt-5.4/depth3/gpt-5.4-depth3-case3-run4.gif,"Initially, there is one 2×2 droplet at (30, 30) and another 2×2 droplet at (36, 30). Merge these two droplets. Move the merged droplet downward by 10 grid cells. Then rotationally mix the moved droplet for 2 rotations."
gpt-5.4/depth3/gpt-5.4-depth3-case3-run4.json,"Initially, there is one 2×2 droplet at (30, 30) and another 2×2 droplet at (36, 30). Merge these two droplets. Move the merged droplet downward by 10 grid cells. Then rotationally mix the moved droplet for 2 rotations."
gpt-5.4/depth3/gpt-5.4-depth3-case3-run4.txt,"Initially, there is one 2×2 droplet at (30, 30) and another 2×2 droplet at (36, 30). Merge these two droplets. Move the merged droplet downward by 10 grid cells. Then rotationally mix the moved droplet for 2 rotations."
gpt-5.4/depth3/gpt-5.4-depth3-case3-run5.gif,"Initially, there is one 2×2 droplet at (30, 30) and another 2×2 droplet at (36, 30). Merge these two droplets. Move the merged droplet downward by 10 grid cells. Then rotationally mix the moved droplet for 2 rotations."
gpt-5.4/depth3/gpt-5.4-depth3-case3-run5.json,"Initially, there is one 2×2 droplet at (30, 30) and another 2×2 droplet at (36, 30). Merge these two droplets. Move the merged droplet downward by 10 grid cells. Then rotationally mix the moved droplet for 2 rotations."
gpt-5.4/depth3/gpt-5.4-depth3-case3-run5.txt,"Initially, there is one 2×2 droplet at (30, 30) and another 2×2 droplet at (36, 30). Merge these two droplets. Move the merged droplet downward by 10 grid cells. Then rotationally mix the moved droplet for 2 rotations."
gpt-5.4/depth3/gpt-5.4-depth3-case4-run1.gif,"Initially, there is one 3×3 droplet at (50, 50). Move this droplet to the left by 10 grid cells. Rotationally mix the moved droplet for 2 rotations. Then move the mixed droplet downward by 5 grid cells."
gpt-5.4/depth3/gpt-5.4-depth3-case4-run1.json,"Initially, there is one 3×3 droplet at (50, 50). Move this droplet to the left by 10 grid cells. Rotationally mix the moved droplet for 2 rotations. Then move the mixed droplet downward by 5 grid cells."
gpt-5.4/depth3/gpt-5.4-depth3-case4-run1.txt,"Initially, there is one 3×3 droplet at (50, 50). Move this droplet to the left by 10 grid cells. Rotationally mix the moved droplet for 2 rotations. Then move the mixed droplet downward by 5 grid cells."
gpt-5.4/depth3/gpt-5.4-depth3-case4-run2.gif,"Initially, there is one 3×3 droplet at (50, 50). Move this droplet to the left by 10 grid cells. Rotationally mix the moved droplet for 2 rotations. Then move the mixed droplet downward by 5 grid cells."
gpt-5.4/depth3/gpt-5.4-depth3-case4-run2.json,"Initially, there is one 3×3 droplet at (50, 50). Move this droplet to the left by 10 grid cells. Rotationally mix the moved droplet for 2 rotations. Then move the mixed droplet downward by 5 grid cells."
gpt-5.4/depth3/gpt-5.4-depth3-case4-run2.txt,"Initially, there is one 3×3 droplet at (50, 50). Move this droplet to the left by 10 grid cells. Rotationally mix the moved droplet for 2 rotations. Then move the mixed droplet downward by 5 grid cells."
gpt-5.4/depth3/gpt-5.4-depth3-case4-run3.gif,"Initially, there is one 3×3 droplet at (50, 50). Move this droplet to the left by 10 grid cells. Rotationally mix the moved droplet for 2 rotations. Then move the mixed droplet downward by 5 grid cells."
gpt-5.4/depth3/gpt-5.4-depth3-case4-run3.json,"Initially, there is one 3×3 droplet at (50, 50). Move this droplet to the left by 10 grid cells. Rotationally mix the moved droplet for 2 rotations. Then move the mixed droplet downward by 5 grid cells."
gpt-5.4/depth3/gpt-5.4-depth3-case4-run3.txt,"Initially, there is one 3×3 droplet at (50, 50). Move this droplet to the left by 10 grid cells. Rotationally mix the moved droplet for 2 rotations. Then move the mixed droplet downward by 5 grid cells."
gpt-5.4/depth3/gpt-5.4-depth3-case4-run4.gif,"Initially, there is one 3×3 droplet at (50, 50). Move this droplet to the left by 10 grid cells. Rotationally mix the moved droplet for 2 rotations. Then move the mixed droplet downward by 5 grid cells."
gpt-5.4/depth3/gpt-5.4-depth3-case4-run4.json,"Initially, there is one 3×3 droplet at (50, 50). Move this droplet to the left by 10 grid cells. Rotationally mix the moved droplet for 2 rotations. Then move the mixed droplet downward by 5 grid cells."
gpt-5.4/depth3/gpt-5.4-depth3-case4-run4.txt,"Initially, there is one 3×3 droplet at (50, 50). Move this droplet to the left by 10 grid cells. Rotationally mix the moved droplet for 2 rotations. Then move the mixed droplet downward by 5 grid cells."
gpt-5.4/depth3/gpt-5.4-depth3-case4-run5.gif,"Initially, there is one 3×3 droplet at (50, 50). Move this droplet to the left by 10 grid cells. Rotationally mix the moved droplet for 2 rotations. Then move the mixed droplet downward by 5 grid cells."
gpt-5.4/depth3/gpt-5.4-depth3-case4-run5.json,"Initially, there is one 3×3 droplet at (50, 50). Move this droplet to the left by 10 grid cells. Rotationally mix the moved droplet for 2 rotations. Then move the mixed droplet downward by 5 grid cells."
gpt-5.4/depth3/gpt-5.4-depth3-case4-run5.txt,"Initially, there is one 3×3 droplet at (50, 50). Move this droplet to the left by 10 grid cells. Rotationally mix the moved droplet for 2 rotations. Then move the mixed droplet downward by 5 grid cells."
gpt-5.4/depth3/gpt-5.4-depth3-case5-run1.gif,"At (60, 60), perform a downward squeeze operation with squeeze count 1, using a 3×3 source droplet. Rotationally mix the squeezed droplet for 4 rotations. Then move the mixed droplet to the right by 15 grid cells."
gpt-5.4/depth3/gpt-5.4-depth3-case5-run1.json,"At (60, 60), perform a downward squeeze operation with squeeze count 1, using a 3×3 source droplet. Rotationally mix the squeezed droplet for 4 rotations. Then move the mixed droplet to the right by 15 grid cells."
gpt-5.4/depth3/gpt-5.4-depth3-case5-run1.txt,"At (60, 60), perform a downward squeeze operation with squeeze count 1, using a 3×3 source droplet. Rotationally mix the squeezed droplet for 4 rotations. Then move the mixed droplet to the right by 15 grid cells."
gpt-5.4/depth3/gpt-5.4-depth3-case5-run2.gif,"At (60, 60), perform a downward squeeze operation with squeeze count 1, using a 3×3 source droplet. Rotationally mix the squeezed droplet for 4 rotations. Then move the mixed droplet to the right by 15 grid cells."
gpt-5.4/depth3/gpt-5.4-depth3-case5-run2.json,"At (60, 60), perform a downward squeeze operation with squeeze count 1, using a 3×3 source droplet. Rotationally mix the squeezed droplet for 4 rotations. Then move the mixed droplet to the right by 15 grid cells."
gpt-5.4/depth3/gpt-5.4-depth3-case5-run2.txt,"At (60, 60), perform a downward squeeze operation with squeeze count 1, using a 3×3 source droplet. Rotationally mix the squeezed droplet for 4 rotations. Then move the mixed droplet to the right by 15 grid cells."
gpt-5.4/depth3/gpt-5.4-depth3-case5-run3.gif,"At (60, 60), perform a downward squeeze operation with squeeze count 1, using a 3×3 source droplet. Rotationally mix the squeezed droplet for 4 rotations. Then move the mixed droplet to the right by 15 grid cells."
gpt-5.4/depth3/gpt-5.4-depth3-case5-run3.json,"At (60, 60), perform a downward squeeze operation with squeeze count 1, using a 3×3 source droplet. Rotationally mix the squeezed droplet for 4 rotations. Then move the mixed droplet to the right by 15 grid cells."
gpt-5.4/depth3/gpt-5.4-depth3-case5-run3.txt,"At (60, 60), perform a downward squeeze operation with squeeze count 1, using a 3×3 source droplet. Rotationally mix the squeezed droplet for 4 rotations. Then move the mixed droplet to the right by 15 grid cells."
gpt-5.4/depth3/gpt-5.4-depth3-case5-run4.gif,"At (60, 60), perform a downward squeeze operation with squeeze count 1, using a 3×3 source droplet. Rotationally mix the squeezed droplet for 4 rotations. Then move the mixed droplet to the right by 15 grid cells."
gpt-5.4/depth3/gpt-5.4-depth3-case5-run4.json,"At (60, 60), perform a downward squeeze operation with squeeze count 1, using a 3×3 source droplet. Rotationally mix the squeezed droplet for 4 rotations. Then move the mixed droplet to the right by 15 grid cells."
gpt-5.4/depth3/gpt-5.4-depth3-case5-run4.txt,"At (60, 60), perform a downward squeeze operation with squeeze count 1, using a 3×3 source droplet. Rotationally mix the squeezed droplet for 4 rotations. Then move the mixed droplet to the right by 15 grid cells."
gpt-5.4/depth3/gpt-5.4-depth3-case5-run5.gif,"At (60, 60), perform a downward squeeze operation with squeeze count 1, using a 3×3 source droplet. Rotationally mix the squeezed droplet for 4 rotations. Then move the mixed droplet to the right by 15 grid cells."
gpt-5.4/depth3/gpt-5.4-depth3-case5-run5.json,"At (60, 60), perform a downward squeeze operation with squeeze count 1, using a 3×3 source droplet. Rotationally mix the squeezed droplet for 4 rotations. Then move the mixed droplet to the right by 15 grid cells."
gpt-5.4/depth3/gpt-5.4-depth3-case5-run5.txt,"At (60, 60), perform a downward squeeze operation with squeeze count 1, using a 3×3 source droplet. Rotationally mix the squeezed droplet for 4 rotations. Then move the mixed droplet to the right by 15 grid cells."
gpt-5.4/depth4/gpt-5.4-depth4-case1-run1.gif,"At (30, 20), perform a rightward squeeze operation with squeeze count 1, using a 2×2 source droplet. At (30, 40), perform another rightward squeeze operation with squeeze count 1, using a 2×2 source droplet. Move the droplet squeezed from (30, 40) upward by 10 grid cells. Then merge it with the droplet squeezed from (30, 20)."
gpt-5.4/depth4/gpt-5.4-depth4-case1-run1.json,"At (30, 20), perform a rightward squeeze operation with squeeze count 1, using a 2×2 source droplet. At (30, 40), perform another rightward squeeze operation with squeeze count 1, using a 2×2 source droplet. Move the droplet squeezed from (30, 40) upward by 10 grid cells. Then merge it with the droplet squeezed from (30, 20)."
gpt-5.4/depth4/gpt-5.4-depth4-case1-run1.txt,"At (30, 20), perform a rightward squeeze operation with squeeze count 1, using a 2×2 source droplet. At (30, 40), perform another rightward squeeze operation with squeeze count 1, using a 2×2 source droplet. Move the droplet squeezed from (30, 40) upward by 10 grid cells. Then merge it with the droplet squeezed from (30, 20)."
gpt-5.4/depth4/gpt-5.4-depth4-case1-run2.gif,"At (30, 20), perform a rightward squeeze operation with squeeze count 1, using a 2×2 source droplet. At (30, 40), perform another rightward squeeze operation with squeeze count 1, using a 2×2 source droplet. Move the droplet squeezed from (30, 40) upward by 10 grid cells. Then merge it with the droplet squeezed from (30, 20)."
gpt-5.4/depth4/gpt-5.4-depth4-case1-run2.json,"At (30, 20), perform a rightward squeeze operation with squeeze count 1, using a 2×2 source droplet. At (30, 40), perform another rightward squeeze operation with squeeze count 1, using a 2×2 source droplet. Move the droplet squeezed from (30, 40) upward by 10 grid cells. Then merge it with the droplet squeezed from (30, 20)."
gpt-5.4/depth4/gpt-5.4-depth4-case1-run2.txt,"At (30, 20), perform a rightward squeeze operation with squeeze count 1, using a 2×2 source droplet. At (30, 40), perform another rightward squeeze operation with squeeze count 1, using a 2×2 source droplet. Move the droplet squeezed from (30, 40) upward by 10 grid cells. Then merge it with the droplet squeezed from (30, 20)."
gpt-5.4/depth4/gpt-5.4-depth4-case1-run3.gif,"At (30, 20), perform a rightward squeeze operation with squeeze count 1, using a 2×2 source droplet. At (30, 40), perform another rightward squeeze operation with squeeze count 1, using a 2×2 source droplet. Move the droplet squeezed from (30, 40) upward by 10 grid cells. Then merge it with the droplet squeezed from (30, 20)."
gpt-5.4/depth4/gpt-5.4-depth4-case1-run3.json,"At (30, 20), perform a rightward squeeze operation with squeeze count 1, using a 2×2 source droplet. At (30, 40), perform another rightward squeeze operation with squeeze count 1, using a 2×2 source droplet. Move the droplet squeezed from (30, 40) upward by 10 grid cells. Then merge it with the droplet squeezed from (30, 20)."
gpt-5.4/depth4/gpt-5.4-depth4-case1-run3.txt,"At (30, 20), perform a rightward squeeze operation with squeeze count 1, using a 2×2 source droplet. At (30, 40), perform another rightward squeeze operation with squeeze count 1, using a 2×2 source droplet. Move the droplet squeezed from (30, 40) upward by 10 grid cells. Then merge it with the droplet squeezed from (30, 20)."
gpt-5.4/depth4/gpt-5.4-depth4-case1-run4.gif,"At (30, 20), perform a rightward squeeze operation with squeeze count 1, using a 2×2 source droplet. At (30, 40), perform another rightward squeeze operation with squeeze count 1, using a 2×2 source droplet. Move the droplet squeezed from (30, 40) upward by 10 grid cells. Then merge it with the droplet squeezed from (30, 20)."
gpt-5.4/depth4/gpt-5.4-depth4-case1-run4.json,"At (30, 20), perform a rightward squeeze operation with squeeze count 1, using a 2×2 source droplet. At (30, 40), perform another rightward squeeze operation with squeeze count 1, using a 2×2 source droplet. Move the droplet squeezed from (30, 40) upward by 10 grid cells. Then merge it with the droplet squeezed from (30, 20)."
gpt-5.4/depth4/gpt-5.4-depth4-case1-run4.txt,"At (30, 20), perform a rightward squeeze operation with squeeze count 1, using a 2×2 source droplet. At (30, 40), perform another rightward squeeze operation with squeeze count 1, using a 2×2 source droplet. Move the droplet squeezed from (30, 40) upward by 10 grid cells. Then merge it with the droplet squeezed from (30, 20)."
gpt-5.4/depth4/gpt-5.4-depth4-case1-run5.gif,"At (30, 20), perform a rightward squeeze operation with squeeze count 1, using a 2×2 source droplet. At (30, 40), perform another rightward squeeze operation with squeeze count 1, using a 2×2 source droplet. Move the droplet squeezed from (30, 40) upward by 10 grid cells. Then merge it with the droplet squeezed from (30, 20)."
gpt-5.4/depth4/gpt-5.4-depth4-case1-run5.json,"At (30, 20), perform a rightward squeeze operation with squeeze count 1, using a 2×2 source droplet. At (30, 40), perform another rightward squeeze operation with squeeze count 1, using a 2×2 source droplet. Move the droplet squeezed from (30, 40) upward by 10 grid cells. Then merge it with the droplet squeezed from (30, 20)."
gpt-5.4/depth4/gpt-5.4-depth4-case1-run5.txt,"At (30, 20), perform a rightward squeeze operation with squeeze count 1, using a 2×2 source droplet. At (30, 40), perform another rightward squeeze operation with squeeze count 1, using a 2×2 source droplet. Move the droplet squeezed from (30, 40) upward by 10 grid cells. Then merge it with the droplet squeezed from (30, 20)."
gpt-5.4/depth4/gpt-5.4-depth4-case2-run1.gif,"At (50, 53), perform an upward squeeze operation with squeeze count 1, using a 3×3 source droplet. Move the squeezed droplet to the right by 10 grid cells. Rotationally mix the moved droplet for 3 rotations. Then move the mixed droplet downward by 5 grid cells."
gpt-5.4/depth4/gpt-5.4-depth4-case2-run1.json,"At (50, 53), perform an upward squeeze operation with squeeze count 1, using a 3×3 source droplet. Move the squeezed droplet to the right by 10 grid cells. Rotationally mix the moved droplet for 3 rotations. Then move the mixed droplet downward by 5 grid cells."
gpt-5.4/depth4/gpt-5.4-depth4-case2-run1.txt,"At (50, 53), perform an upward squeeze operation with squeeze count 1, using a 3×3 source droplet. Move the squeezed droplet to the right by 10 grid cells. Rotationally mix the moved droplet for 3 rotations. Then move the mixed droplet downward by 5 grid cells."
gpt-5.4/depth4/gpt-5.4-depth4-case2-run2.gif,"At (50, 53), perform an upward squeeze operation with squeeze count 1, using a 3×3 source droplet. Move the squeezed droplet to the right by 10 grid cells. Rotationally mix the moved droplet for 3 rotations. Then move the mixed droplet downward by 5 grid cells."
gpt-5.4/depth4/gpt-5.4-depth4-case2-run2.json,"At (50, 53), perform an upward squeeze operation with squeeze count 1, using a 3×3 source droplet. Move the squeezed droplet to the right by 10 grid cells. Rotationally mix the moved droplet for 3 rotations. Then move the mixed droplet downward by 5 grid cells."
gpt-5.4/depth4/gpt-5.4-depth4-case2-run2.txt,"At (50, 53), perform an upward squeeze operation with squeeze count 1, using a 3×3 source droplet. Move the squeezed droplet to the right by 10 grid cells. Rotationally mix the moved droplet for 3 rotations. Then move the mixed droplet downward by 5 grid cells."
gpt-5.4/depth4/gpt-5.4-depth4-case2-run3.gif,"At (50, 53), perform an upward squeeze operation with squeeze count 1, using a 3×3 source droplet. Move the squeezed droplet to the right by 10 grid cells. Rotationally mix the moved droplet for 3 rotations. Then move the mixed droplet downward by 5 grid cells."
gpt-5.4/depth4/gpt-5.4-depth4-case2-run3.json,"At (50, 53), perform an upward squeeze operation with squeeze count 1, using a 3×3 source droplet. Move the squeezed droplet to the right by 10 grid cells. Rotationally mix the moved droplet for 3 rotations. Then move the mixed droplet downward by 5 grid cells."
gpt-5.4/depth4/gpt-5.4-depth4-case2-run3.txt,"At (50, 53), perform an upward squeeze operation with squeeze count 1, using a 3×3 source droplet. Move the squeezed droplet to the right by 10 grid cells. Rotationally mix the moved droplet for 3 rotations. Then move the mixed droplet downward by 5 grid cells."
gpt-5.4/depth4/gpt-5.4-depth4-case2-run4.gif,"At (50, 53), perform an upward squeeze operation with squeeze count 1, using a 3×3 source droplet. Move the squeezed droplet to the right by 10 grid cells. Rotationally mix the moved droplet for 3 rotations. Then move the mixed droplet downward by 5 grid cells."
gpt-5.4/depth4/gpt-5.4-depth4-case2-run4.json,"At (50, 53), perform an upward squeeze operation with squeeze count 1, using a 3×3 source droplet. Move the squeezed droplet to the right by 10 grid cells. Rotationally mix the moved droplet for 3 rotations. Then move the mixed droplet downward by 5 grid cells."
gpt-5.4/depth4/gpt-5.4-depth4-case2-run4.txt,"At (50, 53), perform an upward squeeze operation with squeeze count 1, using a 3×3 source droplet. Move the squeezed droplet to the right by 10 grid cells. Rotationally mix the moved droplet for 3 rotations. Then move the mixed droplet downward by 5 grid cells."
gpt-5.4/depth4/gpt-5.4-depth4-case2-run5.gif,"At (50, 53), perform an upward squeeze operation with squeeze count 1, using a 3×3 source droplet. Move the squeezed droplet to the right by 10 grid cells. Rotationally mix the moved droplet for 3 rotations. Then move the mixed droplet downward by 5 grid cells."
gpt-5.4/depth4/gpt-5.4-depth4-case2-run5.json,"At (50, 53), perform an upward squeeze operation with squeeze count 1, using a 3×3 source droplet. Move the squeezed droplet to the right by 10 grid cells. Rotationally mix the moved droplet for 3 rotations. Then move the mixed droplet downward by 5 grid cells."
gpt-5.4/depth4/gpt-5.4-depth4-case2-run5.txt,"At (50, 53), perform an upward squeeze operation with squeeze count 1, using a 3×3 source droplet. Move the squeezed droplet to the right by 10 grid cells. Rotationally mix the moved droplet for 3 rotations. Then move the mixed droplet downward by 5 grid cells."
gpt-5.4/depth4/gpt-5.4-depth4-case3-run1.gif,"Initially, there is one 2×2 droplet at (44, 40). At (40, 40), perform a rightward squeeze operation with squeeze count 1, using a 2×2 source droplet. Merge the squeezed droplet with the pre-existing 2×2 droplet at (44, 40). Rotationally mix the merged droplet for 2 rotations. Then move the mixed droplet to the left by 12 grid cells."
gpt-5.4/depth4/gpt-5.4-depth4-case3-run1.json,"Initially, there is one 2×2 droplet at (44, 40). At (40, 40), perform a rightward squeeze operation with squeeze count 1, using a 2×2 source droplet. Merge the squeezed droplet with the pre-existing 2×2 droplet at (44, 40). Rotationally mix the merged droplet for 2 rotations. Then move the mixed droplet to the left by 12 grid cells."
gpt-5.4/depth4/gpt-5.4-depth4-case3-run1.txt,"Initially, there is one 2×2 droplet at (44, 40). At (40, 40), perform a rightward squeeze operation with squeeze count 1, using a 2×2 source droplet. Merge the squeezed droplet with the pre-existing 2×2 droplet at (44, 40). Rotationally mix the merged droplet for 2 rotations. Then move the mixed droplet to the left by 12 grid cells."
gpt-5.4/depth4/gpt-5.4-depth4-case3-run2.gif,"Initially, there is one 2×2 droplet at (44, 40). At (40, 40), perform a rightward squeeze operation with squeeze count 1, using a 2×2 source droplet. Merge the squeezed droplet with the pre-existing 2×2 droplet at (44, 40). Rotationally mix the merged droplet for 2 rotations. Then move the mixed droplet to the left by 12 grid cells."
gpt-5.4/depth4/gpt-5.4-depth4-case3-run2.json,"Initially, there is one 2×2 droplet at (44, 40). At (40, 40), perform a rightward squeeze operation with squeeze count 1, using a 2×2 source droplet. Merge the squeezed droplet with the pre-existing 2×2 droplet at (44, 40). Rotationally mix the merged droplet for 2 rotations. Then move the mixed droplet to the left by 12 grid cells."
gpt-5.4/depth4/gpt-5.4-depth4-case3-run2.txt,"Initially, there is one 2×2 droplet at (44, 40). At (40, 40), perform a rightward squeeze operation with squeeze count 1, using a 2×2 source droplet. Merge the squeezed droplet with the pre-existing 2×2 droplet at (44, 40). Rotationally mix the merged droplet for 2 rotations. Then move the mixed droplet to the left by 12 grid cells."
gpt-5.4/depth4/gpt-5.4-depth4-case3-run3.gif,"Initially, there is one 2×2 droplet at (44, 40). At (40, 40), perform a rightward squeeze operation with squeeze count 1, using a 2×2 source droplet. Merge the squeezed droplet with the pre-existing 2×2 droplet at (44, 40). Rotationally mix the merged droplet for 2 rotations. Then move the mixed droplet to the left by 12 grid cells."
gpt-5.4/depth4/gpt-5.4-depth4-case3-run3.json,"Initially, there is one 2×2 droplet at (44, 40). At (40, 40), perform a rightward squeeze operation with squeeze count 1, using a 2×2 source droplet. Merge the squeezed droplet with the pre-existing 2×2 droplet at (44, 40). Rotationally mix the merged droplet for 2 rotations. Then move the mixed droplet to the left by 12 grid cells."
gpt-5.4/depth4/gpt-5.4-depth4-case3-run3.txt,"Initially, there is one 2×2 droplet at (44, 40). At (40, 40), perform a rightward squeeze operation with squeeze count 1, using a 2×2 source droplet. Merge the squeezed droplet with the pre-existing 2×2 droplet at (44, 40). Rotationally mix the merged droplet for 2 rotations. Then move the mixed droplet to the left by 12 grid cells."
gpt-5.4/depth4/gpt-5.4-depth4-case3-run4.gif,"Initially, there is one 2×2 droplet at (44, 40). At (40, 40), perform a rightward squeeze operation with squeeze count 1, using a 2×2 source droplet. Merge the squeezed droplet with the pre-existing 2×2 droplet at (44, 40). Rotationally mix the merged droplet for 2 rotations. Then move the mixed droplet to the left by 12 grid cells."
gpt-5.4/depth4/gpt-5.4-depth4-case3-run4.json,"Initially, there is one 2×2 droplet at (44, 40). At (40, 40), perform a rightward squeeze operation with squeeze count 1, using a 2×2 source droplet. Merge the squeezed droplet with the pre-existing 2×2 droplet at (44, 40). Rotationally mix the merged droplet for 2 rotations. Then move the mixed droplet to the left by 12 grid cells."
gpt-5.4/depth4/gpt-5.4-depth4-case3-run4.txt,"Initially, there is one 2×2 droplet at (44, 40). At (40, 40), perform a rightward squeeze operation with squeeze count 1, using a 2×2 source droplet. Merge the squeezed droplet with the pre-existing 2×2 droplet at (44, 40). Rotationally mix the merged droplet for 2 rotations. Then move the mixed droplet to the left by 12 grid cells."
gpt-5.4/depth4/gpt-5.4-depth4-case3-run5.gif,"Initially, there is one 2×2 droplet at (44, 40). At (40, 40), perform a rightward squeeze operation with squeeze count 1, using a 2×2 source droplet. Merge the squeezed droplet with the pre-existing 2×2 droplet at (44, 40). Rotationally mix the merged droplet for 2 rotations. Then move the mixed droplet to the left by 12 grid cells."
gpt-5.4/depth4/gpt-5.4-depth4-case3-run5.json,"Initially, there is one 2×2 droplet at (44, 40). At (40, 40), perform a rightward squeeze operation with squeeze count 1, using a 2×2 source droplet. Merge the squeezed droplet with the pre-existing 2×2 droplet at (44, 40). Rotationally mix the merged droplet for 2 rotations. Then move the mixed droplet to the left by 12 grid cells."
gpt-5.4/depth4/gpt-5.4-depth4-case3-run5.txt,"Initially, there is one 2×2 droplet at (44, 40). At (40, 40), perform a rightward squeeze operation with squeeze count 1, using a 2×2 source droplet. Merge the squeezed droplet with the pre-existing 2×2 droplet at (44, 40). Rotationally mix the merged droplet for 2 rotations. Then move the mixed droplet to the left by 12 grid cells."
gpt-5.4/depth4/gpt-5.4-depth4-case4-run1.gif,"Initially, there is one 1×2 droplet at (60, 66). At (70, 70), perform a leftward squeeze operation with squeeze count 1, using a 2×2 source droplet. Merge the squeezed droplet with the pre-existing 1×2 droplet at (60, 66). Rotationally mix the merged droplet for 2 rotations. Then move the mixed droplet downward by 5 grid cells."
gpt-5.4/depth4/gpt-5.4-depth4-case4-run1.json,"Initially, there is one 1×2 droplet at (60, 66). At (70, 70), perform a leftward squeeze operation with squeeze count 1, using a 2×2 source droplet. Merge the squeezed droplet with the pre-existing 1×2 droplet at (60, 66). Rotationally mix the merged droplet for 2 rotations. Then move the mixed droplet downward by 5 grid cells."
gpt-5.4/depth4/gpt-5.4-depth4-case4-run1.txt,"Initially, there is one 1×2 droplet at (60, 66). At (70, 70), perform a leftward squeeze operation with squeeze count 1, using a 2×2 source droplet. Merge the squeezed droplet with the pre-existing 1×2 droplet at (60, 66). Rotationally mix the merged droplet for 2 rotations. Then move the mixed droplet downward by 5 grid cells."
gpt-5.4/depth4/gpt-5.4-depth4-case4-run2.gif,"Initially, there is one 1×2 droplet at (60, 66). At (70, 70), perform a leftward squeeze operation with squeeze count 1, using a 2×2 source droplet. Merge the squeezed droplet with the pre-existing 1×2 droplet at (60, 66). Rotationally mix the merged droplet for 2 rotations. Then move the mixed droplet downward by 5 grid cells."
gpt-5.4/depth4/gpt-5.4-depth4-case4-run2.json,"Initially, there is one 1×2 droplet at (60, 66). At (70, 70), perform a leftward squeeze operation with squeeze count 1, using a 2×2 source droplet. Merge the squeezed droplet with the pre-existing 1×2 droplet at (60, 66). Rotationally mix the merged droplet for 2 rotations. Then move the mixed droplet downward by 5 grid cells."
gpt-5.4/depth4/gpt-5.4-depth4-case4-run2.txt,"Initially, there is one 1×2 droplet at (60, 66). At (70, 70), perform a leftward squeeze operation with squeeze count 1, using a 2×2 source droplet. Merge the squeezed droplet with the pre-existing 1×2 droplet at (60, 66). Rotationally mix the merged droplet for 2 rotations. Then move the mixed droplet downward by 5 grid cells."
gpt-5.4/depth4/gpt-5.4-depth4-case4-run3.gif,"Initially, there is one 1×2 droplet at (60, 66). At (70, 70), perform a leftward squeeze operation with squeeze count 1, using a 2×2 source droplet. Merge the squeezed droplet with the pre-existing 1×2 droplet at (60, 66). Rotationally mix the merged droplet for 2 rotations. Then move the mixed droplet downward by 5 grid cells."
gpt-5.4/depth4/gpt-5.4-depth4-case4-run3.json,"Initially, there is one 1×2 droplet at (60, 66). At (70, 70), perform a leftward squeeze operation with squeeze count 1, using a 2×2 source droplet. Merge the squeezed droplet with the pre-existing 1×2 droplet at (60, 66). Rotationally mix the merged droplet for 2 rotations. Then move the mixed droplet downward by 5 grid cells."
gpt-5.4/depth4/gpt-5.4-depth4-case4-run3.txt,"Initially, there is one 1×2 droplet at (60, 66). At (70, 70), perform a leftward squeeze operation with squeeze count 1, using a 2×2 source droplet. Merge the squeezed droplet with the pre-existing 1×2 droplet at (60, 66). Rotationally mix the merged droplet for 2 rotations. Then move the mixed droplet downward by 5 grid cells."
gpt-5.4/depth4/gpt-5.4-depth4-case4-run4.gif,"Initially, there is one 1×2 droplet at (60, 66). At (70, 70), perform a leftward squeeze operation with squeeze count 1, using a 2×2 source droplet. Merge the squeezed droplet with the pre-existing 1×2 droplet at (60, 66). Rotationally mix the merged droplet for 2 rotations. Then move the mixed droplet downward by 5 grid cells."
gpt-5.4/depth4/gpt-5.4-depth4-case4-run4.json,"Initially, there is one 1×2 droplet at (60, 66). At (70, 70), perform a leftward squeeze operation with squeeze count 1, using a 2×2 source droplet. Merge the squeezed droplet with the pre-existing 1×2 droplet at (60, 66). Rotationally mix the merged droplet for 2 rotations. Then move the mixed droplet downward by 5 grid cells."
gpt-5.4/depth4/gpt-5.4-depth4-case4-run4.txt,"Initially, there is one 1×2 droplet at (60, 66). At (70, 70), perform a leftward squeeze operation with squeeze count 1, using a 2×2 source droplet. Merge the squeezed droplet with the pre-existing 1×2 droplet at (60, 66). Rotationally mix the merged droplet for 2 rotations. Then move the mixed droplet downward by 5 grid cells."
gpt-5.4/depth4/gpt-5.4-depth4-case4-run5.gif,"Initially, there is one 1×2 droplet at (60, 66). At (70, 70), perform a leftward squeeze operation with squeeze count 1, using a 2×2 source droplet. Merge the squeezed droplet with the pre-existing 1×2 droplet at (60, 66). Rotationally mix the merged droplet for 2 rotations. Then move the mixed droplet downward by 5 grid cells."
gpt-5.4/depth4/gpt-5.4-depth4-case4-run5.json,"Initially, there is one 1×2 droplet at (60, 66). At (70, 70), perform a leftward squeeze operation with squeeze count 1, using a 2×2 source droplet. Merge the squeezed droplet with the pre-existing 1×2 droplet at (60, 66). Rotationally mix the merged droplet for 2 rotations. Then move the mixed droplet downward by 5 grid cells."
gpt-5.4/depth4/gpt-5.4-depth4-case4-run5.txt,"Initially, there is one 1×2 droplet at (60, 66). At (70, 70), perform a leftward squeeze operation with squeeze count 1, using a 2×2 source droplet. Merge the squeezed droplet with the pre-existing 1×2 droplet at (60, 66). Rotationally mix the merged droplet for 2 rotations. Then move the mixed droplet downward by 5 grid cells."
gpt-5.4/depth4/gpt-5.4-depth4-case5-run1.gif,"At (20, 20), perform a rightward squeeze operation with squeeze count 4, using a 2×2 source droplet. At (20, 40), perform another rightward squeeze operation with squeeze count 4, using a 2×2 source droplet. Move all four droplets squeezed from (20, 20) downward by 10 grid cells. Pairwise merge each of these four moved droplets with the corresponding droplet squeezed from (20, 40), producing four merged droplets. Then rotationally mix each of the four merged droplets for 3 rotations."
gpt-5.4/depth4/gpt-5.4-depth4-case5-run1.json,"At (20, 20), perform a rightward squeeze operation with squeeze count 4, using a 2×2 source droplet. At (20, 40), perform another rightward squeeze operation with squeeze count 4, using a 2×2 source droplet. Move all four droplets squeezed from (20, 20) downward by 10 grid cells. Pairwise merge each of these four moved droplets with the corresponding droplet squeezed from (20, 40), producing four merged droplets. Then rotationally mix each of the four merged droplets for 3 rotations."
gpt-5.4/depth4/gpt-5.4-depth4-case5-run1.txt,"At (20, 20), perform a rightward squeeze operation with squeeze count 4, using a 2×2 source droplet. At (20, 40), perform another rightward squeeze operation with squeeze count 4, using a 2×2 source droplet. Move all four droplets squeezed from (20, 20) downward by 10 grid cells. Pairwise merge each of these four moved droplets with the corresponding droplet squeezed from (20, 40), producing four merged droplets. Then rotationally mix each of the four merged droplets for 3 rotations."
gpt-5.4/depth4/gpt-5.4-depth4-case5-run2.gif,"At (20, 20), perform a rightward squeeze operation with squeeze count 4, using a 2×2 source droplet. At (20, 40), perform another rightward squeeze operation with squeeze count 4, using a 2×2 source droplet. Move all four droplets squeezed from (20, 20) downward by 10 grid cells. Pairwise merge each of these four moved droplets with the corresponding droplet squeezed from (20, 40), producing four merged droplets. Then rotationally mix each of the four merged droplets for 3 rotations."
gpt-5.4/depth4/gpt-5.4-depth4-case5-run2.json,"At (20, 20), perform a rightward squeeze operation with squeeze count 4, using a 2×2 source droplet. At (20, 40), perform another rightward squeeze operation with squeeze count 4, using a 2×2 source droplet. Move all four droplets squeezed from (20, 20) downward by 10 grid cells. Pairwise merge each of these four moved droplets with the corresponding droplet squeezed from (20, 40), producing four merged droplets. Then rotationally mix each of the four merged droplets for 3 rotations."
gpt-5.4/depth4/gpt-5.4-depth4-case5-run2.txt,"At (20, 20), perform a rightward squeeze operation with squeeze count 4, using a 2×2 source droplet. At (20, 40), perform another rightward squeeze operation with squeeze count 4, using a 2×2 source droplet. Move all four droplets squeezed from (20, 20) downward by 10 grid cells. Pairwise merge each of these four moved droplets with the corresponding droplet squeezed from (20, 40), producing four merged droplets. Then rotationally mix each of the four merged droplets for 3 rotations."
gpt-5.4/depth4/gpt-5.4-depth4-case5-run3.gif,"At (20, 20), perform a rightward squeeze operation with squeeze count 4, using a 2×2 source droplet. At (20, 40), perform another rightward squeeze operation with squeeze count 4, using a 2×2 source droplet. Move all four droplets squeezed from (20, 20) downward by 10 grid cells. Pairwise merge each of these four moved droplets with the corresponding droplet squeezed from (20, 40), producing four merged droplets. Then rotationally mix each of the four merged droplets for 3 rotations."
gpt-5.4/depth4/gpt-5.4-depth4-case5-run3.json,"At (20, 20), perform a rightward squeeze operation with squeeze count 4, using a 2×2 source droplet. At (20, 40), perform another rightward squeeze operation with squeeze count 4, using a 2×2 source droplet. Move all four droplets squeezed from (20, 20) downward by 10 grid cells. Pairwise merge each of these four moved droplets with the corresponding droplet squeezed from (20, 40), producing four merged droplets. Then rotationally mix each of the four merged droplets for 3 rotations."
gpt-5.4/depth4/gpt-5.4-depth4-case5-run3.txt,"At (20, 20), perform a rightward squeeze operation with squeeze count 4, using a 2×2 source droplet. At (20, 40), perform another rightward squeeze operation with squeeze count 4, using a 2×2 source droplet. Move all four droplets squeezed from (20, 20) downward by 10 grid cells. Pairwise merge each of these four moved droplets with the corresponding droplet squeezed from (20, 40), producing four merged droplets. Then rotationally mix each of the four merged droplets for 3 rotations."
gpt-5.4/depth4/gpt-5.4-depth4-case5-run4.gif,"At (20, 20), perform a rightward squeeze operation with squeeze count 4, using a 2×2 source droplet. At (20, 40), perform another rightward squeeze operation with squeeze count 4, using a 2×2 source droplet. Move all four droplets squeezed from (20, 20) downward by 10 grid cells. Pairwise merge each of these four moved droplets with the corresponding droplet squeezed from (20, 40), producing four merged droplets. Then rotationally mix each of the four merged droplets for 3 rotations."
gpt-5.4/depth4/gpt-5.4-depth4-case5-run4.json,"At (20, 20), perform a rightward squeeze operation with squeeze count 4, using a 2×2 source droplet. At (20, 40), perform another rightward squeeze operation with squeeze count 4, using a 2×2 source droplet. Move all four droplets squeezed from (20, 20) downward by 10 grid cells. Pairwise merge each of these four moved droplets with the corresponding droplet squeezed from (20, 40), producing four merged droplets. Then rotationally mix each of the four merged droplets for 3 rotations."
gpt-5.4/depth4/gpt-5.4-depth4-case5-run4.txt,"At (20, 20), perform a rightward squeeze operation with squeeze count 4, using a 2×2 source droplet. At (20, 40), perform another rightward squeeze operation with squeeze count 4, using a 2×2 source droplet. Move all four droplets squeezed from (20, 20) downward by 10 grid cells. Pairwise merge each of these four moved droplets with the corresponding droplet squeezed from (20, 40), producing four merged droplets. Then rotationally mix each of the four merged droplets for 3 rotations."
gpt-5.4/depth4/gpt-5.4-depth4-case5-run5.gif,"At (20, 20), perform a rightward squeeze operation with squeeze count 4, using a 2×2 source droplet. At (20, 40), perform another rightward squeeze operation with squeeze count 4, using a 2×2 source droplet. Move all four droplets squeezed from (20, 20) downward by 10 grid cells. Pairwise merge each of these four moved droplets with the corresponding droplet squeezed from (20, 40), producing four merged droplets. Then rotationally mix each of the four merged droplets for 3 rotations."
gpt-5.4/depth4/gpt-5.4-depth4-case5-run5.json,"At (20, 20), perform a rightward squeeze operation with squeeze count 4, using a 2×2 source droplet. At (20, 40), perform another rightward squeeze operation with squeeze count 4, using a 2×2 source droplet. Move all four droplets squeezed from (20, 20) downward by 10 grid cells. Pairwise merge each of these four moved droplets with the corresponding droplet squeezed from (20, 40), producing four merged droplets. Then rotationally mix each of the four merged droplets for 3 rotations."
gpt-5.4/depth4/gpt-5.4-depth4-case5-run5.txt,"At (20, 20), perform a rightward squeeze operation with squeeze count 4, using a 2×2 source droplet. At (20, 40), perform another rightward squeeze operation with squeeze count 4, using a 2×2 source droplet. Move all four droplets squeezed from (20, 20) downward by 10 grid cells. Pairwise merge each of these four moved droplets with the corresponding droplet squeezed from (20, 40), producing four merged droplets. Then rotationally mix each of the four merged droplets for 3 rotations."
qwen3.8-max/depth1/qwen3.8-max-depth1-case1-run1.gif,"Generate 1 1×1 droplet at (30, 30) by squeezing to the right."
qwen3.8-max/depth1/qwen3.8-max-depth1-case1-run1.json,"Generate 1 1×1 droplet at (30, 30) by squeezing to the right."
qwen3.8-max/depth1/qwen3.8-max-depth1-case1-run1.txt,"Generate 1 1×1 droplet at (30, 30) by squeezing to the right."
qwen3.8-max/depth1/qwen3.8-max-depth1-case1-run2.gif,"Generate 1 1×1 droplet at (30, 30) by squeezing to the right."
qwen3.8-max/depth1/qwen3.8-max-depth1-case1-run2.json,"Generate 1 1×1 droplet at (30, 30) by squeezing to the right."
qwen3.8-max/depth1/qwen3.8-max-depth1-case1-run2.txt,"Generate 1 1×1 droplet at (30, 30) by squeezing to the right."
qwen3.8-max/depth1/qwen3.8-max-depth1-case1-run3.gif,"Generate 1 1×1 droplet at (30, 30) by squeezing to the right."
qwen3.8-max/depth1/qwen3.8-max-depth1-case1-run3.json,"Generate 1 1×1 droplet at (30, 30) by squeezing to the right."
qwen3.8-max/depth1/qwen3.8-max-depth1-case1-run3.txt,"Generate 1 1×1 droplet at (30, 30) by squeezing to the right."
qwen3.8-max/depth1/qwen3.8-max-depth1-case1-run4.gif,"Generate 1 1×1 droplet at (30, 30) by squeezing to the right."
qwen3.8-max/depth1/qwen3.8-max-depth1-case1-run4.json,"Generate 1 1×1 droplet at (30, 30) by squeezing to the right."
qwen3.8-max/depth1/qwen3.8-max-depth1-case1-run4.txt,"Generate 1 1×1 droplet at (30, 30) by squeezing to the right."
qwen3.8-max/depth1/qwen3.8-max-depth1-case1-run5.gif,"Generate 1 1×1 droplet at (30, 30) by squeezing to the right."
qwen3.8-max/depth1/qwen3.8-max-depth1-case1-run5.json,"Generate 1 1×1 droplet at (30, 30) by squeezing to the right."
qwen3.8-max/depth1/qwen3.8-max-depth1-case1-run5.txt,"Generate 1 1×1 droplet at (30, 30) by squeezing to the right."
qwen3.8-max/depth1/qwen3.8-max-depth1-case2-run1.gif,"Generate 2 1×1 droplets at (10, 10) by squeezing to the right."
qwen3.8-max/depth1/qwen3.8-max-depth1-case2-run1.json,"Generate 2 1×1 droplets at (10, 10) by squeezing to the right."
qwen3.8-max/depth1/qwen3.8-max-depth1-case2-run1.txt,"Generate 2 1×1 droplets at (10, 10) by squeezing to the right."
qwen3.8-max/depth1/qwen3.8-max-depth1-case2-run2.gif,"Generate 2 1×1 droplets at (10, 10) by squeezing to the right."
qwen3.8-max/depth1/qwen3.8-max-depth1-case2-run2.json,"Generate 2 1×1 droplets at (10, 10) by squeezing to the right."
qwen3.8-max/depth1/qwen3.8-max-depth1-case2-run2.txt,"Generate 2 1×1 droplets at (10, 10) by squeezing to the right."
qwen3.8-max/depth1/qwen3.8-max-depth1-case2-run3.gif,"Generate 2 1×1 droplets at (10, 10) by squeezing to the right."
qwen3.8-max/depth1/qwen3.8-max-depth1-case2-run3.json,"Generate 2 1×1 droplets at (10, 10) by squeezing to the right."
qwen3.8-max/depth1/qwen3.8-max-depth1-case2-run3.txt,"Generate 2 1×1 droplets at (10, 10) by squeezing to the right."
qwen3.8-max/depth1/qwen3.8-max-depth1-case2-run4.gif,"Generate 2 1×1 droplets at (10, 10) by squeezing to the right."
qwen3.8-max/depth1/qwen3.8-max-depth1-case2-run4.json,"Generate 2 1×1 droplets at (10, 10) by squeezing to the right."
qwen3.8-max/depth1/qwen3.8-max-depth1-case2-run4.txt,"Generate 2 1×1 droplets at (10, 10) by squeezing to the right."
qwen3.8-max/depth1/qwen3.8-max-depth1-case2-run5.gif,"Generate 2 1×1 droplets at (10, 10) by squeezing to the right."
qwen3.8-max/depth1/qwen3.8-max-depth1-case2-run5.json,"Generate 2 1×1 droplets at (10, 10) by squeezing to the right."
qwen3.8-max/depth1/qwen3.8-max-depth1-case2-run5.txt,"Generate 2 1×1 droplets at (10, 10) by squeezing to the right."
qwen3.8-max/depth1/qwen3.8-max-depth1-case3-run1.json,"Merge the 1×1 droplet located at (10, 10) with the 1×1 droplet located at (15, 10)."
qwen3.8-max/depth1/qwen3.8-max-depth1-case3-run2.json,"Merge the 1×1 droplet located at (10, 10) with the 1×1 droplet located at (15, 10)."
qwen3.8-max/depth1/qwen3.8-max-depth1-case3-run3.json,"Merge the 1×1 droplet located at (10, 10) with the 1×1 droplet located at (15, 10)."
qwen3.8-max/depth1/qwen3.8-max-depth1-case3-run4.json,"Merge the 1×1 droplet located at (10, 10) with the 1×1 droplet located at (15, 10)."
qwen3.8-max/depth1/qwen3.8-max-depth1-case3-run5.json,"Merge the 1×1 droplet located at (10, 10) with the 1×1 droplet located at (15, 10)."
qwen3.8-max/depth1/qwen3.8-max-depth1-case4-run1.gif,"Perform 2 cycles of rotational mixing on 1 droplet of size 1×1 located at (25, 25)."
qwen3.8-max/depth1/qwen3.8-max-depth1-case4-run1.json,"Perform 2 cycles of rotational mixing on 1 droplet of size 1×1 located at (25, 25)."
qwen3.8-max/depth1/qwen3.8-max-depth1-case4-run1.txt,"Perform 2 cycles of rotational mixing on 1 droplet of size 1×1 located at (25, 25)."
qwen3.8-max/depth1/qwen3.8-max-depth1-case4-run2.json,"Perform 2 cycles of rotational mixing on 1 droplet of size 1×1 located at (25, 25)."
qwen3.8-max/depth1/qwen3.8-max-depth1-case4-run3.json,"Perform 2 cycles of rotational mixing on 1 droplet of size 1×1 located at (25, 25)."
qwen3.8-max/depth1/qwen3.8-max-depth1-case4-run4.json,"Perform 2 cycles of rotational mixing on 1 droplet of size 1×1 located at (25, 25)."
qwen3.8-max/depth1/qwen3.8-max-depth1-case4-run5.json,"Perform 2 cycles of rotational mixing on 1 droplet of size 1×1 located at (25, 25)."
qwen3.8-max/depth1/qwen3.8-max-depth1-case5-run1.gif,"Move 1 droplet of size 1×1 located at (15, 15) 20 grid cells to the right."
qwen3.8-max/depth1/qwen3.8-max-depth1-case5-run1.json,"Move 1 droplet of size 1×1 located at (15, 15) 20 grid cells to the right."
qwen3.8-max/depth1/qwen3.8-max-depth1-case5-run1.txt,"Move 1 droplet of size 1×1 located at (15, 15) 20 grid cells to the right."
qwen3.8-max/depth1/qwen3.8-max-depth1-case5-run2.json,"Move 1 droplet of size 1×1 located at (15, 15) 20 grid cells to the right."
qwen3.8-max/depth1/qwen3.8-max-depth1-case5-run3.gif,"Move 1 droplet of size 1×1 located at (15, 15) 20 grid cells to the right."
qwen3.8-max/depth1/qwen3.8-max-depth1-case5-run3.json,"Move 1 droplet of size 1×1 located at (15, 15) 20 grid cells to the right."
qwen3.8-max/depth1/qwen3.8-max-depth1-case5-run3.txt,"Move 1 droplet of size 1×1 located at (15, 15) 20 grid cells to the right."
qwen3.8-max/depth1/qwen3.8-max-depth1-case5-run4.gif,"Move 1 droplet of size 1×1 located at (15, 15) 20 grid cells to the right."
qwen3.8-max/depth1/qwen3.8-max-depth1-case5-run4.json,"Move 1 droplet of size 1×1 located at (15, 15) 20 grid cells to the right."
qwen3.8-max/depth1/qwen3.8-max-depth1-case5-run4.txt,"Move 1 droplet of size 1×1 located at (15, 15) 20 grid cells to the right."
qwen3.8-max/depth1/qwen3.8-max-depth1-case5-run5.gif,"Move 1 droplet of size 1×1 located at (15, 15) 20 grid cells to the right."
qwen3.8-max/depth1/qwen3.8-max-depth1-case5-run5.json,"Move 1 droplet of size 1×1 located at (15, 15) 20 grid cells to the right."
qwen3.8-max/depth1/qwen3.8-max-depth1-case5-run5.txt,"Move 1 droplet of size 1×1 located at (15, 15) 20 grid cells to the right."
qwen3.8-max/depth2/qwen3.8-max-depth2-case1-run1.gif,"At (30, 30), perform a rightward squeeze operation with squeeze count 1, using a 2×2 source droplet. Then move the squeezed droplet upward by 10 grid cells."
qwen3.8-max/depth2/qwen3.8-max-depth2-case1-run1.json,"At (30, 30), perform a rightward squeeze operation with squeeze count 1, using a 2×2 source droplet. Then move the squeezed droplet upward by 10 grid cells."
qwen3.8-max/depth2/qwen3.8-max-depth2-case1-run1.txt,"At (30, 30), perform a rightward squeeze operation with squeeze count 1, using a 2×2 source droplet. Then move the squeezed droplet upward by 10 grid cells."
qwen3.8-max/depth2/qwen3.8-max-depth2-case1-run2.gif,"At (30, 30), perform a rightward squeeze operation with squeeze count 1, using a 2×2 source droplet. Then move the squeezed droplet upward by 10 grid cells."
qwen3.8-max/depth2/qwen3.8-max-depth2-case1-run2.json,"At (30, 30), perform a rightward squeeze operation with squeeze count 1, using a 2×2 source droplet. Then move the squeezed droplet upward by 10 grid cells."
qwen3.8-max/depth2/qwen3.8-max-depth2-case1-run2.txt,"At (30, 30), perform a rightward squeeze operation with squeeze count 1, using a 2×2 source droplet. Then move the squeezed droplet upward by 10 grid cells."
qwen3.8-max/depth2/qwen3.8-max-depth2-case1-run3.gif,"At (30, 30), perform a rightward squeeze operation with squeeze count 1, using a 2×2 source droplet. Then move the squeezed droplet upward by 10 grid cells."
qwen3.8-max/depth2/qwen3.8-max-depth2-case1-run3.json,"At (30, 30), perform a rightward squeeze operation with squeeze count 1, using a 2×2 source droplet. Then move the squeezed droplet upward by 10 grid cells."
qwen3.8-max/depth2/qwen3.8-max-depth2-case1-run3.txt,"At (30, 30), perform a rightward squeeze operation with squeeze count 1, using a 2×2 source droplet. Then move the squeezed droplet upward by 10 grid cells."
qwen3.8-max/depth2/qwen3.8-max-depth2-case1-run4.gif,"At (30, 30), perform a rightward squeeze operation with squeeze count 1, using a 2×2 source droplet. Then move the squeezed droplet upward by 10 grid cells."
qwen3.8-max/depth2/qwen3.8-max-depth2-case1-run4.json,"At (30, 30), perform a rightward squeeze operation with squeeze count 1, using a 2×2 source droplet. Then move the squeezed droplet upward by 10 grid cells."
qwen3.8-max/depth2/qwen3.8-max-depth2-case1-run4.txt,"At (30, 30), perform a rightward squeeze operation with squeeze count 1, using a 2×2 source droplet. Then move the squeezed droplet upward by 10 grid cells."
qwen3.8-max/depth2/qwen3.8-max-depth2-case1-run5.gif,"At (30, 30), perform a rightward squeeze operation with squeeze count 1, using a 2×2 source droplet. Then move the squeezed droplet upward by 10 grid cells."
qwen3.8-max/depth2/qwen3.8-max-depth2-case1-run5.json,"At (30, 30), perform a rightward squeeze operation with squeeze count 1, using a 2×2 source droplet. Then move the squeezed droplet upward by 10 grid cells."
qwen3.8-max/depth2/qwen3.8-max-depth2-case1-run5.txt,"At (30, 30), perform a rightward squeeze operation with squeeze count 1, using a 2×2 source droplet. Then move the squeezed droplet upward by 10 grid cells."
qwen3.8-max/depth2/qwen3.8-max-depth2-case2-run1.gif,"At (50, 50), perform a downward squeeze operation with squeeze count 1, using a 3×3 source droplet. Then rotationally mix the squeezed droplet for 3 rotations."
qwen3.8-max/depth2/qwen3.8-max-depth2-case2-run1.json,"At (50, 50), perform a downward squeeze operation with squeeze count 1, using a 3×3 source droplet. Then rotationally mix the squeezed droplet for 3 rotations."
qwen3.8-max/depth2/qwen3.8-max-depth2-case2-run1.txt,"At (50, 50), perform a downward squeeze operation with squeeze count 1, using a 3×3 source droplet. Then rotationally mix the squeezed droplet for 3 rotations."
qwen3.8-max/depth2/qwen3.8-max-depth2-case2-run2.gif,"At (50, 50), perform a downward squeeze operation with squeeze count 1, using a 3×3 source droplet. Then rotationally mix the squeezed droplet for 3 rotations."
qwen3.8-max/depth2/qwen3.8-max-depth2-case2-run2.json,"At (50, 50), perform a downward squeeze operation with squeeze count 1, using a 3×3 source droplet. Then rotationally mix the squeezed droplet for 3 rotations."
qwen3.8-max/depth2/qwen3.8-max-depth2-case2-run2.txt,"At (50, 50), perform a downward squeeze operation with squeeze count 1, using a 3×3 source droplet. Then rotationally mix the squeezed droplet for 3 rotations."
qwen3.8-max/depth2/qwen3.8-max-depth2-case2-run3.gif,"At (50, 50), perform a downward squeeze operation with squeeze count 1, using a 3×3 source droplet. Then rotationally mix the squeezed droplet for 3 rotations."
qwen3.8-max/depth2/qwen3.8-max-depth2-case2-run3.json,"At (50, 50), perform a downward squeeze operation with squeeze count 1, using a 3×3 source droplet. Then rotationally mix the squeezed droplet for 3 rotations."
qwen3.8-max/depth2/qwen3.8-max-depth2-case2-run3.txt,"At (50, 50), perform a downward squeeze operation with squeeze count 1, using a 3×3 source droplet. Then rotationally mix the squeezed droplet for 3 rotations."
qwen3.8-max/depth2/qwen3.8-max-depth2-case2-run4.gif,"At (50, 50), perform a downward squeeze operation with squeeze count 1, using a 3×3 source droplet. Then rotationally mix the squeezed droplet for 3 rotations."
qwen3.8-max/depth2/qwen3.8-max-depth2-case2-run4.json,"At (50, 50), perform a downward squeeze operation with squeeze count 1, using a 3×3 source droplet. Then rotationally mix the squeezed droplet for 3 rotations."
qwen3.8-max/depth2/qwen3.8-max-depth2-case2-run4.txt,"At (50, 50), perform a downward squeeze operation with squeeze count 1, using a 3×3 source droplet. Then rotationally mix the squeezed droplet for 3 rotations."
qwen3.8-max/depth2/qwen3.8-max-depth2-case2-run5.gif,"At (50, 50), perform a downward squeeze operation with squeeze count 1, using a 3×3 source droplet. Then rotationally mix the squeezed droplet for 3 rotations."
qwen3.8-max/depth2/qwen3.8-max-depth2-case2-run5.json,"At (50, 50), perform a downward squeeze operation with squeeze count 1, using a 3×3 source droplet. Then rotationally mix the squeezed droplet for 3 rotations."
qwen3.8-max/depth2/qwen3.8-max-depth2-case2-run5.txt,"At (50, 50), perform a downward squeeze operation with squeeze count 1, using a 3×3 source droplet. Then rotationally mix the squeezed droplet for 3 rotations."
qwen3.8-max/depth2/qwen3.8-max-depth2-case3-run1.json,"Initially, there is one 2×2 droplet at (10, 10) and another 2×2 droplet at (10, 16). Merge these two droplets. Then rotationally mix the merged droplet for 2 rotations."
qwen3.8-max/depth2/qwen3.8-max-depth2-case3-run2.json,"Initially, there is one 2×2 droplet at (10, 10) and another 2×2 droplet at (10, 16). Merge these two droplets. Then rotationally mix the merged droplet for 2 rotations."
qwen3.8-max/depth2/qwen3.8-max-depth2-case3-run3.json,"Initially, there is one 2×2 droplet at (10, 10) and another 2×2 droplet at (10, 16). Merge these two droplets. Then rotationally mix the merged droplet for 2 rotations."
qwen3.8-max/depth2/qwen3.8-max-depth2-case3-run4.json,"Initially, there is one 2×2 droplet at (10, 10) and another 2×2 droplet at (10, 16). Merge these two droplets. Then rotationally mix the merged droplet for 2 rotations."
qwen3.8-max/depth2/qwen3.8-max-depth2-case3-run5.json,"Initially, there is one 2×2 droplet at (10, 10) and another 2×2 droplet at (10, 16). Merge these two droplets. Then rotationally mix the merged droplet for 2 rotations."
qwen3.8-max/depth2/qwen3.8-max-depth2-case4-run1.json,"Initially, there is one 3×3 droplet at (40, 40). Move this droplet to the left by 12 grid cells. Then rotationally mix the moved droplet for 4 rotations."
qwen3.8-max/depth2/qwen3.8-max-depth2-case4-run2.json,"Initially, there is one 3×3 droplet at (40, 40). Move this droplet to the left by 12 grid cells. Then rotationally mix the moved droplet for 4 rotations."
qwen3.8-max/depth2/qwen3.8-max-depth2-case4-run3.json,"Initially, there is one 3×3 droplet at (40, 40). Move this droplet to the left by 12 grid cells. Then rotationally mix the moved droplet for 4 rotations."
qwen3.8-max/depth2/qwen3.8-max-depth2-case4-run4.json,"Initially, there is one 3×3 droplet at (40, 40). Move this droplet to the left by 12 grid cells. Then rotationally mix the moved droplet for 4 rotations."
qwen3.8-max/depth2/qwen3.8-max-depth2-case4-run5.json,"Initially, there is one 3×3 droplet at (40, 40). Move this droplet to the left by 12 grid cells. Then rotationally mix the moved droplet for 4 rotations."
qwen3.8-max/depth2/qwen3.8-max-depth2-case5-run1.gif,"At (90, 20), perform a leftward squeeze operation with squeeze count 4, using a 4×4 source droplet. Then move all four squeezed droplets downward by 20 grid cells."
qwen3.8-max/depth2/qwen3.8-max-depth2-case5-run1.json,"At (90, 20), perform a leftward squeeze operation with squeeze count 4, using a 4×4 source droplet. Then move all four squeezed droplets downward by 20 grid cells."
qwen3.8-max/depth2/qwen3.8-max-depth2-case5-run1.txt,"At (90, 20), perform a leftward squeeze operation with squeeze count 4, using a 4×4 source droplet. Then move all four squeezed droplets downward by 20 grid cells."
qwen3.8-max/depth2/qwen3.8-max-depth2-case5-run2.gif,"At (90, 20), perform a leftward squeeze operation with squeeze count 4, using a 4×4 source droplet. Then move all four squeezed droplets downward by 20 grid cells."
qwen3.8-max/depth2/qwen3.8-max-depth2-case5-run2.json,"At (90, 20), perform a leftward squeeze operation with squeeze count 4, using a 4×4 source droplet. Then move all four squeezed droplets downward by 20 grid cells."
qwen3.8-max/depth2/qwen3.8-max-depth2-case5-run2.txt,"At (90, 20), perform a leftward squeeze operation with squeeze count 4, using a 4×4 source droplet. Then move all four squeezed droplets downward by 20 grid cells."
qwen3.8-max/depth2/qwen3.8-max-depth2-case5-run3.gif,"At (90, 20), perform a leftward squeeze operation with squeeze count 4, using a 4×4 source droplet. Then move all four squeezed droplets downward by 20 grid cells."
qwen3.8-max/depth2/qwen3.8-max-depth2-case5-run3.json,"At (90, 20), perform a leftward squeeze operation with squeeze count 4, using a 4×4 source droplet. Then move all four squeezed droplets downward by 20 grid cells."
qwen3.8-max/depth2/qwen3.8-max-depth2-case5-run3.txt,"At (90, 20), perform a leftward squeeze operation with squeeze count 4, using a 4×4 source droplet. Then move all four squeezed droplets downward by 20 grid cells."
qwen3.8-max/depth2/qwen3.8-max-depth2-case5-run4.gif,"At (90, 20), perform a leftward squeeze operation with squeeze count 4, using a 4×4 source droplet. Then move all four squeezed droplets downward by 20 grid cells."
qwen3.8-max/depth2/qwen3.8-max-depth2-case5-run4.json,"At (90, 20), perform a leftward squeeze operation with squeeze count 4, using a 4×4 source droplet. Then move all four squeezed droplets downward by 20 grid cells."
qwen3.8-max/depth2/qwen3.8-max-depth2-case5-run4.txt,"At (90, 20), perform a leftward squeeze operation with squeeze count 4, using a 4×4 source droplet. Then move all four squeezed droplets downward by 20 grid cells."
qwen3.8-max/depth2/qwen3.8-max-depth2-case5-run5.gif,"At (90, 20), perform a leftward squeeze operation with squeeze count 4, using a 4×4 source droplet. Then move all four squeezed droplets downward by 20 grid cells."
qwen3.8-max/depth2/qwen3.8-max-depth2-case5-run5.json,"At (90, 20), perform a leftward squeeze operation with squeeze count 4, using a 4×4 source droplet. Then move all four squeezed droplets downward by 20 grid cells."
qwen3.8-max/depth2/qwen3.8-max-depth2-case5-run5.txt,"At (90, 20), perform a leftward squeeze operation with squeeze count 4, using a 4×4 source droplet. Then move all four squeezed droplets downward by 20 grid cells."
qwen3.8-max/depth3/qwen3.8-max-depth3-case1-run1.gif,"At (20, 20), perform a rightward squeeze operation with squeeze count 1, using a 2×2 source droplet. Move the squeezed droplet downward by 10 grid cells. Then rotationally mix the moved droplet for 3 rotations."
qwen3.8-max/depth3/qwen3.8-max-depth3-case1-run1.json,"At (20, 20), perform a rightward squeeze operation with squeeze count 1, using a 2×2 source droplet. Move the squeezed droplet downward by 10 grid cells. Then rotationally mix the moved droplet for 3 rotations."
qwen3.8-max/depth3/qwen3.8-max-depth3-case1-run1.txt,"At (20, 20), perform a rightward squeeze operation with squeeze count 1, using a 2×2 source droplet. Move the squeezed droplet downward by 10 grid cells. Then rotationally mix the moved droplet for 3 rotations."
qwen3.8-max/depth3/qwen3.8-max-depth3-case1-run2.gif,"At (20, 20), perform a rightward squeeze operation with squeeze count 1, using a 2×2 source droplet. Move the squeezed droplet downward by 10 grid cells. Then rotationally mix the moved droplet for 3 rotations."
qwen3.8-max/depth3/qwen3.8-max-depth3-case1-run2.json,"At (20, 20), perform a rightward squeeze operation with squeeze count 1, using a 2×2 source droplet. Move the squeezed droplet downward by 10 grid cells. Then rotationally mix the moved droplet for 3 rotations."
qwen3.8-max/depth3/qwen3.8-max-depth3-case1-run2.txt,"At (20, 20), perform a rightward squeeze operation with squeeze count 1, using a 2×2 source droplet. Move the squeezed droplet downward by 10 grid cells. Then rotationally mix the moved droplet for 3 rotations."
qwen3.8-max/depth3/qwen3.8-max-depth3-case1-run3.gif,"At (20, 20), perform a rightward squeeze operation with squeeze count 1, using a 2×2 source droplet. Move the squeezed droplet downward by 10 grid cells. Then rotationally mix the moved droplet for 3 rotations."
qwen3.8-max/depth3/qwen3.8-max-depth3-case1-run3.json,"At (20, 20), perform a rightward squeeze operation with squeeze count 1, using a 2×2 source droplet. Move the squeezed droplet downward by 10 grid cells. Then rotationally mix the moved droplet for 3 rotations."
qwen3.8-max/depth3/qwen3.8-max-depth3-case1-run3.txt,"At (20, 20), perform a rightward squeeze operation with squeeze count 1, using a 2×2 source droplet. Move the squeezed droplet downward by 10 grid cells. Then rotationally mix the moved droplet for 3 rotations."
qwen3.8-max/depth3/qwen3.8-max-depth3-case1-run4.gif,"At (20, 20), perform a rightward squeeze operation with squeeze count 1, using a 2×2 source droplet. Move the squeezed droplet downward by 10 grid cells. Then rotationally mix the moved droplet for 3 rotations."
qwen3.8-max/depth3/qwen3.8-max-depth3-case1-run4.json,"At (20, 20), perform a rightward squeeze operation with squeeze count 1, using a 2×2 source droplet. Move the squeezed droplet downward by 10 grid cells. Then rotationally mix the moved droplet for 3 rotations."
qwen3.8-max/depth3/qwen3.8-max-depth3-case1-run4.txt,"At (20, 20), perform a rightward squeeze operation with squeeze count 1, using a 2×2 source droplet. Move the squeezed droplet downward by 10 grid cells. Then rotationally mix the moved droplet for 3 rotations."
qwen3.8-max/depth3/qwen3.8-max-depth3-case1-run5.gif,"At (20, 20), perform a rightward squeeze operation with squeeze count 1, using a 2×2 source droplet. Move the squeezed droplet downward by 10 grid cells. Then rotationally mix the moved droplet for 3 rotations."
qwen3.8-max/depth3/qwen3.8-max-depth3-case1-run5.json,"At (20, 20), perform a rightward squeeze operation with squeeze count 1, using a 2×2 source droplet. Move the squeezed droplet downward by 10 grid cells. Then rotationally mix the moved droplet for 3 rotations."
qwen3.8-max/depth3/qwen3.8-max-depth3-case1-run5.txt,"At (20, 20), perform a rightward squeeze operation with squeeze count 1, using a 2×2 source droplet. Move the squeezed droplet downward by 10 grid cells. Then rotationally mix the moved droplet for 3 rotations."
qwen3.8-max/depth3/qwen3.8-max-depth3-case2-run1.json,"Initially, there is one 1×2 droplet at (13, 21). At (15, 15), perform a downward squeeze operation with squeeze count 1, using a 2×2 source droplet. Merge the squeezed droplet with the pre-existing 1×2 droplet at (13, 21). Then rotationally mix the merged droplet for 3 rotations."
qwen3.8-max/depth3/qwen3.8-max-depth3-case2-run2.json,"Initially, there is one 1×2 droplet at (13, 21). At (15, 15), perform a downward squeeze operation with squeeze count 1, using a 2×2 source droplet. Merge the squeezed droplet with the pre-existing 1×2 droplet at (13, 21). Then rotationally mix the merged droplet for 3 rotations."
qwen3.8-max/depth3/qwen3.8-max-depth3-case2-run3.json,"Initially, there is one 1×2 droplet at (13, 21). At (15, 15), perform a downward squeeze operation with squeeze count 1, using a 2×2 source droplet. Merge the squeezed droplet with the pre-existing 1×2 droplet at (13, 21). Then rotationally mix the merged droplet for 3 rotations."
qwen3.8-max/depth3/qwen3.8-max-depth3-case2-run4.json,"Initially, there is one 1×2 droplet at (13, 21). At (15, 15), perform a downward squeeze operation with squeeze count 1, using a 2×2 source droplet. Merge the squeezed droplet with the pre-existing 1×2 droplet at (13, 21). Then rotationally mix the merged droplet for 3 rotations."
qwen3.8-max/depth3/qwen3.8-max-depth3-case2-run5.json,"Initially, there is one 1×2 droplet at (13, 21). At (15, 15), perform a downward squeeze operation with squeeze count 1, using a 2×2 source droplet. Merge the squeezed droplet with the pre-existing 1×2 droplet at (13, 21). Then rotationally mix the merged droplet for 3 rotations."
qwen3.8-max/depth3/qwen3.8-max-depth3-case3-run1.json,"Initially, there is one 2×2 droplet at (30, 30) and another 2×2 droplet at (36, 30). Merge these two droplets. Move the merged droplet downward by 10 grid cells. Then rotationally mix the moved droplet for 2 rotations."
qwen3.8-max/depth3/qwen3.8-max-depth3-case3-run2.json,"Initially, there is one 2×2 droplet at (30, 30) and another 2×2 droplet at (36, 30). Merge these two droplets. Move the merged droplet downward by 10 grid cells. Then rotationally mix the moved droplet for 2 rotations."
qwen3.8-max/depth3/qwen3.8-max-depth3-case3-run3.json,"Initially, there is one 2×2 droplet at (30, 30) and another 2×2 droplet at (36, 30). Merge these two droplets. Move the merged droplet downward by 10 grid cells. Then rotationally mix the moved droplet for 2 rotations."
qwen3.8-max/depth3/qwen3.8-max-depth3-case3-run4.json,"Initially, there is one 2×2 droplet at (30, 30) and another 2×2 droplet at (36, 30). Merge these two droplets. Move the merged droplet downward by 10 grid cells. Then rotationally mix the moved droplet for 2 rotations."
qwen3.8-max/depth3/qwen3.8-max-depth3-case3-run5.json,"Initially, there is one 2×2 droplet at (30, 30) and another 2×2 droplet at (36, 30). Merge these two droplets. Move the merged droplet downward by 10 grid cells. Then rotationally mix the moved droplet for 2 rotations."
qwen3.8-max/depth3/qwen3.8-max-depth3-case4-run1.json,"Initially, there is one 3×3 droplet at (50, 50). Move this droplet to the left by 10 grid cells. Rotationally mix the moved droplet for 2 rotations. Then move the mixed droplet downward by 5 grid cells."
qwen3.8-max/depth3/qwen3.8-max-depth3-case4-run2.json,"Initially, there is one 3×3 droplet at (50, 50). Move this droplet to the left by 10 grid cells. Rotationally mix the moved droplet for 2 rotations. Then move the mixed droplet downward by 5 grid cells."
qwen3.8-max/depth3/qwen3.8-max-depth3-case4-run3.json,"Initially, there is one 3×3 droplet at (50, 50). Move this droplet to the left by 10 grid cells. Rotationally mix the moved droplet for 2 rotations. Then move the mixed droplet downward by 5 grid cells."
qwen3.8-max/depth3/qwen3.8-max-depth3-case4-run4.json,"Initially, there is one 3×3 droplet at (50, 50). Move this droplet to the left by 10 grid cells. Rotationally mix the moved droplet for 2 rotations. Then move the mixed droplet downward by 5 grid cells."
qwen3.8-max/depth3/qwen3.8-max-depth3-case4-run5.json,"Initially, there is one 3×3 droplet at (50, 50). Move this droplet to the left by 10 grid cells. Rotationally mix the moved droplet for 2 rotations. Then move the mixed droplet downward by 5 grid cells."
qwen3.8-max/depth3/qwen3.8-max-depth3-case5-run1.gif,"At (60, 60), perform a downward squeeze operation with squeeze count 1, using a 3×3 source droplet. Rotationally mix the squeezed droplet for 4 rotations. Then move the mixed droplet to the right by 15 grid cells."
qwen3.8-max/depth3/qwen3.8-max-depth3-case5-run1.json,"At (60, 60), perform a downward squeeze operation with squeeze count 1, using a 3×3 source droplet. Rotationally mix the squeezed droplet for 4 rotations. Then move the mixed droplet to the right by 15 grid cells."
qwen3.8-max/depth3/qwen3.8-max-depth3-case5-run1.txt,"At (60, 60), perform a downward squeeze operation with squeeze count 1, using a 3×3 source droplet. Rotationally mix the squeezed droplet for 4 rotations. Then move the mixed droplet to the right by 15 grid cells."
qwen3.8-max/depth3/qwen3.8-max-depth3-case5-run2.gif,"At (60, 60), perform a downward squeeze operation with squeeze count 1, using a 3×3 source droplet. Rotationally mix the squeezed droplet for 4 rotations. Then move the mixed droplet to the right by 15 grid cells."
qwen3.8-max/depth3/qwen3.8-max-depth3-case5-run2.json,"At (60, 60), perform a downward squeeze operation with squeeze count 1, using a 3×3 source droplet. Rotationally mix the squeezed droplet for 4 rotations. Then move the mixed droplet to the right by 15 grid cells."
qwen3.8-max/depth3/qwen3.8-max-depth3-case5-run2.txt,"At (60, 60), perform a downward squeeze operation with squeeze count 1, using a 3×3 source droplet. Rotationally mix the squeezed droplet for 4 rotations. Then move the mixed droplet to the right by 15 grid cells."
qwen3.8-max/depth3/qwen3.8-max-depth3-case5-run3.gif,"At (60, 60), perform a downward squeeze operation with squeeze count 1, using a 3×3 source droplet. Rotationally mix the squeezed droplet for 4 rotations. Then move the mixed droplet to the right by 15 grid cells."
qwen3.8-max/depth3/qwen3.8-max-depth3-case5-run3.json,"At (60, 60), perform a downward squeeze operation with squeeze count 1, using a 3×3 source droplet. Rotationally mix the squeezed droplet for 4 rotations. Then move the mixed droplet to the right by 15 grid cells."
qwen3.8-max/depth3/qwen3.8-max-depth3-case5-run3.txt,"At (60, 60), perform a downward squeeze operation with squeeze count 1, using a 3×3 source droplet. Rotationally mix the squeezed droplet for 4 rotations. Then move the mixed droplet to the right by 15 grid cells."
qwen3.8-max/depth3/qwen3.8-max-depth3-case5-run4.gif,"At (60, 60), perform a downward squeeze operation with squeeze count 1, using a 3×3 source droplet. Rotationally mix the squeezed droplet for 4 rotations. Then move the mixed droplet to the right by 15 grid cells."
qwen3.8-max/depth3/qwen3.8-max-depth3-case5-run4.json,"At (60, 60), perform a downward squeeze operation with squeeze count 1, using a 3×3 source droplet. Rotationally mix the squeezed droplet for 4 rotations. Then move the mixed droplet to the right by 15 grid cells."
qwen3.8-max/depth3/qwen3.8-max-depth3-case5-run4.txt,"At (60, 60), perform a downward squeeze operation with squeeze count 1, using a 3×3 source droplet. Rotationally mix the squeezed droplet for 4 rotations. Then move the mixed droplet to the right by 15 grid cells."
qwen3.8-max/depth3/qwen3.8-max-depth3-case5-run5.json,"At (60, 60), perform a downward squeeze operation with squeeze count 1, using a 3×3 source droplet. Rotationally mix the squeezed droplet for 4 rotations. Then move the mixed droplet to the right by 15 grid cells."
qwen3.8-max/depth4/qwen3.8-max-depth4-case1-run1.json,"At (30, 20), perform a rightward squeeze operation with squeeze count 1, using a 2×2 source droplet. At (30, 40), perform another rightward squeeze operation with squeeze count 1, using a 2×2 source droplet. Move the droplet squeezed from (30, 40) upward by 10 grid cells. Then merge it with the droplet squeezed from (30, 20)."
qwen3.8-max/depth4/qwen3.8-max-depth4-case1-run2.gif,"At (30, 20), perform a rightward squeeze operation with squeeze count 1, using a 2×2 source droplet. At (30, 40), perform another rightward squeeze operation with squeeze count 1, using a 2×2 source droplet. Move the droplet squeezed from (30, 40) upward by 10 grid cells. Then merge it with the droplet squeezed from (30, 20)."
qwen3.8-max/depth4/qwen3.8-max-depth4-case1-run2.json,"At (30, 20), perform a rightward squeeze operation with squeeze count 1, using a 2×2 source droplet. At (30, 40), perform another rightward squeeze operation with squeeze count 1, using a 2×2 source droplet. Move the droplet squeezed from (30, 40) upward by 10 grid cells. Then merge it with the droplet squeezed from (30, 20)."
qwen3.8-max/depth4/qwen3.8-max-depth4-case1-run2.txt,"At (30, 20), perform a rightward squeeze operation with squeeze count 1, using a 2×2 source droplet. At (30, 40), perform another rightward squeeze operation with squeeze count 1, using a 2×2 source droplet. Move the droplet squeezed from (30, 40) upward by 10 grid cells. Then merge it with the droplet squeezed from (30, 20)."
qwen3.8-max/depth4/qwen3.8-max-depth4-case1-run3.gif,"At (30, 20), perform a rightward squeeze operation with squeeze count 1, using a 2×2 source droplet. At (30, 40), perform another rightward squeeze operation with squeeze count 1, using a 2×2 source droplet. Move the droplet squeezed from (30, 40) upward by 10 grid cells. Then merge it with the droplet squeezed from (30, 20)."
qwen3.8-max/depth4/qwen3.8-max-depth4-case1-run3.json,"At (30, 20), perform a rightward squeeze operation with squeeze count 1, using a 2×2 source droplet. At (30, 40), perform another rightward squeeze operation with squeeze count 1, using a 2×2 source droplet. Move the droplet squeezed from (30, 40) upward by 10 grid cells. Then merge it with the droplet squeezed from (30, 20)."
qwen3.8-max/depth4/qwen3.8-max-depth4-case1-run3.txt,"At (30, 20), perform a rightward squeeze operation with squeeze count 1, using a 2×2 source droplet. At (30, 40), perform another rightward squeeze operation with squeeze count 1, using a 2×2 source droplet. Move the droplet squeezed from (30, 40) upward by 10 grid cells. Then merge it with the droplet squeezed from (30, 20)."
qwen3.8-max/depth4/qwen3.8-max-depth4-case1-run4.gif,"At (30, 20), perform a rightward squeeze operation with squeeze count 1, using a 2×2 source droplet. At (30, 40), perform another rightward squeeze operation with squeeze count 1, using a 2×2 source droplet. Move the droplet squeezed from (30, 40) upward by 10 grid cells. Then merge it with the droplet squeezed from (30, 20)."
qwen3.8-max/depth4/qwen3.8-max-depth4-case1-run4.json,"At (30, 20), perform a rightward squeeze operation with squeeze count 1, using a 2×2 source droplet. At (30, 40), perform another rightward squeeze operation with squeeze count 1, using a 2×2 source droplet. Move the droplet squeezed from (30, 40) upward by 10 grid cells. Then merge it with the droplet squeezed from (30, 20)."
qwen3.8-max/depth4/qwen3.8-max-depth4-case1-run4.txt,"At (30, 20), perform a rightward squeeze operation with squeeze count 1, using a 2×2 source droplet. At (30, 40), perform another rightward squeeze operation with squeeze count 1, using a 2×2 source droplet. Move the droplet squeezed from (30, 40) upward by 10 grid cells. Then merge it with the droplet squeezed from (30, 20)."
qwen3.8-max/depth4/qwen3.8-max-depth4-case1-run5.gif,"At (30, 20), perform a rightward squeeze operation with squeeze count 1, using a 2×2 source droplet. At (30, 40), perform another rightward squeeze operation with squeeze count 1, using a 2×2 source droplet. Move the droplet squeezed from (30, 40) upward by 10 grid cells. Then merge it with the droplet squeezed from (30, 20)."
qwen3.8-max/depth4/qwen3.8-max-depth4-case1-run5.json,"At (30, 20), perform a rightward squeeze operation with squeeze count 1, using a 2×2 source droplet. At (30, 40), perform another rightward squeeze operation with squeeze count 1, using a 2×2 source droplet. Move the droplet squeezed from (30, 40) upward by 10 grid cells. Then merge it with the droplet squeezed from (30, 20)."
qwen3.8-max/depth4/qwen3.8-max-depth4-case1-run5.txt,"At (30, 20), perform a rightward squeeze operation with squeeze count 1, using a 2×2 source droplet. At (30, 40), perform another rightward squeeze operation with squeeze count 1, using a 2×2 source droplet. Move the droplet squeezed from (30, 40) upward by 10 grid cells. Then merge it with the droplet squeezed from (30, 20)."
qwen3.8-max/depth4/qwen3.8-max-depth4-case2-run1.gif,"At (50, 53), perform an upward squeeze operation with squeeze count 1, using a 3×3 source droplet. Move the squeezed droplet to the right by 10 grid cells. Rotationally mix the moved droplet for 3 rotations. Then move the mixed droplet downward by 5 grid cells."
qwen3.8-max/depth4/qwen3.8-max-depth4-case2-run1.json,"At (50, 53), perform an upward squeeze operation with squeeze count 1, using a 3×3 source droplet. Move the squeezed droplet to the right by 10 grid cells. Rotationally mix the moved droplet for 3 rotations. Then move the mixed droplet downward by 5 grid cells."
qwen3.8-max/depth4/qwen3.8-max-depth4-case2-run1.txt,"At (50, 53), perform an upward squeeze operation with squeeze count 1, using a 3×3 source droplet. Move the squeezed droplet to the right by 10 grid cells. Rotationally mix the moved droplet for 3 rotations. Then move the mixed droplet downward by 5 grid cells."
qwen3.8-max/depth4/qwen3.8-max-depth4-case2-run2.json,"At (50, 53), perform an upward squeeze operation with squeeze count 1, using a 3×3 source droplet. Move the squeezed droplet to the right by 10 grid cells. Rotationally mix the moved droplet for 3 rotations. Then move the mixed droplet downward by 5 grid cells."
qwen3.8-max/depth4/qwen3.8-max-depth4-case2-run3.gif,"At (50, 53), perform an upward squeeze operation with squeeze count 1, using a 3×3 source droplet. Move the squeezed droplet to the right by 10 grid cells. Rotationally mix the moved droplet for 3 rotations. Then move the mixed droplet downward by 5 grid cells."
qwen3.8-max/depth4/qwen3.8-max-depth4-case2-run3.json,"At (50, 53), perform an upward squeeze operation with squeeze count 1, using a 3×3 source droplet. Move the squeezed droplet to the right by 10 grid cells. Rotationally mix the moved droplet for 3 rotations. Then move the mixed droplet downward by 5 grid cells."
qwen3.8-max/depth4/qwen3.8-max-depth4-case2-run3.txt,"At (50, 53), perform an upward squeeze operation with squeeze count 1, using a 3×3 source droplet. Move the squeezed droplet to the right by 10 grid cells. Rotationally mix the moved droplet for 3 rotations. Then move the mixed droplet downward by 5 grid cells."
qwen3.8-max/depth4/qwen3.8-max-depth4-case2-run4.gif,"At (50, 53), perform an upward squeeze operation with squeeze count 1, using a 3×3 source droplet. Move the squeezed droplet to the right by 10 grid cells. Rotationally mix the moved droplet for 3 rotations. Then move the mixed droplet downward by 5 grid cells."
qwen3.8-max/depth4/qwen3.8-max-depth4-case2-run4.json,"At (50, 53), perform an upward squeeze operation with squeeze count 1, using a 3×3 source droplet. Move the squeezed droplet to the right by 10 grid cells. Rotationally mix the moved droplet for 3 rotations. Then move the mixed droplet downward by 5 grid cells."
qwen3.8-max/depth4/qwen3.8-max-depth4-case2-run4.txt,"At (50, 53), perform an upward squeeze operation with squeeze count 1, using a 3×3 source droplet. Move the squeezed droplet to the right by 10 grid cells. Rotationally mix the moved droplet for 3 rotations. Then move the mixed droplet downward by 5 grid cells."
qwen3.8-max/depth4/qwen3.8-max-depth4-case2-run5.gif,"At (50, 53), perform an upward squeeze operation with squeeze count 1, using a 3×3 source droplet. Move the squeezed droplet to the right by 10 grid cells. Rotationally mix the moved droplet for 3 rotations. Then move the mixed droplet downward by 5 grid cells."
qwen3.8-max/depth4/qwen3.8-max-depth4-case2-run5.json,"At (50, 53), perform an upward squeeze operation with squeeze count 1, using a 3×3 source droplet. Move the squeezed droplet to the right by 10 grid cells. Rotationally mix the moved droplet for 3 rotations. Then move the mixed droplet downward by 5 grid cells."
qwen3.8-max/depth4/qwen3.8-max-depth4-case2-run5.txt,"At (50, 53), perform an upward squeeze operation with squeeze count 1, using a 3×3 source droplet. Move the squeezed droplet to the right by 10 grid cells. Rotationally mix the moved droplet for 3 rotations. Then move the mixed droplet downward by 5 grid cells."
qwen3.8-max/depth4/qwen3.8-max-depth4-case3-run1.json,"Initially, there is one 2×2 droplet at (44, 40). At (40, 40), perform a rightward squeeze operation with squeeze count 1, using a 2×2 source droplet. Merge the squeezed droplet with the pre-existing 2×2 droplet at (44, 40). Rotationally mix the merged droplet for 2 rotations. Then move the mixed droplet to the left by 12 grid cells."
qwen3.8-max/depth4/qwen3.8-max-depth4-case3-run2.json,"Initially, there is one 2×2 droplet at (44, 40). At (40, 40), perform a rightward squeeze operation with squeeze count 1, using a 2×2 source droplet. Merge the squeezed droplet with the pre-existing 2×2 droplet at (44, 40). Rotationally mix the merged droplet for 2 rotations. Then move the mixed droplet to the left by 12 grid cells."
qwen3.8-max/depth4/qwen3.8-max-depth4-case3-run3.json,"Initially, there is one 2×2 droplet at (44, 40). At (40, 40), perform a rightward squeeze operation with squeeze count 1, using a 2×2 source droplet. Merge the squeezed droplet with the pre-existing 2×2 droplet at (44, 40). Rotationally mix the merged droplet for 2 rotations. Then move the mixed droplet to the left by 12 grid cells."
qwen3.8-max/depth4/qwen3.8-max-depth4-case3-run4.json,"Initially, there is one 2×2 droplet at (44, 40). At (40, 40), perform a rightward squeeze operation with squeeze count 1, using a 2×2 source droplet. Merge the squeezed droplet with the pre-existing 2×2 droplet at (44, 40). Rotationally mix the merged droplet for 2 rotations. Then move the mixed droplet to the left by 12 grid cells."
qwen3.8-max/depth4/qwen3.8-max-depth4-case3-run5.json,"Initially, there is one 2×2 droplet at (44, 40). At (40, 40), perform a rightward squeeze operation with squeeze count 1, using a 2×2 source droplet. Merge the squeezed droplet with the pre-existing 2×2 droplet at (44, 40). Rotationally mix the merged droplet for 2 rotations. Then move the mixed droplet to the left by 12 grid cells."
qwen3.8-max/depth4/qwen3.8-max-depth4-case4-run1.json,"Initially, there is one 1×2 droplet at (60, 66). At (70, 70), perform a leftward squeeze operation with squeeze count 1, using a 2×2 source droplet. Merge the squeezed droplet with the pre-existing 1×2 droplet at (60, 66). Rotationally mix the merged droplet for 2 rotations. Then move the mixed droplet downward by 5 grid cells."
qwen3.8-max/depth4/qwen3.8-max-depth4-case4-run2.json,"Initially, there is one 1×2 droplet at (60, 66). At (70, 70), perform a leftward squeeze operation with squeeze count 1, using a 2×2 source droplet. Merge the squeezed droplet with the pre-existing 1×2 droplet at (60, 66). Rotationally mix the merged droplet for 2 rotations. Then move the mixed droplet downward by 5 grid cells."
qwen3.8-max/depth4/qwen3.8-max-depth4-case4-run3.json,"Initially, there is one 1×2 droplet at (60, 66). At (70, 70), perform a leftward squeeze operation with squeeze count 1, using a 2×2 source droplet. Merge the squeezed droplet with the pre-existing 1×2 droplet at (60, 66). Rotationally mix the merged droplet for 2 rotations. Then move the mixed droplet downward by 5 grid cells."
qwen3.8-max/depth4/qwen3.8-max-depth4-case4-run4.json,"Initially, there is one 1×2 droplet at (60, 66). At (70, 70), perform a leftward squeeze operation with squeeze count 1, using a 2×2 source droplet. Merge the squeezed droplet with the pre-existing 1×2 droplet at (60, 66). Rotationally mix the merged droplet for 2 rotations. Then move the mixed droplet downward by 5 grid cells."
qwen3.8-max/depth4/qwen3.8-max-depth4-case4-run5.json,"Initially, there is one 1×2 droplet at (60, 66). At (70, 70), perform a leftward squeeze operation with squeeze count 1, using a 2×2 source droplet. Merge the squeezed droplet with the pre-existing 1×2 droplet at (60, 66). Rotationally mix the merged droplet for 2 rotations. Then move the mixed droplet downward by 5 grid cells."
qwen3.8-max/depth4/qwen3.8-max-depth4-case5-run1.gif,"At (20, 20), perform a rightward squeeze operation with squeeze count 4, using a 2×2 source droplet. At (20, 40), perform another rightward squeeze operation with squeeze count 4, using a 2×2 source droplet. Move all four droplets squeezed from (20, 20) downward by 10 grid cells. Pairwise merge each of these four moved droplets with the corresponding droplet squeezed from (20, 40), producing four merged droplets. Then rotationally mix each of the four merged droplets for 3 rotations."
qwen3.8-max/depth4/qwen3.8-max-depth4-case5-run1.json,"At (20, 20), perform a rightward squeeze operation with squeeze count 4, using a 2×2 source droplet. At (20, 40), perform another rightward squeeze operation with squeeze count 4, using a 2×2 source droplet. Move all four droplets squeezed from (20, 20) downward by 10 grid cells. Pairwise merge each of these four moved droplets with the corresponding droplet squeezed from (20, 40), producing four merged droplets. Then rotationally mix each of the four merged droplets for 3 rotations."
qwen3.8-max/depth4/qwen3.8-max-depth4-case5-run1.txt,"At (20, 20), perform a rightward squeeze operation with squeeze count 4, using a 2×2 source droplet. At (20, 40), perform another rightward squeeze operation with squeeze count 4, using a 2×2 source droplet. Move all four droplets squeezed from (20, 20) downward by 10 grid cells. Pairwise merge each of these four moved droplets with the corresponding droplet squeezed from (20, 40), producing four merged droplets. Then rotationally mix each of the four merged droplets for 3 rotations."
qwen3.8-max/depth4/qwen3.8-max-depth4-case5-run2.gif,"At (20, 20), perform a rightward squeeze operation with squeeze count 4, using a 2×2 source droplet. At (20, 40), perform another rightward squeeze operation with squeeze count 4, using a 2×2 source droplet. Move all four droplets squeezed from (20, 20) downward by 10 grid cells. Pairwise merge each of these four moved droplets with the corresponding droplet squeezed from (20, 40), producing four merged droplets. Then rotationally mix each of the four merged droplets for 3 rotations."
qwen3.8-max/depth4/qwen3.8-max-depth4-case5-run2.json,"At (20, 20), perform a rightward squeeze operation with squeeze count 4, using a 2×2 source droplet. At (20, 40), perform another rightward squeeze operation with squeeze count 4, using a 2×2 source droplet. Move all four droplets squeezed from (20, 20) downward by 10 grid cells. Pairwise merge each of these four moved droplets with the corresponding droplet squeezed from (20, 40), producing four merged droplets. Then rotationally mix each of the four merged droplets for 3 rotations."
qwen3.8-max/depth4/qwen3.8-max-depth4-case5-run2.txt,"At (20, 20), perform a rightward squeeze operation with squeeze count 4, using a 2×2 source droplet. At (20, 40), perform another rightward squeeze operation with squeeze count 4, using a 2×2 source droplet. Move all four droplets squeezed from (20, 20) downward by 10 grid cells. Pairwise merge each of these four moved droplets with the corresponding droplet squeezed from (20, 40), producing four merged droplets. Then rotationally mix each of the four merged droplets for 3 rotations."
qwen3.8-max/depth4/qwen3.8-max-depth4-case5-run3.gif,"At (20, 20), perform a rightward squeeze operation with squeeze count 4, using a 2×2 source droplet. At (20, 40), perform another rightward squeeze operation with squeeze count 4, using a 2×2 source droplet. Move all four droplets squeezed from (20, 20) downward by 10 grid cells. Pairwise merge each of these four moved droplets with the corresponding droplet squeezed from (20, 40), producing four merged droplets. Then rotationally mix each of the four merged droplets for 3 rotations."
qwen3.8-max/depth4/qwen3.8-max-depth4-case5-run3.json,"At (20, 20), perform a rightward squeeze operation with squeeze count 4, using a 2×2 source droplet. At (20, 40), perform another rightward squeeze operation with squeeze count 4, using a 2×2 source droplet. Move all four droplets squeezed from (20, 20) downward by 10 grid cells. Pairwise merge each of these four moved droplets with the corresponding droplet squeezed from (20, 40), producing four merged droplets. Then rotationally mix each of the four merged droplets for 3 rotations."
qwen3.8-max/depth4/qwen3.8-max-depth4-case5-run3.txt,"At (20, 20), perform a rightward squeeze operation with squeeze count 4, using a 2×2 source droplet. At (20, 40), perform another rightward squeeze operation with squeeze count 4, using a 2×2 source droplet. Move all four droplets squeezed from (20, 20) downward by 10 grid cells. Pairwise merge each of these four moved droplets with the corresponding droplet squeezed from (20, 40), producing four merged droplets. Then rotationally mix each of the four merged droplets for 3 rotations."
qwen3.8-max/depth4/qwen3.8-max-depth4-case5-run4.gif,"At (20, 20), perform a rightward squeeze operation with squeeze count 4, using a 2×2 source droplet. At (20, 40), perform another rightward squeeze operation with squeeze count 4, using a 2×2 source droplet. Move all four droplets squeezed from (20, 20) downward by 10 grid cells. Pairwise merge each of these four moved droplets with the corresponding droplet squeezed from (20, 40), producing four merged droplets. Then rotationally mix each of the four merged droplets for 3 rotations."
qwen3.8-max/depth4/qwen3.8-max-depth4-case5-run4.json,"At (20, 20), perform a rightward squeeze operation with squeeze count 4, using a 2×2 source droplet. At (20, 40), perform another rightward squeeze operation with squeeze count 4, using a 2×2 source droplet. Move all four droplets squeezed from (20, 20) downward by 10 grid cells. Pairwise merge each of these four moved droplets with the corresponding droplet squeezed from (20, 40), producing four merged droplets. Then rotationally mix each of the four merged droplets for 3 rotations."
qwen3.8-max/depth4/qwen3.8-max-depth4-case5-run4.txt,"At (20, 20), perform a rightward squeeze operation with squeeze count 4, using a 2×2 source droplet. At (20, 40), perform another rightward squeeze operation with squeeze count 4, using a 2×2 source droplet. Move all four droplets squeezed from (20, 20) downward by 10 grid cells. Pairwise merge each of these four moved droplets with the corresponding droplet squeezed from (20, 40), producing four merged droplets. Then rotationally mix each of the four merged droplets for 3 rotations."
qwen3.8-max/depth4/qwen3.8-max-depth4-case5-run5.gif,"At (20, 20), perform a rightward squeeze operation with squeeze count 4, using a 2×2 source droplet. At (20, 40), perform another rightward squeeze operation with squeeze count 4, using a 2×2 source droplet. Move all four droplets squeezed from (20, 20) downward by 10 grid cells. Pairwise merge each of these four moved droplets with the corresponding droplet squeezed from (20, 40), producing four merged droplets. Then rotationally mix each of the four merged droplets for 3 rotations."
qwen3.8-max/depth4/qwen3.8-max-depth4-case5-run5.json,"At (20, 20), perform a rightward squeeze operation with squeeze count 4, using a 2×2 source droplet. At (20, 40), perform another rightward squeeze operation with squeeze count 4, using a 2×2 source droplet. Move all four droplets squeezed from (20, 20) downward by 10 grid cells. Pairwise merge each of these four moved droplets with the corresponding droplet squeezed from (20, 40), producing four merged droplets. Then rotationally mix each of the four merged droplets for 3 rotations."
qwen3.8-max/depth4/qwen3.8-max-depth4-case5-run5.txt,"At (20, 20), perform a rightward squeeze operation with squeeze count 4, using a 2×2 source droplet. At (20, 40), perform another rightward squeeze operation with squeeze count 4, using a 2×2 source droplet. Move all four droplets squeezed from (20, 20) downward by 10 grid cells. Pairwise merge each of these four moved droplets with the corresponding droplet squeezed from (20, 40), producing four merged droplets. Then rotationally mix each of the four merged droplets for 3 rotations."
