file,prompt
baseline/batch-merge-case16-run1.json,"Arrange 16 2×2 droplets in an array starting at (30, 30), with a gap of 8. Then generate another 16 1×2 droplets, each with an edge-to-edge gap of 4 on the right side of its corresponding droplet, and merge each pair."
baseline/batch-merge-case16-run1.txt,"Arrange 16 2×2 droplets in an array starting at (30, 30), with a gap of 8. Then generate another 16 1×2 droplets, each with an edge-to-edge gap of 4 on the right side of its corresponding droplet, and merge each pair."
baseline/batch-merge-case16-run2.json,"Arrange 16 2×2 droplets in an array starting at (30, 30), with a gap of 8. Then generate another 16 1×2 droplets, each with an edge-to-edge gap of 4 on the right side of its corresponding droplet, and merge each pair."
baseline/batch-merge-case16-run2.txt,"Arrange 16 2×2 droplets in an array starting at (30, 30), with a gap of 8. Then generate another 16 1×2 droplets, each with an edge-to-edge gap of 4 on the right side of its corresponding droplet, and merge each pair."
baseline/batch-merge-case16-run3.json,"Arrange 16 2×2 droplets in an array starting at (30, 30), with a gap of 8. Then generate another 16 1×2 droplets, each with an edge-to-edge gap of 4 on the right side of its corresponding droplet, and merge each pair."
baseline/batch-merge-case16-run3.txt,"Arrange 16 2×2 droplets in an array starting at (30, 30), with a gap of 8. Then generate another 16 1×2 droplets, each with an edge-to-edge gap of 4 on the right side of its corresponding droplet, and merge each pair."
baseline/batch-merge-case16-run4.json,"Arrange 16 2×2 droplets in an array starting at (30, 30), with a gap of 8. Then generate another 16 1×2 droplets, each with an edge-to-edge gap of 4 on the right side of its corresponding droplet, and merge each pair."
baseline/batch-merge-case16-run4.txt,"Arrange 16 2×2 droplets in an array starting at (30, 30), with a gap of 8. Then generate another 16 1×2 droplets, each with an edge-to-edge gap of 4 on the right side of its corresponding droplet, and merge each pair."
baseline/batch-merge-case16-run5.json,"Arrange 16 2×2 droplets in an array starting at (30, 30), with a gap of 8. Then generate another 16 1×2 droplets, each with an edge-to-edge gap of 4 on the right side of its corresponding droplet, and merge each pair."
baseline/batch-merge-case16-run5.txt,"Arrange 16 2×2 droplets in an array starting at (30, 30), with a gap of 8. Then generate another 16 1×2 droplets, each with an edge-to-edge gap of 4 on the right side of its corresponding droplet, and merge each pair."
baseline/batch-merge-case17-run1.json,"Arrange 12 3×3 droplets in an array starting at (20, 20), with a gap of 12. Then generate another 12 3×2 droplets, each with an edge-to-edge gap of 6 below its corresponding droplet, and merge each pair."
baseline/batch-merge-case17-run1.txt,"Arrange 12 3×3 droplets in an array starting at (20, 20), with a gap of 12. Then generate another 12 3×2 droplets, each with an edge-to-edge gap of 6 below its corresponding droplet, and merge each pair."
baseline/batch-merge-case17-run2.json,"Arrange 12 3×3 droplets in an array starting at (20, 20), with a gap of 12. Then generate another 12 3×2 droplets, each with an edge-to-edge gap of 6 below its corresponding droplet, and merge each pair."
baseline/batch-merge-case17-run2.txt,"Arrange 12 3×3 droplets in an array starting at (20, 20), with a gap of 12. Then generate another 12 3×2 droplets, each with an edge-to-edge gap of 6 below its corresponding droplet, and merge each pair."
baseline/batch-merge-case17-run3.json,"Arrange 12 3×3 droplets in an array starting at (20, 20), with a gap of 12. Then generate another 12 3×2 droplets, each with an edge-to-edge gap of 6 below its corresponding droplet, and merge each pair."
baseline/batch-merge-case17-run3.txt,"Arrange 12 3×3 droplets in an array starting at (20, 20), with a gap of 12. Then generate another 12 3×2 droplets, each with an edge-to-edge gap of 6 below its corresponding droplet, and merge each pair."
baseline/batch-merge-case17-run4.json,"Arrange 12 3×3 droplets in an array starting at (20, 20), with a gap of 12. Then generate another 12 3×2 droplets, each with an edge-to-edge gap of 6 below its corresponding droplet, and merge each pair."
baseline/batch-merge-case17-run4.txt,"Arrange 12 3×3 droplets in an array starting at (20, 20), with a gap of 12. Then generate another 12 3×2 droplets, each with an edge-to-edge gap of 6 below its corresponding droplet, and merge each pair."
baseline/batch-merge-case17-run5.json,"Arrange 12 3×3 droplets in an array starting at (20, 20), with a gap of 12. Then generate another 12 3×2 droplets, each with an edge-to-edge gap of 6 below its corresponding droplet, and merge each pair."
baseline/batch-merge-case17-run5.txt,"Arrange 12 3×3 droplets in an array starting at (20, 20), with a gap of 12. Then generate another 12 3×2 droplets, each with an edge-to-edge gap of 6 below its corresponding droplet, and merge each pair."
baseline/batch-merge-case18-run1.json,"Arrange 8 2×4 droplets in an array starting at (30, 30), with a gap of 16. Then generate another 8 3×4 droplets, each with an edge-to-edge gap of 8 on the right side of its corresponding droplet, and merge each pair."
baseline/batch-merge-case18-run1.txt,"Arrange 8 2×4 droplets in an array starting at (30, 30), with a gap of 16. Then generate another 8 3×4 droplets, each with an edge-to-edge gap of 8 on the right side of its corresponding droplet, and merge each pair."
baseline/batch-merge-case18-run2.json,"Arrange 8 2×4 droplets in an array starting at (30, 30), with a gap of 16. Then generate another 8 3×4 droplets, each with an edge-to-edge gap of 8 on the right side of its corresponding droplet, and merge each pair."
baseline/batch-merge-case18-run2.txt,"Arrange 8 2×4 droplets in an array starting at (30, 30), with a gap of 16. Then generate another 8 3×4 droplets, each with an edge-to-edge gap of 8 on the right side of its corresponding droplet, and merge each pair."
baseline/batch-merge-case18-run3.json,"Arrange 8 2×4 droplets in an array starting at (30, 30), with a gap of 16. Then generate another 8 3×4 droplets, each with an edge-to-edge gap of 8 on the right side of its corresponding droplet, and merge each pair."
baseline/batch-merge-case18-run3.txt,"Arrange 8 2×4 droplets in an array starting at (30, 30), with a gap of 16. Then generate another 8 3×4 droplets, each with an edge-to-edge gap of 8 on the right side of its corresponding droplet, and merge each pair."
baseline/batch-merge-case18-run4.json,"Arrange 8 2×4 droplets in an array starting at (30, 30), with a gap of 16. Then generate another 8 3×4 droplets, each with an edge-to-edge gap of 8 on the right side of its corresponding droplet, and merge each pair."
baseline/batch-merge-case18-run4.txt,"Arrange 8 2×4 droplets in an array starting at (30, 30), with a gap of 16. Then generate another 8 3×4 droplets, each with an edge-to-edge gap of 8 on the right side of its corresponding droplet, and merge each pair."
baseline/batch-merge-case18-run5.json,"Arrange 8 2×4 droplets in an array starting at (30, 30), with a gap of 16. Then generate another 8 3×4 droplets, each with an edge-to-edge gap of 8 on the right side of its corresponding droplet, and merge each pair."
baseline/batch-merge-case18-run5.txt,"Arrange 8 2×4 droplets in an array starting at (30, 30), with a gap of 16. Then generate another 8 3×4 droplets, each with an edge-to-edge gap of 8 on the right side of its corresponding droplet, and merge each pair."
baseline/batch-merge-case19-run1.json,"Arrange 20 4×3 droplets in an array starting at (15, 60), with a gap of 14. Then generate another 20 4×2 droplets, each with an edge-to-edge gap of 7 below its corresponding droplet, and merge each pair."
baseline/batch-merge-case19-run1.txt,"Arrange 20 4×3 droplets in an array starting at (15, 60), with a gap of 14. Then generate another 20 4×2 droplets, each with an edge-to-edge gap of 7 below its corresponding droplet, and merge each pair."
baseline/batch-merge-case19-run2.json,"Arrange 20 4×3 droplets in an array starting at (15, 60), with a gap of 14. Then generate another 20 4×2 droplets, each with an edge-to-edge gap of 7 below its corresponding droplet, and merge each pair."
baseline/batch-merge-case19-run2.txt,"Arrange 20 4×3 droplets in an array starting at (15, 60), with a gap of 14. Then generate another 20 4×2 droplets, each with an edge-to-edge gap of 7 below its corresponding droplet, and merge each pair."
baseline/batch-merge-case19-run3.json,"Arrange 20 4×3 droplets in an array starting at (15, 60), with a gap of 14. Then generate another 20 4×2 droplets, each with an edge-to-edge gap of 7 below its corresponding droplet, and merge each pair."
baseline/batch-merge-case19-run3.txt,"Arrange 20 4×3 droplets in an array starting at (15, 60), with a gap of 14. Then generate another 20 4×2 droplets, each with an edge-to-edge gap of 7 below its corresponding droplet, and merge each pair."
baseline/batch-merge-case19-run4.json,"Arrange 20 4×3 droplets in an array starting at (15, 60), with a gap of 14. Then generate another 20 4×2 droplets, each with an edge-to-edge gap of 7 below its corresponding droplet, and merge each pair."
baseline/batch-merge-case19-run4.txt,"Arrange 20 4×3 droplets in an array starting at (15, 60), with a gap of 14. Then generate another 20 4×2 droplets, each with an edge-to-edge gap of 7 below its corresponding droplet, and merge each pair."
baseline/batch-merge-case19-run5.json,"Arrange 20 4×3 droplets in an array starting at (15, 60), with a gap of 14. Then generate another 20 4×2 droplets, each with an edge-to-edge gap of 7 below its corresponding droplet, and merge each pair."
baseline/batch-merge-case19-run5.txt,"Arrange 20 4×3 droplets in an array starting at (15, 60), with a gap of 14. Then generate another 20 4×2 droplets, each with an edge-to-edge gap of 7 below its corresponding droplet, and merge each pair."
baseline/batch-merge-case20-run1.json,"Arrange 10 3×3 droplets in an array starting at (60, 15), with a gap of 13. Then generate another 10 2×3 droplets, each with an edge-to-edge gap of 8 on the right side of its corresponding droplet, and merge each pair."
baseline/batch-merge-case20-run1.txt,"Arrange 10 3×3 droplets in an array starting at (60, 15), with a gap of 13. Then generate another 10 2×3 droplets, each with an edge-to-edge gap of 8 on the right side of its corresponding droplet, and merge each pair."
baseline/batch-merge-case20-run2.json,"Arrange 10 3×3 droplets in an array starting at (60, 15), with a gap of 13. Then generate another 10 2×3 droplets, each with an edge-to-edge gap of 8 on the right side of its corresponding droplet, and merge each pair."
baseline/batch-merge-case20-run2.txt,"Arrange 10 3×3 droplets in an array starting at (60, 15), with a gap of 13. Then generate another 10 2×3 droplets, each with an edge-to-edge gap of 8 on the right side of its corresponding droplet, and merge each pair."
baseline/batch-merge-case20-run3.json,"Arrange 10 3×3 droplets in an array starting at (60, 15), with a gap of 13. Then generate another 10 2×3 droplets, each with an edge-to-edge gap of 8 on the right side of its corresponding droplet, and merge each pair."
baseline/batch-merge-case20-run3.txt,"Arrange 10 3×3 droplets in an array starting at (60, 15), with a gap of 13. Then generate another 10 2×3 droplets, each with an edge-to-edge gap of 8 on the right side of its corresponding droplet, and merge each pair."
baseline/batch-merge-case20-run4.json,"Arrange 10 3×3 droplets in an array starting at (60, 15), with a gap of 13. Then generate another 10 2×3 droplets, each with an edge-to-edge gap of 8 on the right side of its corresponding droplet, and merge each pair."
baseline/batch-merge-case20-run4.txt,"Arrange 10 3×3 droplets in an array starting at (60, 15), with a gap of 13. Then generate another 10 2×3 droplets, each with an edge-to-edge gap of 8 on the right side of its corresponding droplet, and merge each pair."
baseline/batch-merge-case20-run5.json,"Arrange 10 3×3 droplets in an array starting at (60, 15), with a gap of 13. Then generate another 10 2×3 droplets, each with an edge-to-edge gap of 8 on the right side of its corresponding droplet, and merge each pair."
baseline/batch-merge-case20-run5.txt,"Arrange 10 3×3 droplets in an array starting at (60, 15), with a gap of 13. Then generate another 10 2×3 droplets, each with an edge-to-edge gap of 8 on the right side of its corresponding droplet, and merge each pair."
baseline/batch-mix-case26-run1.json,"Arrange 16 3×3 droplets in an array starting at (30, 30), with a gap of 5, and add a mixing step with a duration of 2 to each droplet."
baseline/batch-mix-case26-run1.txt,"Arrange 16 3×3 droplets in an array starting at (30, 30), with a gap of 5, and add a mixing step with a duration of 2 to each droplet."
baseline/batch-mix-case26-run2.json,"Arrange 16 3×3 droplets in an array starting at (30, 30), with a gap of 5, and add a mixing step with a duration of 2 to each droplet."
baseline/batch-mix-case26-run2.txt,"Arrange 16 3×3 droplets in an array starting at (30, 30), with a gap of 5, and add a mixing step with a duration of 2 to each droplet."
baseline/batch-mix-case26-run3.json,"Arrange 16 3×3 droplets in an array starting at (30, 30), with a gap of 5, and add a mixing step with a duration of 2 to each droplet."
baseline/batch-mix-case26-run3.txt,"Arrange 16 3×3 droplets in an array starting at (30, 30), with a gap of 5, and add a mixing step with a duration of 2 to each droplet."
baseline/batch-mix-case26-run4.json,"Arrange 16 3×3 droplets in an array starting at (30, 30), with a gap of 5, and add a mixing step with a duration of 2 to each droplet."
baseline/batch-mix-case26-run4.txt,"Arrange 16 3×3 droplets in an array starting at (30, 30), with a gap of 5, and add a mixing step with a duration of 2 to each droplet."
baseline/batch-mix-case26-run5.json,"Arrange 16 3×3 droplets in an array starting at (30, 30), with a gap of 5, and add a mixing step with a duration of 2 to each droplet."
baseline/batch-mix-case26-run5.txt,"Arrange 16 3×3 droplets in an array starting at (30, 30), with a gap of 5, and add a mixing step with a duration of 2 to each droplet."
baseline/batch-mix-case27-run1.json,"Arrange 32 2×2 droplets in an array starting at (44, 44), with a gap of 4, and add a mixing step with a duration of 3 to each droplet."
baseline/batch-mix-case27-run1.txt,"Arrange 32 2×2 droplets in an array starting at (44, 44), with a gap of 4, and add a mixing step with a duration of 3 to each droplet."
baseline/batch-mix-case27-run2.json,"Arrange 32 2×2 droplets in an array starting at (44, 44), with a gap of 4, and add a mixing step with a duration of 3 to each droplet."
baseline/batch-mix-case27-run2.txt,"Arrange 32 2×2 droplets in an array starting at (44, 44), with a gap of 4, and add a mixing step with a duration of 3 to each droplet."
baseline/batch-mix-case27-run3.json,"Arrange 32 2×2 droplets in an array starting at (44, 44), with a gap of 4, and add a mixing step with a duration of 3 to each droplet."
baseline/batch-mix-case27-run3.txt,"Arrange 32 2×2 droplets in an array starting at (44, 44), with a gap of 4, and add a mixing step with a duration of 3 to each droplet."
baseline/batch-mix-case27-run4.json,"Arrange 32 2×2 droplets in an array starting at (44, 44), with a gap of 4, and add a mixing step with a duration of 3 to each droplet."
baseline/batch-mix-case27-run4.txt,"Arrange 32 2×2 droplets in an array starting at (44, 44), with a gap of 4, and add a mixing step with a duration of 3 to each droplet."
baseline/batch-mix-case27-run5.json,"Arrange 32 2×2 droplets in an array starting at (44, 44), with a gap of 4, and add a mixing step with a duration of 3 to each droplet."
baseline/batch-mix-case27-run5.txt,"Arrange 32 2×2 droplets in an array starting at (44, 44), with a gap of 4, and add a mixing step with a duration of 3 to each droplet."
baseline/batch-mix-case28-run1.json,"Arrange 8 5×5 droplets in an array starting at (40, 30), with a gap of 8, and add a mixing step with a duration of 4 to each droplet."
baseline/batch-mix-case28-run1.txt,"Arrange 8 5×5 droplets in an array starting at (40, 30), with a gap of 8, and add a mixing step with a duration of 4 to each droplet."
baseline/batch-mix-case28-run2.json,"Arrange 8 5×5 droplets in an array starting at (40, 30), with a gap of 8, and add a mixing step with a duration of 4 to each droplet."
baseline/batch-mix-case28-run2.txt,"Arrange 8 5×5 droplets in an array starting at (40, 30), with a gap of 8, and add a mixing step with a duration of 4 to each droplet."
baseline/batch-mix-case28-run3.json,"Arrange 8 5×5 droplets in an array starting at (40, 30), with a gap of 8, and add a mixing step with a duration of 4 to each droplet."
baseline/batch-mix-case28-run3.txt,"Arrange 8 5×5 droplets in an array starting at (40, 30), with a gap of 8, and add a mixing step with a duration of 4 to each droplet."
baseline/batch-mix-case28-run4.json,"Arrange 8 5×5 droplets in an array starting at (40, 30), with a gap of 8, and add a mixing step with a duration of 4 to each droplet."
baseline/batch-mix-case28-run4.txt,"Arrange 8 5×5 droplets in an array starting at (40, 30), with a gap of 8, and add a mixing step with a duration of 4 to each droplet."
baseline/batch-mix-case28-run5.json,"Arrange 8 5×5 droplets in an array starting at (40, 30), with a gap of 8, and add a mixing step with a duration of 4 to each droplet."
baseline/batch-mix-case28-run5.txt,"Arrange 8 5×5 droplets in an array starting at (40, 30), with a gap of 8, and add a mixing step with a duration of 4 to each droplet."
baseline/batch-mix-case29-run1.json,"Arrange 16 2×3 droplets in an array starting at (20, 20), with a gap of 5, and add a mixing step with a duration of 5 to each droplet."
baseline/batch-mix-case29-run1.txt,"Arrange 16 2×3 droplets in an array starting at (20, 20), with a gap of 5, and add a mixing step with a duration of 5 to each droplet."
baseline/batch-mix-case29-run2.json,"Arrange 16 2×3 droplets in an array starting at (20, 20), with a gap of 5, and add a mixing step with a duration of 5 to each droplet."
baseline/batch-mix-case29-run2.txt,"Arrange 16 2×3 droplets in an array starting at (20, 20), with a gap of 5, and add a mixing step with a duration of 5 to each droplet."
baseline/batch-mix-case29-run3.json,"Arrange 16 2×3 droplets in an array starting at (20, 20), with a gap of 5, and add a mixing step with a duration of 5 to each droplet."
baseline/batch-mix-case29-run3.txt,"Arrange 16 2×3 droplets in an array starting at (20, 20), with a gap of 5, and add a mixing step with a duration of 5 to each droplet."
baseline/batch-mix-case29-run4.json,"Arrange 16 2×3 droplets in an array starting at (20, 20), with a gap of 5, and add a mixing step with a duration of 5 to each droplet."
baseline/batch-mix-case29-run4.txt,"Arrange 16 2×3 droplets in an array starting at (20, 20), with a gap of 5, and add a mixing step with a duration of 5 to each droplet."
baseline/batch-mix-case29-run5.json,"Arrange 16 2×3 droplets in an array starting at (20, 20), with a gap of 5, and add a mixing step with a duration of 5 to each droplet."
baseline/batch-mix-case29-run5.txt,"Arrange 16 2×3 droplets in an array starting at (20, 20), with a gap of 5, and add a mixing step with a duration of 5 to each droplet."
baseline/batch-mix-case30-run1.json,"Arrange 8 4×4 droplets in an array starting at (30, 30), with a gap of 8, and add a mixing step with a duration of 3 to each droplet."
baseline/batch-mix-case30-run1.txt,"Arrange 8 4×4 droplets in an array starting at (30, 30), with a gap of 8, and add a mixing step with a duration of 3 to each droplet."
baseline/batch-mix-case30-run2.json,"Arrange 8 4×4 droplets in an array starting at (30, 30), with a gap of 8, and add a mixing step with a duration of 3 to each droplet."
baseline/batch-mix-case30-run2.txt,"Arrange 8 4×4 droplets in an array starting at (30, 30), with a gap of 8, and add a mixing step with a duration of 3 to each droplet."
baseline/batch-mix-case30-run3.json,"Arrange 8 4×4 droplets in an array starting at (30, 30), with a gap of 8, and add a mixing step with a duration of 3 to each droplet."
baseline/batch-mix-case30-run3.txt,"Arrange 8 4×4 droplets in an array starting at (30, 30), with a gap of 8, and add a mixing step with a duration of 3 to each droplet."
baseline/batch-mix-case30-run4.json,"Arrange 8 4×4 droplets in an array starting at (30, 30), with a gap of 8, and add a mixing step with a duration of 3 to each droplet."
baseline/batch-mix-case30-run4.txt,"Arrange 8 4×4 droplets in an array starting at (30, 30), with a gap of 8, and add a mixing step with a duration of 3 to each droplet."
baseline/batch-mix-case30-run5.json,"Arrange 8 4×4 droplets in an array starting at (30, 30), with a gap of 8, and add a mixing step with a duration of 3 to each droplet."
baseline/batch-mix-case30-run5.txt,"Arrange 8 4×4 droplets in an array starting at (30, 30), with a gap of 8, and add a mixing step with a duration of 3 to each droplet."
baseline/batch-move-case36-run1.json,"Arrange 16 3×3 droplets in an array starting at (40, 40), with a gap of 5, and move all 16 droplets downward by 10 grid cells."
baseline/batch-move-case36-run1.txt,"Arrange 16 3×3 droplets in an array starting at (40, 40), with a gap of 5, and move all 16 droplets downward by 10 grid cells."
baseline/batch-move-case36-run2.json,"Arrange 16 3×3 droplets in an array starting at (40, 40), with a gap of 5, and move all 16 droplets downward by 10 grid cells."
baseline/batch-move-case36-run2.txt,"Arrange 16 3×3 droplets in an array starting at (40, 40), with a gap of 5, and move all 16 droplets downward by 10 grid cells."
baseline/batch-move-case36-run3.json,"Arrange 16 3×3 droplets in an array starting at (40, 40), with a gap of 5, and move all 16 droplets downward by 10 grid cells."
baseline/batch-move-case36-run3.txt,"Arrange 16 3×3 droplets in an array starting at (40, 40), with a gap of 5, and move all 16 droplets downward by 10 grid cells."
baseline/batch-move-case36-run4.json,"Arrange 16 3×3 droplets in an array starting at (40, 40), with a gap of 5, and move all 16 droplets downward by 10 grid cells."
baseline/batch-move-case36-run4.txt,"Arrange 16 3×3 droplets in an array starting at (40, 40), with a gap of 5, and move all 16 droplets downward by 10 grid cells."
baseline/batch-move-case36-run5.json,"Arrange 16 3×3 droplets in an array starting at (40, 40), with a gap of 5, and move all 16 droplets downward by 10 grid cells."
baseline/batch-move-case36-run5.txt,"Arrange 16 3×3 droplets in an array starting at (40, 40), with a gap of 5, and move all 16 droplets downward by 10 grid cells."
baseline/batch-move-case37-run1.json,"Arrange 12 2×2 droplets in an array starting at (50, 50), with a gap of 4, and move all 12 droplets to the right by 15 grid cells."
baseline/batch-move-case37-run1.txt,"Arrange 12 2×2 droplets in an array starting at (50, 50), with a gap of 4, and move all 12 droplets to the right by 15 grid cells."
baseline/batch-move-case37-run2.json,"Arrange 12 2×2 droplets in an array starting at (50, 50), with a gap of 4, and move all 12 droplets to the right by 15 grid cells."
baseline/batch-move-case37-run2.txt,"Arrange 12 2×2 droplets in an array starting at (50, 50), with a gap of 4, and move all 12 droplets to the right by 15 grid cells."
baseline/batch-move-case37-run3.json,"Arrange 12 2×2 droplets in an array starting at (50, 50), with a gap of 4, and move all 12 droplets to the right by 15 grid cells."
baseline/batch-move-case37-run3.txt,"Arrange 12 2×2 droplets in an array starting at (50, 50), with a gap of 4, and move all 12 droplets to the right by 15 grid cells."
baseline/batch-move-case37-run4.json,"Arrange 12 2×2 droplets in an array starting at (50, 50), with a gap of 4, and move all 12 droplets to the right by 15 grid cells."
baseline/batch-move-case37-run4.txt,"Arrange 12 2×2 droplets in an array starting at (50, 50), with a gap of 4, and move all 12 droplets to the right by 15 grid cells."
baseline/batch-move-case37-run5.json,"Arrange 12 2×2 droplets in an array starting at (50, 50), with a gap of 4, and move all 12 droplets to the right by 15 grid cells."
baseline/batch-move-case37-run5.txt,"Arrange 12 2×2 droplets in an array starting at (50, 50), with a gap of 4, and move all 12 droplets to the right by 15 grid cells."
baseline/batch-move-case38-run1.json,"Arrange 8 5×5 droplets in an array starting at (40, 30), with a gap of 8, and move all 8 droplets upward by 20 grid cells."
baseline/batch-move-case38-run1.txt,"Arrange 8 5×5 droplets in an array starting at (40, 30), with a gap of 8, and move all 8 droplets upward by 20 grid cells."
baseline/batch-move-case38-run2.json,"Arrange 8 5×5 droplets in an array starting at (40, 30), with a gap of 8, and move all 8 droplets upward by 20 grid cells."
baseline/batch-move-case38-run2.txt,"Arrange 8 5×5 droplets in an array starting at (40, 30), with a gap of 8, and move all 8 droplets upward by 20 grid cells."
baseline/batch-move-case38-run3.json,"Arrange 8 5×5 droplets in an array starting at (40, 30), with a gap of 8, and move all 8 droplets upward by 20 grid cells."
baseline/batch-move-case38-run3.txt,"Arrange 8 5×5 droplets in an array starting at (40, 30), with a gap of 8, and move all 8 droplets upward by 20 grid cells."
baseline/batch-move-case38-run4.json,"Arrange 8 5×5 droplets in an array starting at (40, 30), with a gap of 8, and move all 8 droplets upward by 20 grid cells."
baseline/batch-move-case38-run4.txt,"Arrange 8 5×5 droplets in an array starting at (40, 30), with a gap of 8, and move all 8 droplets upward by 20 grid cells."
baseline/batch-move-case38-run5.json,"Arrange 8 5×5 droplets in an array starting at (40, 30), with a gap of 8, and move all 8 droplets upward by 20 grid cells."
baseline/batch-move-case38-run5.txt,"Arrange 8 5×5 droplets in an array starting at (40, 30), with a gap of 8, and move all 8 droplets upward by 20 grid cells."
baseline/batch-move-case39-run1.json,"Move the 8 2×2 droplets located at (90, 30), (90, 36), (90, 42), (96, 30), (96, 36), (96, 42), (102, 30), and (102, 36) downward by 25 grid cells as a group."
baseline/batch-move-case39-run1.txt,"Move the 8 2×2 droplets located at (90, 30), (90, 36), (90, 42), (96, 30), (96, 36), (96, 42), (102, 30), and (102, 36) downward by 25 grid cells as a group."
baseline/batch-move-case39-run2.json,"Move the 8 2×2 droplets located at (90, 30), (90, 36), (90, 42), (96, 30), (96, 36), (96, 42), (102, 30), and (102, 36) downward by 25 grid cells as a group."
baseline/batch-move-case39-run2.txt,"Move the 8 2×2 droplets located at (90, 30), (90, 36), (90, 42), (96, 30), (96, 36), (96, 42), (102, 30), and (102, 36) downward by 25 grid cells as a group."
baseline/batch-move-case39-run3.json,"Move the 8 2×2 droplets located at (90, 30), (90, 36), (90, 42), (96, 30), (96, 36), (96, 42), (102, 30), and (102, 36) downward by 25 grid cells as a group."
baseline/batch-move-case39-run3.txt,"Move the 8 2×2 droplets located at (90, 30), (90, 36), (90, 42), (96, 30), (96, 36), (96, 42), (102, 30), and (102, 36) downward by 25 grid cells as a group."
baseline/batch-move-case39-run4.json,"Move the 8 2×2 droplets located at (90, 30), (90, 36), (90, 42), (96, 30), (96, 36), (96, 42), (102, 30), and (102, 36) downward by 25 grid cells as a group."
baseline/batch-move-case39-run4.txt,"Move the 8 2×2 droplets located at (90, 30), (90, 36), (90, 42), (96, 30), (96, 36), (96, 42), (102, 30), and (102, 36) downward by 25 grid cells as a group."
baseline/batch-move-case39-run5.json,"Move the 8 2×2 droplets located at (90, 30), (90, 36), (90, 42), (96, 30), (96, 36), (96, 42), (102, 30), and (102, 36) downward by 25 grid cells as a group."
baseline/batch-move-case39-run5.txt,"Move the 8 2×2 droplets located at (90, 30), (90, 36), (90, 42), (96, 30), (96, 36), (96, 42), (102, 30), and (102, 36) downward by 25 grid cells as a group."
baseline/batch-move-case40-run1.json,"Move the 9 2×2 droplets located at (60, 20), (66, 20), (72, 20), (60, 26), (66, 26), (72, 26), (60, 32), (66, 32), and (72, 32) to the right by 30 grid cells as a group."
baseline/batch-move-case40-run1.txt,"Move the 9 2×2 droplets located at (60, 20), (66, 20), (72, 20), (60, 26), (66, 26), (72, 26), (60, 32), (66, 32), and (72, 32) to the right by 30 grid cells as a group."
baseline/batch-move-case40-run2.json,"Move the 9 2×2 droplets located at (60, 20), (66, 20), (72, 20), (60, 26), (66, 26), (72, 26), (60, 32), (66, 32), and (72, 32) to the right by 30 grid cells as a group."
baseline/batch-move-case40-run2.txt,"Move the 9 2×2 droplets located at (60, 20), (66, 20), (72, 20), (60, 26), (66, 26), (72, 26), (60, 32), (66, 32), and (72, 32) to the right by 30 grid cells as a group."
baseline/batch-move-case40-run3.json,"Move the 9 2×2 droplets located at (60, 20), (66, 20), (72, 20), (60, 26), (66, 26), (72, 26), (60, 32), (66, 32), and (72, 32) to the right by 30 grid cells as a group."
baseline/batch-move-case40-run3.txt,"Move the 9 2×2 droplets located at (60, 20), (66, 20), (72, 20), (60, 26), (66, 26), (72, 26), (60, 32), (66, 32), and (72, 32) to the right by 30 grid cells as a group."
baseline/batch-move-case40-run4.json,"Move the 9 2×2 droplets located at (60, 20), (66, 20), (72, 20), (60, 26), (66, 26), (72, 26), (60, 32), (66, 32), and (72, 32) to the right by 30 grid cells as a group."
baseline/batch-move-case40-run4.txt,"Move the 9 2×2 droplets located at (60, 20), (66, 20), (72, 20), (60, 26), (66, 26), (72, 26), (60, 32), (66, 32), and (72, 32) to the right by 30 grid cells as a group."
baseline/batch-move-case40-run5.json,"Move the 9 2×2 droplets located at (60, 20), (66, 20), (72, 20), (60, 26), (66, 26), (72, 26), (60, 32), (66, 32), and (72, 32) to the right by 30 grid cells as a group."
baseline/batch-move-case40-run5.txt,"Move the 9 2×2 droplets located at (60, 20), (66, 20), (72, 20), (60, 26), (66, 26), (72, 26), (60, 32), (66, 32), and (72, 32) to the right by 30 grid cells as a group."
baseline/batch-squeeze-case6-run1.json,"Generate 16 1×1 droplets at (10, 10) by squeezing to the right."
baseline/batch-squeeze-case6-run1.txt,"Generate 16 1×1 droplets at (10, 10) by squeezing to the right."
baseline/batch-squeeze-case6-run2.json,"Generate 16 1×1 droplets at (10, 10) by squeezing to the right."
baseline/batch-squeeze-case6-run2.txt,"Generate 16 1×1 droplets at (10, 10) by squeezing to the right."
baseline/batch-squeeze-case6-run3.json,"Generate 16 1×1 droplets at (10, 10) by squeezing to the right."
baseline/batch-squeeze-case6-run3.txt,"Generate 16 1×1 droplets at (10, 10) by squeezing to the right."
baseline/batch-squeeze-case6-run4.json,"Generate 16 1×1 droplets at (10, 10) by squeezing to the right."
baseline/batch-squeeze-case6-run4.txt,"Generate 16 1×1 droplets at (10, 10) by squeezing to the right."
baseline/batch-squeeze-case6-run5.json,"Generate 16 1×1 droplets at (10, 10) by squeezing to the right."
baseline/batch-squeeze-case6-run5.txt,"Generate 16 1×1 droplets at (10, 10) by squeezing to the right."
baseline/batch-squeeze-case7-run1.json,"Generate 6 2×2 droplets at (44, 100) by squeezing upward."
baseline/batch-squeeze-case7-run1.txt,"Generate 6 2×2 droplets at (44, 100) by squeezing upward."
baseline/batch-squeeze-case7-run2.json,"Generate 6 2×2 droplets at (44, 100) by squeezing upward."
baseline/batch-squeeze-case7-run2.txt,"Generate 6 2×2 droplets at (44, 100) by squeezing upward."
baseline/batch-squeeze-case7-run3.json,"Generate 6 2×2 droplets at (44, 100) by squeezing upward."
baseline/batch-squeeze-case7-run3.txt,"Generate 6 2×2 droplets at (44, 100) by squeezing upward."
baseline/batch-squeeze-case7-run4.json,"Generate 6 2×2 droplets at (44, 100) by squeezing upward."
baseline/batch-squeeze-case7-run4.txt,"Generate 6 2×2 droplets at (44, 100) by squeezing upward."
baseline/batch-squeeze-case7-run5.json,"Generate 6 2×2 droplets at (44, 100) by squeezing upward."
baseline/batch-squeeze-case7-run5.txt,"Generate 6 2×2 droplets at (44, 100) by squeezing upward."
baseline/batch-squeeze-case8-run1.json,"Generate 6 3×3 droplets at (117, 39) by squeezing to the left."
baseline/batch-squeeze-case8-run1.txt,"Generate 6 3×3 droplets at (117, 39) by squeezing to the left."
baseline/batch-squeeze-case8-run2.json,"Generate 6 3×3 droplets at (117, 39) by squeezing to the left."
baseline/batch-squeeze-case8-run2.txt,"Generate 6 3×3 droplets at (117, 39) by squeezing to the left."
baseline/batch-squeeze-case8-run3.json,"Generate 6 3×3 droplets at (117, 39) by squeezing to the left."
baseline/batch-squeeze-case8-run3.txt,"Generate 6 3×3 droplets at (117, 39) by squeezing to the left."
baseline/batch-squeeze-case8-run4.json,"Generate 6 3×3 droplets at (117, 39) by squeezing to the left."
baseline/batch-squeeze-case8-run4.txt,"Generate 6 3×3 droplets at (117, 39) by squeezing to the left."
baseline/batch-squeeze-case8-run5.json,"Generate 6 3×3 droplets at (117, 39) by squeezing to the left."
baseline/batch-squeeze-case8-run5.txt,"Generate 6 3×3 droplets at (117, 39) by squeezing to the left."
baseline/batch-squeeze-case9-run1.json,"Generate 3 4×4 droplets at (64, 44) by squeezing downward."
baseline/batch-squeeze-case9-run1.txt,"Generate 3 4×4 droplets at (64, 44) by squeezing downward."
baseline/batch-squeeze-case9-run2.json,"Generate 3 4×4 droplets at (64, 44) by squeezing downward."
baseline/batch-squeeze-case9-run2.txt,"Generate 3 4×4 droplets at (64, 44) by squeezing downward."
baseline/batch-squeeze-case9-run3.json,"Generate 3 4×4 droplets at (64, 44) by squeezing downward."
baseline/batch-squeeze-case9-run3.txt,"Generate 3 4×4 droplets at (64, 44) by squeezing downward."
baseline/batch-squeeze-case9-run4.json,"Generate 3 4×4 droplets at (64, 44) by squeezing downward."
baseline/batch-squeeze-case9-run4.txt,"Generate 3 4×4 droplets at (64, 44) by squeezing downward."
baseline/batch-squeeze-case9-run5.json,"Generate 3 4×4 droplets at (64, 44) by squeezing downward."
baseline/batch-squeeze-case9-run5.txt,"Generate 3 4×4 droplets at (64, 44) by squeezing downward."
baseline/batch-squeeze-case10-run1.json,"Generate 2 5×5 droplets at (100, 85) by squeezing to the left."
baseline/batch-squeeze-case10-run1.txt,"Generate 2 5×5 droplets at (100, 85) by squeezing to the left."
baseline/batch-squeeze-case10-run2.json,"Generate 2 5×5 droplets at (100, 85) by squeezing to the left."
baseline/batch-squeeze-case10-run2.txt,"Generate 2 5×5 droplets at (100, 85) by squeezing to the left."
baseline/batch-squeeze-case10-run3.json,"Generate 2 5×5 droplets at (100, 85) by squeezing to the left."
baseline/batch-squeeze-case10-run3.txt,"Generate 2 5×5 droplets at (100, 85) by squeezing to the left."
baseline/batch-squeeze-case10-run4.json,"Generate 2 5×5 droplets at (100, 85) by squeezing to the left."
baseline/batch-squeeze-case10-run4.txt,"Generate 2 5×5 droplets at (100, 85) by squeezing to the left."
baseline/batch-squeeze-case10-run5.json,"Generate 2 5×5 droplets at (100, 85) by squeezing to the left."
baseline/batch-squeeze-case10-run5.txt,"Generate 2 5×5 droplets at (100, 85) by squeezing to the left."
baseline/merge-case11-run1.json,"Merge the 1×1 droplet located at (10, 10) with the 1×1 droplet located at (10, 15)."
baseline/merge-case11-run1.txt,"Merge the 1×1 droplet located at (10, 10) with the 1×1 droplet located at (10, 15)."
baseline/merge-case11-run2.json,"Merge the 1×1 droplet located at (10, 10) with the 1×1 droplet located at (10, 15)."
baseline/merge-case11-run2.txt,"Merge the 1×1 droplet located at (10, 10) with the 1×1 droplet located at (10, 15)."
baseline/merge-case11-run3.json,"Merge the 1×1 droplet located at (10, 10) with the 1×1 droplet located at (10, 15)."
baseline/merge-case11-run3.txt,"Merge the 1×1 droplet located at (10, 10) with the 1×1 droplet located at (10, 15)."
baseline/merge-case11-run4.json,"Merge the 1×1 droplet located at (10, 10) with the 1×1 droplet located at (10, 15)."
baseline/merge-case11-run4.txt,"Merge the 1×1 droplet located at (10, 10) with the 1×1 droplet located at (10, 15)."
baseline/merge-case11-run5.json,"Merge the 1×1 droplet located at (10, 10) with the 1×1 droplet located at (10, 15)."
baseline/merge-case11-run5.txt,"Merge the 1×1 droplet located at (10, 10) with the 1×1 droplet located at (10, 15)."
baseline/merge-case12-run1.json,"Merge the 2×3 droplet located at (90, 15) with the 3×3 droplet located at (97, 15)."
baseline/merge-case12-run1.txt,"Merge the 2×3 droplet located at (90, 15) with the 3×3 droplet located at (97, 15)."
baseline/merge-case12-run2.json,"Merge the 2×3 droplet located at (90, 15) with the 3×3 droplet located at (97, 15)."
baseline/merge-case12-run2.txt,"Merge the 2×3 droplet located at (90, 15) with the 3×3 droplet located at (97, 15)."
baseline/merge-case12-run3.json,"Merge the 2×3 droplet located at (90, 15) with the 3×3 droplet located at (97, 15)."
baseline/merge-case12-run3.txt,"Merge the 2×3 droplet located at (90, 15) with the 3×3 droplet located at (97, 15)."
baseline/merge-case12-run4.json,"Merge the 2×3 droplet located at (90, 15) with the 3×3 droplet located at (97, 15)."
baseline/merge-case12-run4.txt,"Merge the 2×3 droplet located at (90, 15) with the 3×3 droplet located at (97, 15)."
baseline/merge-case12-run5.json,"Merge the 2×3 droplet located at (90, 15) with the 3×3 droplet located at (97, 15)."
baseline/merge-case12-run5.txt,"Merge the 2×3 droplet located at (90, 15) with the 3×3 droplet located at (97, 15)."
baseline/merge-case13-run1.json,"Merge the 4×3 droplet located at (15, 100) with the 4×2 droplet located at (15, 90)."
baseline/merge-case13-run1.txt,"Merge the 4×3 droplet located at (15, 100) with the 4×2 droplet located at (15, 90)."
baseline/merge-case13-run2.json,"Merge the 4×3 droplet located at (15, 100) with the 4×2 droplet located at (15, 90)."
baseline/merge-case13-run2.txt,"Merge the 4×3 droplet located at (15, 100) with the 4×2 droplet located at (15, 90)."
baseline/merge-case13-run3.json,"Merge the 4×3 droplet located at (15, 100) with the 4×2 droplet located at (15, 90)."
baseline/merge-case13-run3.txt,"Merge the 4×3 droplet located at (15, 100) with the 4×2 droplet located at (15, 90)."
baseline/merge-case13-run4.json,"Merge the 4×3 droplet located at (15, 100) with the 4×2 droplet located at (15, 90)."
baseline/merge-case13-run4.txt,"Merge the 4×3 droplet located at (15, 100) with the 4×2 droplet located at (15, 90)."
baseline/merge-case13-run5.json,"Merge the 4×3 droplet located at (15, 100) with the 4×2 droplet located at (15, 90)."
baseline/merge-case13-run5.txt,"Merge the 4×3 droplet located at (15, 100) with the 4×2 droplet located at (15, 90)."
baseline/merge-case14-run1.json,"Merge the 2×4 droplet located at (60, 90) with the 3×4 droplet located at (67, 90)."
baseline/merge-case14-run1.txt,"Merge the 2×4 droplet located at (60, 90) with the 3×4 droplet located at (67, 90)."
baseline/merge-case14-run2.json,"Merge the 2×4 droplet located at (60, 90) with the 3×4 droplet located at (67, 90)."
baseline/merge-case14-run2.txt,"Merge the 2×4 droplet located at (60, 90) with the 3×4 droplet located at (67, 90)."
baseline/merge-case14-run3.json,"Merge the 2×4 droplet located at (60, 90) with the 3×4 droplet located at (67, 90)."
baseline/merge-case14-run3.txt,"Merge the 2×4 droplet located at (60, 90) with the 3×4 droplet located at (67, 90)."
baseline/merge-case14-run4.json,"Merge the 2×4 droplet located at (60, 90) with the 3×4 droplet located at (67, 90)."
baseline/merge-case14-run4.txt,"Merge the 2×4 droplet located at (60, 90) with the 3×4 droplet located at (67, 90)."
baseline/merge-case14-run5.json,"Merge the 2×4 droplet located at (60, 90) with the 3×4 droplet located at (67, 90)."
baseline/merge-case14-run5.txt,"Merge the 2×4 droplet located at (60, 90) with the 3×4 droplet located at (67, 90)."
baseline/merge-case15-run1.json,"Merge the 3×3 droplet located at (60, 60) with the 3×2 droplet located at (60, 68)."
baseline/merge-case15-run1.txt,"Merge the 3×3 droplet located at (60, 60) with the 3×2 droplet located at (60, 68)."
baseline/merge-case15-run2.json,"Merge the 3×3 droplet located at (60, 60) with the 3×2 droplet located at (60, 68)."
baseline/merge-case15-run2.txt,"Merge the 3×3 droplet located at (60, 60) with the 3×2 droplet located at (60, 68)."
baseline/merge-case15-run3.json,"Merge the 3×3 droplet located at (60, 60) with the 3×2 droplet located at (60, 68)."
baseline/merge-case15-run3.txt,"Merge the 3×3 droplet located at (60, 60) with the 3×2 droplet located at (60, 68)."
baseline/merge-case15-run4.json,"Merge the 3×3 droplet located at (60, 60) with the 3×2 droplet located at (60, 68)."
baseline/merge-case15-run4.txt,"Merge the 3×3 droplet located at (60, 60) with the 3×2 droplet located at (60, 68)."
baseline/merge-case15-run5.json,"Merge the 3×3 droplet located at (60, 60) with the 3×2 droplet located at (60, 68)."
baseline/merge-case15-run5.txt,"Merge the 3×3 droplet located at (60, 60) with the 3×2 droplet located at (60, 68)."
baseline/mix-case21-run1.json,"Perform 2 cycles of rotational mixing on 1 droplet of size 1×1 located at (25, 25)."
baseline/mix-case21-run1.txt,"Perform 2 cycles of rotational mixing on 1 droplet of size 1×1 located at (25, 25)."
baseline/mix-case21-run2.json,"Perform 2 cycles of rotational mixing on 1 droplet of size 1×1 located at (25, 25)."
baseline/mix-case21-run2.txt,"Perform 2 cycles of rotational mixing on 1 droplet of size 1×1 located at (25, 25)."
baseline/mix-case21-run3.json,"Perform 2 cycles of rotational mixing on 1 droplet of size 1×1 located at (25, 25)."
baseline/mix-case21-run3.txt,"Perform 2 cycles of rotational mixing on 1 droplet of size 1×1 located at (25, 25)."
baseline/mix-case21-run4.json,"Perform 2 cycles of rotational mixing on 1 droplet of size 1×1 located at (25, 25)."
baseline/mix-case21-run4.txt,"Perform 2 cycles of rotational mixing on 1 droplet of size 1×1 located at (25, 25)."
baseline/mix-case21-run5.json,"Perform 2 cycles of rotational mixing on 1 droplet of size 1×1 located at (25, 25)."
baseline/mix-case21-run5.txt,"Perform 2 cycles of rotational mixing on 1 droplet of size 1×1 located at (25, 25)."
baseline/mix-case22-run1.json,"Perform 3 cycles of rotational mixing on 1 droplet of size 2×2 located at (44, 44)."
baseline/mix-case22-run1.txt,"Perform 3 cycles of rotational mixing on 1 droplet of size 2×2 located at (44, 44)."
baseline/mix-case22-run2.json,"Perform 3 cycles of rotational mixing on 1 droplet of size 2×2 located at (44, 44)."
baseline/mix-case22-run2.txt,"Perform 3 cycles of rotational mixing on 1 droplet of size 2×2 located at (44, 44)."
baseline/mix-case22-run3.json,"Perform 3 cycles of rotational mixing on 1 droplet of size 2×2 located at (44, 44)."
baseline/mix-case22-run3.txt,"Perform 3 cycles of rotational mixing on 1 droplet of size 2×2 located at (44, 44)."
baseline/mix-case22-run4.json,"Perform 3 cycles of rotational mixing on 1 droplet of size 2×2 located at (44, 44)."
baseline/mix-case22-run4.txt,"Perform 3 cycles of rotational mixing on 1 droplet of size 2×2 located at (44, 44)."
baseline/mix-case22-run5.json,"Perform 3 cycles of rotational mixing on 1 droplet of size 2×2 located at (44, 44)."
baseline/mix-case22-run5.txt,"Perform 3 cycles of rotational mixing on 1 droplet of size 2×2 located at (44, 44)."
baseline/mix-case23-run1.json,"Perform 2 cycles of rotational mixing on 1 droplet of size 3×3 located at (81, 39)."
baseline/mix-case23-run1.txt,"Perform 2 cycles of rotational mixing on 1 droplet of size 3×3 located at (81, 39)."
baseline/mix-case23-run2.json,"Perform 2 cycles of rotational mixing on 1 droplet of size 3×3 located at (81, 39)."
baseline/mix-case23-run2.txt,"Perform 2 cycles of rotational mixing on 1 droplet of size 3×3 located at (81, 39)."
baseline/mix-case23-run3.json,"Perform 2 cycles of rotational mixing on 1 droplet of size 3×3 located at (81, 39)."
baseline/mix-case23-run3.txt,"Perform 2 cycles of rotational mixing on 1 droplet of size 3×3 located at (81, 39)."
baseline/mix-case23-run4.json,"Perform 2 cycles of rotational mixing on 1 droplet of size 3×3 located at (81, 39)."
baseline/mix-case23-run4.txt,"Perform 2 cycles of rotational mixing on 1 droplet of size 3×3 located at (81, 39)."
baseline/mix-case23-run5.json,"Perform 2 cycles of rotational mixing on 1 droplet of size 3×3 located at (81, 39)."
baseline/mix-case23-run5.txt,"Perform 2 cycles of rotational mixing on 1 droplet of size 3×3 located at (81, 39)."
baseline/mix-case24-run1.json,"Perform 4 cycles of rotational mixing on 1 droplet of size 4×4 located at (100, 84)."
baseline/mix-case24-run1.txt,"Perform 4 cycles of rotational mixing on 1 droplet of size 4×4 located at (100, 84)."
baseline/mix-case24-run2.json,"Perform 4 cycles of rotational mixing on 1 droplet of size 4×4 located at (100, 84)."
baseline/mix-case24-run2.txt,"Perform 4 cycles of rotational mixing on 1 droplet of size 4×4 located at (100, 84)."
baseline/mix-case24-run3.json,"Perform 4 cycles of rotational mixing on 1 droplet of size 4×4 located at (100, 84)."
baseline/mix-case24-run3.txt,"Perform 4 cycles of rotational mixing on 1 droplet of size 4×4 located at (100, 84)."
baseline/mix-case24-run4.json,"Perform 4 cycles of rotational mixing on 1 droplet of size 4×4 located at (100, 84)."
baseline/mix-case24-run4.txt,"Perform 4 cycles of rotational mixing on 1 droplet of size 4×4 located at (100, 84)."
baseline/mix-case24-run5.json,"Perform 4 cycles of rotational mixing on 1 droplet of size 4×4 located at (100, 84)."
baseline/mix-case24-run5.txt,"Perform 4 cycles of rotational mixing on 1 droplet of size 4×4 located at (100, 84)."
baseline/mix-case25-run1.json,"Perform 3 cycles of rotational mixing on 1 droplet of size 5×5 located at (60, 60)."
baseline/mix-case25-run1.txt,"Perform 3 cycles of rotational mixing on 1 droplet of size 5×5 located at (60, 60)."
baseline/mix-case25-run2.json,"Perform 3 cycles of rotational mixing on 1 droplet of size 5×5 located at (60, 60)."
baseline/mix-case25-run2.txt,"Perform 3 cycles of rotational mixing on 1 droplet of size 5×5 located at (60, 60)."
baseline/mix-case25-run3.json,"Perform 3 cycles of rotational mixing on 1 droplet of size 5×5 located at (60, 60)."
baseline/mix-case25-run3.txt,"Perform 3 cycles of rotational mixing on 1 droplet of size 5×5 located at (60, 60)."
baseline/mix-case25-run4.json,"Perform 3 cycles of rotational mixing on 1 droplet of size 5×5 located at (60, 60)."
baseline/mix-case25-run4.txt,"Perform 3 cycles of rotational mixing on 1 droplet of size 5×5 located at (60, 60)."
baseline/mix-case25-run5.json,"Perform 3 cycles of rotational mixing on 1 droplet of size 5×5 located at (60, 60)."
baseline/mix-case25-run5.txt,"Perform 3 cycles of rotational mixing on 1 droplet of size 5×5 located at (60, 60)."
baseline/move-case31-run1.json,"Move 1 droplet of size 1×1 located at (15, 15) 20 grid cells to the right."
baseline/move-case31-run1.txt,"Move 1 droplet of size 1×1 located at (15, 15) 20 grid cells to the right."
baseline/move-case31-run2.json,"Move 1 droplet of size 1×1 located at (15, 15) 20 grid cells to the right."
baseline/move-case31-run2.txt,"Move 1 droplet of size 1×1 located at (15, 15) 20 grid cells to the right."
baseline/move-case31-run3.json,"Move 1 droplet of size 1×1 located at (15, 15) 20 grid cells to the right."
baseline/move-case31-run3.txt,"Move 1 droplet of size 1×1 located at (15, 15) 20 grid cells to the right."
baseline/move-case31-run4.json,"Move 1 droplet of size 1×1 located at (15, 15) 20 grid cells to the right."
baseline/move-case31-run4.txt,"Move 1 droplet of size 1×1 located at (15, 15) 20 grid cells to the right."
baseline/move-case31-run5.json,"Move 1 droplet of size 1×1 located at (15, 15) 20 grid cells to the right."
baseline/move-case31-run5.txt,"Move 1 droplet of size 1×1 located at (15, 15) 20 grid cells to the right."
baseline/move-case32-run1.json,"Move 1 droplet of size 2×2 located at (44, 100) 15 grid cells upward."
baseline/move-case32-run1.txt,"Move 1 droplet of size 2×2 located at (44, 100) 15 grid cells upward."
baseline/move-case32-run2.json,"Move 1 droplet of size 2×2 located at (44, 100) 15 grid cells upward."
baseline/move-case32-run2.txt,"Move 1 droplet of size 2×2 located at (44, 100) 15 grid cells upward."
baseline/move-case32-run3.json,"Move 1 droplet of size 2×2 located at (44, 100) 15 grid cells upward."
baseline/move-case32-run3.txt,"Move 1 droplet of size 2×2 located at (44, 100) 15 grid cells upward."
baseline/move-case32-run4.json,"Move 1 droplet of size 2×2 located at (44, 100) 15 grid cells upward."
baseline/move-case32-run4.txt,"Move 1 droplet of size 2×2 located at (44, 100) 15 grid cells upward."
baseline/move-case32-run5.json,"Move 1 droplet of size 2×2 located at (44, 100) 15 grid cells upward."
baseline/move-case32-run5.txt,"Move 1 droplet of size 2×2 located at (44, 100) 15 grid cells upward."
baseline/move-case33-run1.json,"Move 1 droplet of size 3×3 located at (108, 30) 25 grid cells to the left."
baseline/move-case33-run1.txt,"Move 1 droplet of size 3×3 located at (108, 30) 25 grid cells to the left."
baseline/move-case33-run2.json,"Move 1 droplet of size 3×3 located at (108, 30) 25 grid cells to the left."
baseline/move-case33-run2.txt,"Move 1 droplet of size 3×3 located at (108, 30) 25 grid cells to the left."
baseline/move-case33-run3.json,"Move 1 droplet of size 3×3 located at (108, 30) 25 grid cells to the left."
baseline/move-case33-run3.txt,"Move 1 droplet of size 3×3 located at (108, 30) 25 grid cells to the left."
baseline/move-case33-run4.json,"Move 1 droplet of size 3×3 located at (108, 30) 25 grid cells to the left."
baseline/move-case33-run4.txt,"Move 1 droplet of size 3×3 located at (108, 30) 25 grid cells to the left."
baseline/move-case33-run5.json,"Move 1 droplet of size 3×3 located at (108, 30) 25 grid cells to the left."
baseline/move-case33-run5.txt,"Move 1 droplet of size 3×3 located at (108, 30) 25 grid cells to the left."
baseline/move-case34-run1.json,"Move 1 droplet of size 4×4 located at (48, 40) 12 grid cells downward."
baseline/move-case34-run1.txt,"Move 1 droplet of size 4×4 located at (48, 40) 12 grid cells downward."
baseline/move-case34-run2.json,"Move 1 droplet of size 4×4 located at (48, 40) 12 grid cells downward."
baseline/move-case34-run2.txt,"Move 1 droplet of size 4×4 located at (48, 40) 12 grid cells downward."
baseline/move-case34-run3.json,"Move 1 droplet of size 4×4 located at (48, 40) 12 grid cells downward."
baseline/move-case34-run3.txt,"Move 1 droplet of size 4×4 located at (48, 40) 12 grid cells downward."
baseline/move-case34-run4.json,"Move 1 droplet of size 4×4 located at (48, 40) 12 grid cells downward."
baseline/move-case34-run4.txt,"Move 1 droplet of size 4×4 located at (48, 40) 12 grid cells downward."
baseline/move-case34-run5.json,"Move 1 droplet of size 4×4 located at (48, 40) 12 grid cells downward."
baseline/move-case34-run5.txt,"Move 1 droplet of size 4×4 located at (48, 40) 12 grid cells downward."
baseline/move-case35-run1.json,"Move 1 droplet of size 5×5 located at (30, 60) 10 grid cells to the right."
baseline/move-case35-run1.txt,"Move 1 droplet of size 5×5 located at (30, 60) 10 grid cells to the right."
baseline/move-case35-run2.json,"Move 1 droplet of size 5×5 located at (30, 60) 10 grid cells to the right."
baseline/move-case35-run2.txt,"Move 1 droplet of size 5×5 located at (30, 60) 10 grid cells to the right."
baseline/move-case35-run3.json,"Move 1 droplet of size 5×5 located at (30, 60) 10 grid cells to the right."
baseline/move-case35-run3.txt,"Move 1 droplet of size 5×5 located at (30, 60) 10 grid cells to the right."
baseline/move-case35-run4.json,"Move 1 droplet of size 5×5 located at (30, 60) 10 grid cells to the right."
baseline/move-case35-run4.txt,"Move 1 droplet of size 5×5 located at (30, 60) 10 grid cells to the right."
baseline/move-case35-run5.json,"Move 1 droplet of size 5×5 located at (30, 60) 10 grid cells to the right."
baseline/move-case35-run5.txt,"Move 1 droplet of size 5×5 located at (30, 60) 10 grid cells to the right."
baseline/squeeze-case1-run1.json,"Generate 1 1×1 droplet at (30, 30) by squeezing to the right."
baseline/squeeze-case1-run1.txt,"Generate 1 1×1 droplet at (30, 30) by squeezing to the right."
baseline/squeeze-case1-run2.json,"Generate 1 1×1 droplet at (30, 30) by squeezing to the right."
baseline/squeeze-case1-run2.txt,"Generate 1 1×1 droplet at (30, 30) by squeezing to the right."
baseline/squeeze-case1-run3.json,"Generate 1 1×1 droplet at (30, 30) by squeezing to the right."
baseline/squeeze-case1-run3.txt,"Generate 1 1×1 droplet at (30, 30) by squeezing to the right."
baseline/squeeze-case1-run4.json,"Generate 1 1×1 droplet at (30, 30) by squeezing to the right."
baseline/squeeze-case1-run4.txt,"Generate 1 1×1 droplet at (30, 30) by squeezing to the right."
baseline/squeeze-case1-run5.json,"Generate 1 1×1 droplet at (30, 30) by squeezing to the right."
baseline/squeeze-case1-run5.txt,"Generate 1 1×1 droplet at (30, 30) by squeezing to the right."
baseline/squeeze-case2-run1.json,"Generate 1 2×2 droplet at (40, 90) by squeezing upward."
baseline/squeeze-case2-run1.txt,"Generate 1 2×2 droplet at (40, 90) by squeezing upward."
baseline/squeeze-case2-run2.json,"Generate 1 2×2 droplet at (40, 90) by squeezing upward."
baseline/squeeze-case2-run2.txt,"Generate 1 2×2 droplet at (40, 90) by squeezing upward."
baseline/squeeze-case2-run3.json,"Generate 1 2×2 droplet at (40, 90) by squeezing upward."
baseline/squeeze-case2-run3.txt,"Generate 1 2×2 droplet at (40, 90) by squeezing upward."
baseline/squeeze-case2-run4.json,"Generate 1 2×2 droplet at (40, 90) by squeezing upward."
baseline/squeeze-case2-run4.txt,"Generate 1 2×2 droplet at (40, 90) by squeezing upward."
baseline/squeeze-case2-run5.json,"Generate 1 2×2 droplet at (40, 90) by squeezing upward."
baseline/squeeze-case2-run5.txt,"Generate 1 2×2 droplet at (40, 90) by squeezing upward."
baseline/squeeze-case3-run1.json,"Generate 1 3×3 droplet at (108, 30) by squeezing to the left."
baseline/squeeze-case3-run1.txt,"Generate 1 3×3 droplet at (108, 30) by squeezing to the left."
baseline/squeeze-case3-run2.json,"Generate 1 3×3 droplet at (108, 30) by squeezing to the left."
baseline/squeeze-case3-run2.txt,"Generate 1 3×3 droplet at (108, 30) by squeezing to the left."
baseline/squeeze-case3-run3.json,"Generate 1 3×3 droplet at (108, 30) by squeezing to the left."
baseline/squeeze-case3-run3.txt,"Generate 1 3×3 droplet at (108, 30) by squeezing to the left."
baseline/squeeze-case3-run4.json,"Generate 1 3×3 droplet at (108, 30) by squeezing to the left."
baseline/squeeze-case3-run4.txt,"Generate 1 3×3 droplet at (108, 30) by squeezing to the left."
baseline/squeeze-case3-run5.json,"Generate 1 3×3 droplet at (108, 30) by squeezing to the left."
baseline/squeeze-case3-run5.txt,"Generate 1 3×3 droplet at (108, 30) by squeezing to the left."
baseline/squeeze-case4-run1.json,"Generate 1 4×4 droplet at (60, 48) by squeezing downward."
baseline/squeeze-case4-run1.txt,"Generate 1 4×4 droplet at (60, 48) by squeezing downward."
baseline/squeeze-case4-run2.json,"Generate 1 4×4 droplet at (60, 48) by squeezing downward."
baseline/squeeze-case4-run2.txt,"Generate 1 4×4 droplet at (60, 48) by squeezing downward."
baseline/squeeze-case4-run3.json,"Generate 1 4×4 droplet at (60, 48) by squeezing downward."
baseline/squeeze-case4-run3.txt,"Generate 1 4×4 droplet at (60, 48) by squeezing downward."
baseline/squeeze-case4-run4.json,"Generate 1 4×4 droplet at (60, 48) by squeezing downward."
baseline/squeeze-case4-run4.txt,"Generate 1 4×4 droplet at (60, 48) by squeezing downward."
baseline/squeeze-case4-run5.json,"Generate 1 4×4 droplet at (60, 48) by squeezing downward."
baseline/squeeze-case4-run5.txt,"Generate 1 4×4 droplet at (60, 48) by squeezing downward."
baseline/squeeze-case5-run1.json,"Generate 1 5×5 droplet at (100, 85) by squeezing to the left."
baseline/squeeze-case5-run1.txt,"Generate 1 5×5 droplet at (100, 85) by squeezing to the left."
baseline/squeeze-case5-run2.json,"Generate 1 5×5 droplet at (100, 85) by squeezing to the left."
baseline/squeeze-case5-run2.txt,"Generate 1 5×5 droplet at (100, 85) by squeezing to the left."
baseline/squeeze-case5-run3.json,"Generate 1 5×5 droplet at (100, 85) by squeezing to the left."
baseline/squeeze-case5-run3.txt,"Generate 1 5×5 droplet at (100, 85) by squeezing to the left."
baseline/squeeze-case5-run4.json,"Generate 1 5×5 droplet at (100, 85) by squeezing to the left."
baseline/squeeze-case5-run4.txt,"Generate 1 5×5 droplet at (100, 85) by squeezing to the left."
baseline/squeeze-case5-run5.json,"Generate 1 5×5 droplet at (100, 85) by squeezing to the left."
baseline/squeeze-case5-run5.txt,"Generate 1 5×5 droplet at (100, 85) by squeezing to the left."
ours/batch-merge-case16-run1.gif,"Arrange 16 2×2 droplets in an array starting at (30, 30), with a gap of 8. Then generate another 16 1×2 droplets, each with an edge-to-edge gap of 4 on the right side of its corresponding droplet, and merge each pair."
ours/batch-merge-case16-run1.json,"Arrange 16 2×2 droplets in an array starting at (30, 30), with a gap of 8. Then generate another 16 1×2 droplets, each with an edge-to-edge gap of 4 on the right side of its corresponding droplet, and merge each pair."
ours/batch-merge-case16-run1.txt,"Arrange 16 2×2 droplets in an array starting at (30, 30), with a gap of 8. Then generate another 16 1×2 droplets, each with an edge-to-edge gap of 4 on the right side of its corresponding droplet, and merge each pair."
ours/batch-merge-case16-run2.gif,"Arrange 16 2×2 droplets in an array starting at (30, 30), with a gap of 8. Then generate another 16 1×2 droplets, each with an edge-to-edge gap of 4 on the right side of its corresponding droplet, and merge each pair."
ours/batch-merge-case16-run2.json,"Arrange 16 2×2 droplets in an array starting at (30, 30), with a gap of 8. Then generate another 16 1×2 droplets, each with an edge-to-edge gap of 4 on the right side of its corresponding droplet, and merge each pair."
ours/batch-merge-case16-run2.txt,"Arrange 16 2×2 droplets in an array starting at (30, 30), with a gap of 8. Then generate another 16 1×2 droplets, each with an edge-to-edge gap of 4 on the right side of its corresponding droplet, and merge each pair."
ours/batch-merge-case16-run3.gif,"Arrange 16 2×2 droplets in an array starting at (30, 30), with a gap of 8. Then generate another 16 1×2 droplets, each with an edge-to-edge gap of 4 on the right side of its corresponding droplet, and merge each pair."
ours/batch-merge-case16-run3.json,"Arrange 16 2×2 droplets in an array starting at (30, 30), with a gap of 8. Then generate another 16 1×2 droplets, each with an edge-to-edge gap of 4 on the right side of its corresponding droplet, and merge each pair."
ours/batch-merge-case16-run3.txt,"Arrange 16 2×2 droplets in an array starting at (30, 30), with a gap of 8. Then generate another 16 1×2 droplets, each with an edge-to-edge gap of 4 on the right side of its corresponding droplet, and merge each pair."
ours/batch-merge-case16-run4.gif,"Arrange 16 2×2 droplets in an array starting at (30, 30), with a gap of 8. Then generate another 16 1×2 droplets, each with an edge-to-edge gap of 4 on the right side of its corresponding droplet, and merge each pair."
ours/batch-merge-case16-run4.json,"Arrange 16 2×2 droplets in an array starting at (30, 30), with a gap of 8. Then generate another 16 1×2 droplets, each with an edge-to-edge gap of 4 on the right side of its corresponding droplet, and merge each pair."
ours/batch-merge-case16-run4.txt,"Arrange 16 2×2 droplets in an array starting at (30, 30), with a gap of 8. Then generate another 16 1×2 droplets, each with an edge-to-edge gap of 4 on the right side of its corresponding droplet, and merge each pair."
ours/batch-merge-case16-run5.gif,"Arrange 16 2×2 droplets in an array starting at (30, 30), with a gap of 8. Then generate another 16 1×2 droplets, each with an edge-to-edge gap of 4 on the right side of its corresponding droplet, and merge each pair."
ours/batch-merge-case16-run5.json,"Arrange 16 2×2 droplets in an array starting at (30, 30), with a gap of 8. Then generate another 16 1×2 droplets, each with an edge-to-edge gap of 4 on the right side of its corresponding droplet, and merge each pair."
ours/batch-merge-case16-run5.txt,"Arrange 16 2×2 droplets in an array starting at (30, 30), with a gap of 8. Then generate another 16 1×2 droplets, each with an edge-to-edge gap of 4 on the right side of its corresponding droplet, and merge each pair."
ours/batch-merge-case17-run1.gif,"Arrange 12 3×3 droplets in an array starting at (20, 20), with a gap of 12. Then generate another 12 3×2 droplets, each with an edge-to-edge gap of 6 below its corresponding droplet, and merge each pair."
ours/batch-merge-case17-run1.json,"Arrange 12 3×3 droplets in an array starting at (20, 20), with a gap of 12. Then generate another 12 3×2 droplets, each with an edge-to-edge gap of 6 below its corresponding droplet, and merge each pair."
ours/batch-merge-case17-run1.txt,"Arrange 12 3×3 droplets in an array starting at (20, 20), with a gap of 12. Then generate another 12 3×2 droplets, each with an edge-to-edge gap of 6 below its corresponding droplet, and merge each pair."
ours/batch-merge-case17-run2.gif,"Arrange 12 3×3 droplets in an array starting at (20, 20), with a gap of 12. Then generate another 12 3×2 droplets, each with an edge-to-edge gap of 6 below its corresponding droplet, and merge each pair."
ours/batch-merge-case17-run2.json,"Arrange 12 3×3 droplets in an array starting at (20, 20), with a gap of 12. Then generate another 12 3×2 droplets, each with an edge-to-edge gap of 6 below its corresponding droplet, and merge each pair."
ours/batch-merge-case17-run2.txt,"Arrange 12 3×3 droplets in an array starting at (20, 20), with a gap of 12. Then generate another 12 3×2 droplets, each with an edge-to-edge gap of 6 below its corresponding droplet, and merge each pair."
ours/batch-merge-case17-run3.gif,"Arrange 12 3×3 droplets in an array starting at (20, 20), with a gap of 12. Then generate another 12 3×2 droplets, each with an edge-to-edge gap of 6 below its corresponding droplet, and merge each pair."
ours/batch-merge-case17-run3.json,"Arrange 12 3×3 droplets in an array starting at (20, 20), with a gap of 12. Then generate another 12 3×2 droplets, each with an edge-to-edge gap of 6 below its corresponding droplet, and merge each pair."
ours/batch-merge-case17-run3.txt,"Arrange 12 3×3 droplets in an array starting at (20, 20), with a gap of 12. Then generate another 12 3×2 droplets, each with an edge-to-edge gap of 6 below its corresponding droplet, and merge each pair."
ours/batch-merge-case17-run4.gif,"Arrange 12 3×3 droplets in an array starting at (20, 20), with a gap of 12. Then generate another 12 3×2 droplets, each with an edge-to-edge gap of 6 below its corresponding droplet, and merge each pair."
ours/batch-merge-case17-run4.json,"Arrange 12 3×3 droplets in an array starting at (20, 20), with a gap of 12. Then generate another 12 3×2 droplets, each with an edge-to-edge gap of 6 below its corresponding droplet, and merge each pair."
ours/batch-merge-case17-run4.txt,"Arrange 12 3×3 droplets in an array starting at (20, 20), with a gap of 12. Then generate another 12 3×2 droplets, each with an edge-to-edge gap of 6 below its corresponding droplet, and merge each pair."
ours/batch-merge-case17-run5.gif,"Arrange 12 3×3 droplets in an array starting at (20, 20), with a gap of 12. Then generate another 12 3×2 droplets, each with an edge-to-edge gap of 6 below its corresponding droplet, and merge each pair."
ours/batch-merge-case17-run5.json,"Arrange 12 3×3 droplets in an array starting at (20, 20), with a gap of 12. Then generate another 12 3×2 droplets, each with an edge-to-edge gap of 6 below its corresponding droplet, and merge each pair."
ours/batch-merge-case17-run5.txt,"Arrange 12 3×3 droplets in an array starting at (20, 20), with a gap of 12. Then generate another 12 3×2 droplets, each with an edge-to-edge gap of 6 below its corresponding droplet, and merge each pair."
ours/batch-merge-case18-run1.gif,"Arrange 8 2×4 droplets in an array starting at (30, 30), with a gap of 16. Then generate another 8 3×4 droplets, each with an edge-to-edge gap of 8 on the right side of its corresponding droplet, and merge each pair."
ours/batch-merge-case18-run1.json,"Arrange 8 2×4 droplets in an array starting at (30, 30), with a gap of 16. Then generate another 8 3×4 droplets, each with an edge-to-edge gap of 8 on the right side of its corresponding droplet, and merge each pair."
ours/batch-merge-case18-run1.txt,"Arrange 8 2×4 droplets in an array starting at (30, 30), with a gap of 16. Then generate another 8 3×4 droplets, each with an edge-to-edge gap of 8 on the right side of its corresponding droplet, and merge each pair."
ours/batch-merge-case18-run2.gif,"Arrange 8 2×4 droplets in an array starting at (30, 30), with a gap of 16. Then generate another 8 3×4 droplets, each with an edge-to-edge gap of 8 on the right side of its corresponding droplet, and merge each pair."
ours/batch-merge-case18-run2.json,"Arrange 8 2×4 droplets in an array starting at (30, 30), with a gap of 16. Then generate another 8 3×4 droplets, each with an edge-to-edge gap of 8 on the right side of its corresponding droplet, and merge each pair."
ours/batch-merge-case18-run2.txt,"Arrange 8 2×4 droplets in an array starting at (30, 30), with a gap of 16. Then generate another 8 3×4 droplets, each with an edge-to-edge gap of 8 on the right side of its corresponding droplet, and merge each pair."
ours/batch-merge-case18-run3.gif,"Arrange 8 2×4 droplets in an array starting at (30, 30), with a gap of 16. Then generate another 8 3×4 droplets, each with an edge-to-edge gap of 8 on the right side of its corresponding droplet, and merge each pair."
ours/batch-merge-case18-run3.json,"Arrange 8 2×4 droplets in an array starting at (30, 30), with a gap of 16. Then generate another 8 3×4 droplets, each with an edge-to-edge gap of 8 on the right side of its corresponding droplet, and merge each pair."
ours/batch-merge-case18-run3.txt,"Arrange 8 2×4 droplets in an array starting at (30, 30), with a gap of 16. Then generate another 8 3×4 droplets, each with an edge-to-edge gap of 8 on the right side of its corresponding droplet, and merge each pair."
ours/batch-merge-case18-run4.gif,"Arrange 8 2×4 droplets in an array starting at (30, 30), with a gap of 16. Then generate another 8 3×4 droplets, each with an edge-to-edge gap of 8 on the right side of its corresponding droplet, and merge each pair."
ours/batch-merge-case18-run4.json,"Arrange 8 2×4 droplets in an array starting at (30, 30), with a gap of 16. Then generate another 8 3×4 droplets, each with an edge-to-edge gap of 8 on the right side of its corresponding droplet, and merge each pair."
ours/batch-merge-case18-run4.txt,"Arrange 8 2×4 droplets in an array starting at (30, 30), with a gap of 16. Then generate another 8 3×4 droplets, each with an edge-to-edge gap of 8 on the right side of its corresponding droplet, and merge each pair."
ours/batch-merge-case18-run5.gif,"Arrange 8 2×4 droplets in an array starting at (30, 30), with a gap of 16. Then generate another 8 3×4 droplets, each with an edge-to-edge gap of 8 on the right side of its corresponding droplet, and merge each pair."
ours/batch-merge-case18-run5.json,"Arrange 8 2×4 droplets in an array starting at (30, 30), with a gap of 16. Then generate another 8 3×4 droplets, each with an edge-to-edge gap of 8 on the right side of its corresponding droplet, and merge each pair."
ours/batch-merge-case18-run5.txt,"Arrange 8 2×4 droplets in an array starting at (30, 30), with a gap of 16. Then generate another 8 3×4 droplets, each with an edge-to-edge gap of 8 on the right side of its corresponding droplet, and merge each pair."
ours/batch-merge-case19-run1.gif,"Arrange 20 4×3 droplets in an array starting at (15, 60), with a gap of 14. Then generate another 20 4×2 droplets, each with an edge-to-edge gap of 7 below its corresponding droplet, and merge each pair."
ours/batch-merge-case19-run1.json,"Arrange 20 4×3 droplets in an array starting at (15, 60), with a gap of 14. Then generate another 20 4×2 droplets, each with an edge-to-edge gap of 7 below its corresponding droplet, and merge each pair."
ours/batch-merge-case19-run1.txt,"Arrange 20 4×3 droplets in an array starting at (15, 60), with a gap of 14. Then generate another 20 4×2 droplets, each with an edge-to-edge gap of 7 below its corresponding droplet, and merge each pair."
ours/batch-merge-case19-run2.gif,"Arrange 20 4×3 droplets in an array starting at (15, 60), with a gap of 14. Then generate another 20 4×2 droplets, each with an edge-to-edge gap of 7 below its corresponding droplet, and merge each pair."
ours/batch-merge-case19-run2.json,"Arrange 20 4×3 droplets in an array starting at (15, 60), with a gap of 14. Then generate another 20 4×2 droplets, each with an edge-to-edge gap of 7 below its corresponding droplet, and merge each pair."
ours/batch-merge-case19-run2.txt,"Arrange 20 4×3 droplets in an array starting at (15, 60), with a gap of 14. Then generate another 20 4×2 droplets, each with an edge-to-edge gap of 7 below its corresponding droplet, and merge each pair."
ours/batch-merge-case19-run3.gif,"Arrange 20 4×3 droplets in an array starting at (15, 60), with a gap of 14. Then generate another 20 4×2 droplets, each with an edge-to-edge gap of 7 below its corresponding droplet, and merge each pair."
ours/batch-merge-case19-run3.json,"Arrange 20 4×3 droplets in an array starting at (15, 60), with a gap of 14. Then generate another 20 4×2 droplets, each with an edge-to-edge gap of 7 below its corresponding droplet, and merge each pair."
ours/batch-merge-case19-run3.txt,"Arrange 20 4×3 droplets in an array starting at (15, 60), with a gap of 14. Then generate another 20 4×2 droplets, each with an edge-to-edge gap of 7 below its corresponding droplet, and merge each pair."
ours/batch-merge-case19-run4.gif,"Arrange 20 4×3 droplets in an array starting at (15, 60), with a gap of 14. Then generate another 20 4×2 droplets, each with an edge-to-edge gap of 7 below its corresponding droplet, and merge each pair."
ours/batch-merge-case19-run4.json,"Arrange 20 4×3 droplets in an array starting at (15, 60), with a gap of 14. Then generate another 20 4×2 droplets, each with an edge-to-edge gap of 7 below its corresponding droplet, and merge each pair."
ours/batch-merge-case19-run4.txt,"Arrange 20 4×3 droplets in an array starting at (15, 60), with a gap of 14. Then generate another 20 4×2 droplets, each with an edge-to-edge gap of 7 below its corresponding droplet, and merge each pair."
ours/batch-merge-case19-run5.gif,"Arrange 20 4×3 droplets in an array starting at (15, 60), with a gap of 14. Then generate another 20 4×2 droplets, each with an edge-to-edge gap of 7 below its corresponding droplet, and merge each pair."
ours/batch-merge-case19-run5.json,"Arrange 20 4×3 droplets in an array starting at (15, 60), with a gap of 14. Then generate another 20 4×2 droplets, each with an edge-to-edge gap of 7 below its corresponding droplet, and merge each pair."
ours/batch-merge-case19-run5.txt,"Arrange 20 4×3 droplets in an array starting at (15, 60), with a gap of 14. Then generate another 20 4×2 droplets, each with an edge-to-edge gap of 7 below its corresponding droplet, and merge each pair."
ours/batch-merge-case20-run1.gif,"Arrange 10 3×3 droplets in an array starting at (60, 15), with a gap of 13. Then generate another 10 2×3 droplets, each with an edge-to-edge gap of 8 on the right side of its corresponding droplet, and merge each pair."
ours/batch-merge-case20-run1.json,"Arrange 10 3×3 droplets in an array starting at (60, 15), with a gap of 13. Then generate another 10 2×3 droplets, each with an edge-to-edge gap of 8 on the right side of its corresponding droplet, and merge each pair."
ours/batch-merge-case20-run1.txt,"Arrange 10 3×3 droplets in an array starting at (60, 15), with a gap of 13. Then generate another 10 2×3 droplets, each with an edge-to-edge gap of 8 on the right side of its corresponding droplet, and merge each pair."
ours/batch-merge-case20-run2.gif,"Arrange 10 3×3 droplets in an array starting at (60, 15), with a gap of 13. Then generate another 10 2×3 droplets, each with an edge-to-edge gap of 8 on the right side of its corresponding droplet, and merge each pair."
ours/batch-merge-case20-run2.json,"Arrange 10 3×3 droplets in an array starting at (60, 15), with a gap of 13. Then generate another 10 2×3 droplets, each with an edge-to-edge gap of 8 on the right side of its corresponding droplet, and merge each pair."
ours/batch-merge-case20-run2.txt,"Arrange 10 3×3 droplets in an array starting at (60, 15), with a gap of 13. Then generate another 10 2×3 droplets, each with an edge-to-edge gap of 8 on the right side of its corresponding droplet, and merge each pair."
ours/batch-merge-case20-run3.gif,"Arrange 10 3×3 droplets in an array starting at (60, 15), with a gap of 13. Then generate another 10 2×3 droplets, each with an edge-to-edge gap of 8 on the right side of its corresponding droplet, and merge each pair."
ours/batch-merge-case20-run3.json,"Arrange 10 3×3 droplets in an array starting at (60, 15), with a gap of 13. Then generate another 10 2×3 droplets, each with an edge-to-edge gap of 8 on the right side of its corresponding droplet, and merge each pair."
ours/batch-merge-case20-run3.txt,"Arrange 10 3×3 droplets in an array starting at (60, 15), with a gap of 13. Then generate another 10 2×3 droplets, each with an edge-to-edge gap of 8 on the right side of its corresponding droplet, and merge each pair."
ours/batch-merge-case20-run4.gif,"Arrange 10 3×3 droplets in an array starting at (60, 15), with a gap of 13. Then generate another 10 2×3 droplets, each with an edge-to-edge gap of 8 on the right side of its corresponding droplet, and merge each pair."
ours/batch-merge-case20-run4.json,"Arrange 10 3×3 droplets in an array starting at (60, 15), with a gap of 13. Then generate another 10 2×3 droplets, each with an edge-to-edge gap of 8 on the right side of its corresponding droplet, and merge each pair."
ours/batch-merge-case20-run4.txt,"Arrange 10 3×3 droplets in an array starting at (60, 15), with a gap of 13. Then generate another 10 2×3 droplets, each with an edge-to-edge gap of 8 on the right side of its corresponding droplet, and merge each pair."
ours/batch-merge-case20-run5.gif,"Arrange 10 3×3 droplets in an array starting at (60, 15), with a gap of 13. Then generate another 10 2×3 droplets, each with an edge-to-edge gap of 8 on the right side of its corresponding droplet, and merge each pair."
ours/batch-merge-case20-run5.json,"Arrange 10 3×3 droplets in an array starting at (60, 15), with a gap of 13. Then generate another 10 2×3 droplets, each with an edge-to-edge gap of 8 on the right side of its corresponding droplet, and merge each pair."
ours/batch-merge-case20-run5.txt,"Arrange 10 3×3 droplets in an array starting at (60, 15), with a gap of 13. Then generate another 10 2×3 droplets, each with an edge-to-edge gap of 8 on the right side of its corresponding droplet, and merge each pair."
ours/batch-mix-case26-run1.gif,"Arrange 16 3×3 droplets in an array starting at (30, 30), with a gap of 5, and add a mixing step with a duration of 2 to each droplet."
ours/batch-mix-case26-run1.json,"Arrange 16 3×3 droplets in an array starting at (30, 30), with a gap of 5, and add a mixing step with a duration of 2 to each droplet."
ours/batch-mix-case26-run1.txt,"Arrange 16 3×3 droplets in an array starting at (30, 30), with a gap of 5, and add a mixing step with a duration of 2 to each droplet."
ours/batch-mix-case26-run2.gif,"Arrange 16 3×3 droplets in an array starting at (30, 30), with a gap of 5, and add a mixing step with a duration of 2 to each droplet."
ours/batch-mix-case26-run2.json,"Arrange 16 3×3 droplets in an array starting at (30, 30), with a gap of 5, and add a mixing step with a duration of 2 to each droplet."
ours/batch-mix-case26-run2.txt,"Arrange 16 3×3 droplets in an array starting at (30, 30), with a gap of 5, and add a mixing step with a duration of 2 to each droplet."
ours/batch-mix-case26-run3.gif,"Arrange 16 3×3 droplets in an array starting at (30, 30), with a gap of 5, and add a mixing step with a duration of 2 to each droplet."
ours/batch-mix-case26-run3.json,"Arrange 16 3×3 droplets in an array starting at (30, 30), with a gap of 5, and add a mixing step with a duration of 2 to each droplet."
ours/batch-mix-case26-run3.txt,"Arrange 16 3×3 droplets in an array starting at (30, 30), with a gap of 5, and add a mixing step with a duration of 2 to each droplet."
ours/batch-mix-case26-run4.gif,"Arrange 16 3×3 droplets in an array starting at (30, 30), with a gap of 5, and add a mixing step with a duration of 2 to each droplet."
ours/batch-mix-case26-run4.json,"Arrange 16 3×3 droplets in an array starting at (30, 30), with a gap of 5, and add a mixing step with a duration of 2 to each droplet."
ours/batch-mix-case26-run4.txt,"Arrange 16 3×3 droplets in an array starting at (30, 30), with a gap of 5, and add a mixing step with a duration of 2 to each droplet."
ours/batch-mix-case26-run5.gif,"Arrange 16 3×3 droplets in an array starting at (30, 30), with a gap of 5, and add a mixing step with a duration of 2 to each droplet."
ours/batch-mix-case26-run5.json,"Arrange 16 3×3 droplets in an array starting at (30, 30), with a gap of 5, and add a mixing step with a duration of 2 to each droplet."
ours/batch-mix-case26-run5.txt,"Arrange 16 3×3 droplets in an array starting at (30, 30), with a gap of 5, and add a mixing step with a duration of 2 to each droplet."
ours/batch-mix-case27-run1.gif,"Arrange 32 2×2 droplets in an array starting at (44, 44), with a gap of 4, and add a mixing step with a duration of 3 to each droplet."
ours/batch-mix-case27-run1.json,"Arrange 32 2×2 droplets in an array starting at (44, 44), with a gap of 4, and add a mixing step with a duration of 3 to each droplet."
ours/batch-mix-case27-run1.txt,"Arrange 32 2×2 droplets in an array starting at (44, 44), with a gap of 4, and add a mixing step with a duration of 3 to each droplet."
ours/batch-mix-case27-run2.gif,"Arrange 32 2×2 droplets in an array starting at (44, 44), with a gap of 4, and add a mixing step with a duration of 3 to each droplet."
ours/batch-mix-case27-run2.json,"Arrange 32 2×2 droplets in an array starting at (44, 44), with a gap of 4, and add a mixing step with a duration of 3 to each droplet."
ours/batch-mix-case27-run2.txt,"Arrange 32 2×2 droplets in an array starting at (44, 44), with a gap of 4, and add a mixing step with a duration of 3 to each droplet."
ours/batch-mix-case27-run3.gif,"Arrange 32 2×2 droplets in an array starting at (44, 44), with a gap of 4, and add a mixing step with a duration of 3 to each droplet."
ours/batch-mix-case27-run3.json,"Arrange 32 2×2 droplets in an array starting at (44, 44), with a gap of 4, and add a mixing step with a duration of 3 to each droplet."
ours/batch-mix-case27-run3.txt,"Arrange 32 2×2 droplets in an array starting at (44, 44), with a gap of 4, and add a mixing step with a duration of 3 to each droplet."
ours/batch-mix-case27-run4.gif,"Arrange 32 2×2 droplets in an array starting at (44, 44), with a gap of 4, and add a mixing step with a duration of 3 to each droplet."
ours/batch-mix-case27-run4.json,"Arrange 32 2×2 droplets in an array starting at (44, 44), with a gap of 4, and add a mixing step with a duration of 3 to each droplet."
ours/batch-mix-case27-run4.txt,"Arrange 32 2×2 droplets in an array starting at (44, 44), with a gap of 4, and add a mixing step with a duration of 3 to each droplet."
ours/batch-mix-case27-run5.gif,"Arrange 32 2×2 droplets in an array starting at (44, 44), with a gap of 4, and add a mixing step with a duration of 3 to each droplet."
ours/batch-mix-case27-run5.json,"Arrange 32 2×2 droplets in an array starting at (44, 44), with a gap of 4, and add a mixing step with a duration of 3 to each droplet."
ours/batch-mix-case27-run5.txt,"Arrange 32 2×2 droplets in an array starting at (44, 44), with a gap of 4, and add a mixing step with a duration of 3 to each droplet."
ours/batch-mix-case28-run1.gif,"Arrange 8 5×5 droplets in an array starting at (40, 30), with a gap of 8, and add a mixing step with a duration of 4 to each droplet."
ours/batch-mix-case28-run1.json,"Arrange 8 5×5 droplets in an array starting at (40, 30), with a gap of 8, and add a mixing step with a duration of 4 to each droplet."
ours/batch-mix-case28-run1.txt,"Arrange 8 5×5 droplets in an array starting at (40, 30), with a gap of 8, and add a mixing step with a duration of 4 to each droplet."
ours/batch-mix-case28-run2.gif,"Arrange 8 5×5 droplets in an array starting at (40, 30), with a gap of 8, and add a mixing step with a duration of 4 to each droplet."
ours/batch-mix-case28-run2.json,"Arrange 8 5×5 droplets in an array starting at (40, 30), with a gap of 8, and add a mixing step with a duration of 4 to each droplet."
ours/batch-mix-case28-run2.txt,"Arrange 8 5×5 droplets in an array starting at (40, 30), with a gap of 8, and add a mixing step with a duration of 4 to each droplet."
ours/batch-mix-case28-run3.gif,"Arrange 8 5×5 droplets in an array starting at (40, 30), with a gap of 8, and add a mixing step with a duration of 4 to each droplet."
ours/batch-mix-case28-run3.json,"Arrange 8 5×5 droplets in an array starting at (40, 30), with a gap of 8, and add a mixing step with a duration of 4 to each droplet."
ours/batch-mix-case28-run3.txt,"Arrange 8 5×5 droplets in an array starting at (40, 30), with a gap of 8, and add a mixing step with a duration of 4 to each droplet."
ours/batch-mix-case28-run4.gif,"Arrange 8 5×5 droplets in an array starting at (40, 30), with a gap of 8, and add a mixing step with a duration of 4 to each droplet."
ours/batch-mix-case28-run4.json,"Arrange 8 5×5 droplets in an array starting at (40, 30), with a gap of 8, and add a mixing step with a duration of 4 to each droplet."
ours/batch-mix-case28-run4.txt,"Arrange 8 5×5 droplets in an array starting at (40, 30), with a gap of 8, and add a mixing step with a duration of 4 to each droplet."
ours/batch-mix-case28-run5.gif,"Arrange 8 5×5 droplets in an array starting at (40, 30), with a gap of 8, and add a mixing step with a duration of 4 to each droplet."
ours/batch-mix-case28-run5.json,"Arrange 8 5×5 droplets in an array starting at (40, 30), with a gap of 8, and add a mixing step with a duration of 4 to each droplet."
ours/batch-mix-case28-run5.txt,"Arrange 8 5×5 droplets in an array starting at (40, 30), with a gap of 8, and add a mixing step with a duration of 4 to each droplet."
ours/batch-mix-case29-run1.gif,"Arrange 16 2×3 droplets in an array starting at (20, 20), with a gap of 5, and add a mixing step with a duration of 5 to each droplet."
ours/batch-mix-case29-run1.json,"Arrange 16 2×3 droplets in an array starting at (20, 20), with a gap of 5, and add a mixing step with a duration of 5 to each droplet."
ours/batch-mix-case29-run1.txt,"Arrange 16 2×3 droplets in an array starting at (20, 20), with a gap of 5, and add a mixing step with a duration of 5 to each droplet."
ours/batch-mix-case29-run2.gif,"Arrange 16 2×3 droplets in an array starting at (20, 20), with a gap of 5, and add a mixing step with a duration of 5 to each droplet."
ours/batch-mix-case29-run2.json,"Arrange 16 2×3 droplets in an array starting at (20, 20), with a gap of 5, and add a mixing step with a duration of 5 to each droplet."
ours/batch-mix-case29-run2.txt,"Arrange 16 2×3 droplets in an array starting at (20, 20), with a gap of 5, and add a mixing step with a duration of 5 to each droplet."
ours/batch-mix-case29-run3.gif,"Arrange 16 2×3 droplets in an array starting at (20, 20), with a gap of 5, and add a mixing step with a duration of 5 to each droplet."
ours/batch-mix-case29-run3.json,"Arrange 16 2×3 droplets in an array starting at (20, 20), with a gap of 5, and add a mixing step with a duration of 5 to each droplet."
ours/batch-mix-case29-run3.txt,"Arrange 16 2×3 droplets in an array starting at (20, 20), with a gap of 5, and add a mixing step with a duration of 5 to each droplet."
ours/batch-mix-case29-run4.gif,"Arrange 16 2×3 droplets in an array starting at (20, 20), with a gap of 5, and add a mixing step with a duration of 5 to each droplet."
ours/batch-mix-case29-run4.json,"Arrange 16 2×3 droplets in an array starting at (20, 20), with a gap of 5, and add a mixing step with a duration of 5 to each droplet."
ours/batch-mix-case29-run4.txt,"Arrange 16 2×3 droplets in an array starting at (20, 20), with a gap of 5, and add a mixing step with a duration of 5 to each droplet."
ours/batch-mix-case29-run5.gif,"Arrange 16 2×3 droplets in an array starting at (20, 20), with a gap of 5, and add a mixing step with a duration of 5 to each droplet."
ours/batch-mix-case29-run5.json,"Arrange 16 2×3 droplets in an array starting at (20, 20), with a gap of 5, and add a mixing step with a duration of 5 to each droplet."
ours/batch-mix-case29-run5.txt,"Arrange 16 2×3 droplets in an array starting at (20, 20), with a gap of 5, and add a mixing step with a duration of 5 to each droplet."
ours/batch-mix-case30-run1.gif,"Arrange 8 4×4 droplets in an array starting at (30, 30), with a gap of 8, and add a mixing step with a duration of 3 to each droplet."
ours/batch-mix-case30-run1.json,"Arrange 8 4×4 droplets in an array starting at (30, 30), with a gap of 8, and add a mixing step with a duration of 3 to each droplet."
ours/batch-mix-case30-run1.txt,"Arrange 8 4×4 droplets in an array starting at (30, 30), with a gap of 8, and add a mixing step with a duration of 3 to each droplet."
ours/batch-mix-case30-run2.gif,"Arrange 8 4×4 droplets in an array starting at (30, 30), with a gap of 8, and add a mixing step with a duration of 3 to each droplet."
ours/batch-mix-case30-run2.json,"Arrange 8 4×4 droplets in an array starting at (30, 30), with a gap of 8, and add a mixing step with a duration of 3 to each droplet."
ours/batch-mix-case30-run2.txt,"Arrange 8 4×4 droplets in an array starting at (30, 30), with a gap of 8, and add a mixing step with a duration of 3 to each droplet."
ours/batch-mix-case30-run3.gif,"Arrange 8 4×4 droplets in an array starting at (30, 30), with a gap of 8, and add a mixing step with a duration of 3 to each droplet."
ours/batch-mix-case30-run3.json,"Arrange 8 4×4 droplets in an array starting at (30, 30), with a gap of 8, and add a mixing step with a duration of 3 to each droplet."
ours/batch-mix-case30-run3.txt,"Arrange 8 4×4 droplets in an array starting at (30, 30), with a gap of 8, and add a mixing step with a duration of 3 to each droplet."
ours/batch-mix-case30-run4.gif,"Arrange 8 4×4 droplets in an array starting at (30, 30), with a gap of 8, and add a mixing step with a duration of 3 to each droplet."
ours/batch-mix-case30-run4.json,"Arrange 8 4×4 droplets in an array starting at (30, 30), with a gap of 8, and add a mixing step with a duration of 3 to each droplet."
ours/batch-mix-case30-run4.txt,"Arrange 8 4×4 droplets in an array starting at (30, 30), with a gap of 8, and add a mixing step with a duration of 3 to each droplet."
ours/batch-mix-case30-run5.gif,"Arrange 8 4×4 droplets in an array starting at (30, 30), with a gap of 8, and add a mixing step with a duration of 3 to each droplet."
ours/batch-mix-case30-run5.json,"Arrange 8 4×4 droplets in an array starting at (30, 30), with a gap of 8, and add a mixing step with a duration of 3 to each droplet."
ours/batch-mix-case30-run5.txt,"Arrange 8 4×4 droplets in an array starting at (30, 30), with a gap of 8, and add a mixing step with a duration of 3 to each droplet."
ours/batch-move-case36-run1.gif,"Arrange 16 3×3 droplets in an array starting at (40, 40), with a gap of 5, and move all 16 droplets downward by 10 grid cells."
ours/batch-move-case36-run1.json,"Arrange 16 3×3 droplets in an array starting at (40, 40), with a gap of 5, and move all 16 droplets downward by 10 grid cells."
ours/batch-move-case36-run1.txt,"Arrange 16 3×3 droplets in an array starting at (40, 40), with a gap of 5, and move all 16 droplets downward by 10 grid cells."
ours/batch-move-case36-run2.gif,"Arrange 16 3×3 droplets in an array starting at (40, 40), with a gap of 5, and move all 16 droplets downward by 10 grid cells."
ours/batch-move-case36-run2.json,"Arrange 16 3×3 droplets in an array starting at (40, 40), with a gap of 5, and move all 16 droplets downward by 10 grid cells."
ours/batch-move-case36-run2.txt,"Arrange 16 3×3 droplets in an array starting at (40, 40), with a gap of 5, and move all 16 droplets downward by 10 grid cells."
ours/batch-move-case36-run3.gif,"Arrange 16 3×3 droplets in an array starting at (40, 40), with a gap of 5, and move all 16 droplets downward by 10 grid cells."
ours/batch-move-case36-run3.json,"Arrange 16 3×3 droplets in an array starting at (40, 40), with a gap of 5, and move all 16 droplets downward by 10 grid cells."
ours/batch-move-case36-run3.txt,"Arrange 16 3×3 droplets in an array starting at (40, 40), with a gap of 5, and move all 16 droplets downward by 10 grid cells."
ours/batch-move-case36-run4.gif,"Arrange 16 3×3 droplets in an array starting at (40, 40), with a gap of 5, and move all 16 droplets downward by 10 grid cells."
ours/batch-move-case36-run4.json,"Arrange 16 3×3 droplets in an array starting at (40, 40), with a gap of 5, and move all 16 droplets downward by 10 grid cells."
ours/batch-move-case36-run4.txt,"Arrange 16 3×3 droplets in an array starting at (40, 40), with a gap of 5, and move all 16 droplets downward by 10 grid cells."
ours/batch-move-case36-run5.gif,"Arrange 16 3×3 droplets in an array starting at (40, 40), with a gap of 5, and move all 16 droplets downward by 10 grid cells."
ours/batch-move-case36-run5.json,"Arrange 16 3×3 droplets in an array starting at (40, 40), with a gap of 5, and move all 16 droplets downward by 10 grid cells."
ours/batch-move-case36-run5.txt,"Arrange 16 3×3 droplets in an array starting at (40, 40), with a gap of 5, and move all 16 droplets downward by 10 grid cells."
ours/batch-move-case37-run1.gif,"Arrange 12 2×2 droplets in an array starting at (50, 50), with a gap of 4, and move all 12 droplets to the right by 15 grid cells."
ours/batch-move-case37-run1.json,"Arrange 12 2×2 droplets in an array starting at (50, 50), with a gap of 4, and move all 12 droplets to the right by 15 grid cells."
ours/batch-move-case37-run1.txt,"Arrange 12 2×2 droplets in an array starting at (50, 50), with a gap of 4, and move all 12 droplets to the right by 15 grid cells."
ours/batch-move-case37-run2.gif,"Arrange 12 2×2 droplets in an array starting at (50, 50), with a gap of 4, and move all 12 droplets to the right by 15 grid cells."
ours/batch-move-case37-run2.json,"Arrange 12 2×2 droplets in an array starting at (50, 50), with a gap of 4, and move all 12 droplets to the right by 15 grid cells."
ours/batch-move-case37-run2.txt,"Arrange 12 2×2 droplets in an array starting at (50, 50), with a gap of 4, and move all 12 droplets to the right by 15 grid cells."
ours/batch-move-case37-run3.gif,"Arrange 12 2×2 droplets in an array starting at (50, 50), with a gap of 4, and move all 12 droplets to the right by 15 grid cells."
ours/batch-move-case37-run3.json,"Arrange 12 2×2 droplets in an array starting at (50, 50), with a gap of 4, and move all 12 droplets to the right by 15 grid cells."
ours/batch-move-case37-run3.txt,"Arrange 12 2×2 droplets in an array starting at (50, 50), with a gap of 4, and move all 12 droplets to the right by 15 grid cells."
ours/batch-move-case37-run4.gif,"Arrange 12 2×2 droplets in an array starting at (50, 50), with a gap of 4, and move all 12 droplets to the right by 15 grid cells."
ours/batch-move-case37-run4.json,"Arrange 12 2×2 droplets in an array starting at (50, 50), with a gap of 4, and move all 12 droplets to the right by 15 grid cells."
ours/batch-move-case37-run4.txt,"Arrange 12 2×2 droplets in an array starting at (50, 50), with a gap of 4, and move all 12 droplets to the right by 15 grid cells."
ours/batch-move-case37-run5.gif,"Arrange 12 2×2 droplets in an array starting at (50, 50), with a gap of 4, and move all 12 droplets to the right by 15 grid cells."
ours/batch-move-case37-run5.json,"Arrange 12 2×2 droplets in an array starting at (50, 50), with a gap of 4, and move all 12 droplets to the right by 15 grid cells."
ours/batch-move-case37-run5.txt,"Arrange 12 2×2 droplets in an array starting at (50, 50), with a gap of 4, and move all 12 droplets to the right by 15 grid cells."
ours/batch-move-case38-run1.gif,"Arrange 8 5×5 droplets in an array starting at (40, 30), with a gap of 8, and move all 8 droplets upward by 20 grid cells."
ours/batch-move-case38-run1.json,"Arrange 8 5×5 droplets in an array starting at (40, 30), with a gap of 8, and move all 8 droplets upward by 20 grid cells."
ours/batch-move-case38-run1.txt,"Arrange 8 5×5 droplets in an array starting at (40, 30), with a gap of 8, and move all 8 droplets upward by 20 grid cells."
ours/batch-move-case38-run2.gif,"Arrange 8 5×5 droplets in an array starting at (40, 30), with a gap of 8, and move all 8 droplets upward by 20 grid cells."
ours/batch-move-case38-run2.json,"Arrange 8 5×5 droplets in an array starting at (40, 30), with a gap of 8, and move all 8 droplets upward by 20 grid cells."
ours/batch-move-case38-run2.txt,"Arrange 8 5×5 droplets in an array starting at (40, 30), with a gap of 8, and move all 8 droplets upward by 20 grid cells."
ours/batch-move-case38-run3.gif,"Arrange 8 5×5 droplets in an array starting at (40, 30), with a gap of 8, and move all 8 droplets upward by 20 grid cells."
ours/batch-move-case38-run3.json,"Arrange 8 5×5 droplets in an array starting at (40, 30), with a gap of 8, and move all 8 droplets upward by 20 grid cells."
ours/batch-move-case38-run3.txt,"Arrange 8 5×5 droplets in an array starting at (40, 30), with a gap of 8, and move all 8 droplets upward by 20 grid cells."
ours/batch-move-case38-run4.gif,"Arrange 8 5×5 droplets in an array starting at (40, 30), with a gap of 8, and move all 8 droplets upward by 20 grid cells."
ours/batch-move-case38-run4.json,"Arrange 8 5×5 droplets in an array starting at (40, 30), with a gap of 8, and move all 8 droplets upward by 20 grid cells."
ours/batch-move-case38-run4.txt,"Arrange 8 5×5 droplets in an array starting at (40, 30), with a gap of 8, and move all 8 droplets upward by 20 grid cells."
ours/batch-move-case38-run5.gif,"Arrange 8 5×5 droplets in an array starting at (40, 30), with a gap of 8, and move all 8 droplets upward by 20 grid cells."
ours/batch-move-case38-run5.json,"Arrange 8 5×5 droplets in an array starting at (40, 30), with a gap of 8, and move all 8 droplets upward by 20 grid cells."
ours/batch-move-case38-run5.txt,"Arrange 8 5×5 droplets in an array starting at (40, 30), with a gap of 8, and move all 8 droplets upward by 20 grid cells."
ours/batch-move-case39-run1.gif,"Move the 8 2×2 droplets located at (90, 30), (90, 36), (90, 42), (96, 30), (96, 36), (96, 42), (102, 30), and (102, 36) downward by 25 grid cells as a group."
ours/batch-move-case39-run1.json,"Move the 8 2×2 droplets located at (90, 30), (90, 36), (90, 42), (96, 30), (96, 36), (96, 42), (102, 30), and (102, 36) downward by 25 grid cells as a group."
ours/batch-move-case39-run1.txt,"Move the 8 2×2 droplets located at (90, 30), (90, 36), (90, 42), (96, 30), (96, 36), (96, 42), (102, 30), and (102, 36) downward by 25 grid cells as a group."
ours/batch-move-case39-run2.gif,"Move the 8 2×2 droplets located at (90, 30), (90, 36), (90, 42), (96, 30), (96, 36), (96, 42), (102, 30), and (102, 36) downward by 25 grid cells as a group."
ours/batch-move-case39-run2.json,"Move the 8 2×2 droplets located at (90, 30), (90, 36), (90, 42), (96, 30), (96, 36), (96, 42), (102, 30), and (102, 36) downward by 25 grid cells as a group."
ours/batch-move-case39-run2.txt,"Move the 8 2×2 droplets located at (90, 30), (90, 36), (90, 42), (96, 30), (96, 36), (96, 42), (102, 30), and (102, 36) downward by 25 grid cells as a group."
ours/batch-move-case39-run3.gif,"Move the 8 2×2 droplets located at (90, 30), (90, 36), (90, 42), (96, 30), (96, 36), (96, 42), (102, 30), and (102, 36) downward by 25 grid cells as a group."
ours/batch-move-case39-run3.json,"Move the 8 2×2 droplets located at (90, 30), (90, 36), (90, 42), (96, 30), (96, 36), (96, 42), (102, 30), and (102, 36) downward by 25 grid cells as a group."
ours/batch-move-case39-run3.txt,"Move the 8 2×2 droplets located at (90, 30), (90, 36), (90, 42), (96, 30), (96, 36), (96, 42), (102, 30), and (102, 36) downward by 25 grid cells as a group."
ours/batch-move-case39-run4.gif,"Move the 8 2×2 droplets located at (90, 30), (90, 36), (90, 42), (96, 30), (96, 36), (96, 42), (102, 30), and (102, 36) downward by 25 grid cells as a group."
ours/batch-move-case39-run4.json,"Move the 8 2×2 droplets located at (90, 30), (90, 36), (90, 42), (96, 30), (96, 36), (96, 42), (102, 30), and (102, 36) downward by 25 grid cells as a group."
ours/batch-move-case39-run4.txt,"Move the 8 2×2 droplets located at (90, 30), (90, 36), (90, 42), (96, 30), (96, 36), (96, 42), (102, 30), and (102, 36) downward by 25 grid cells as a group."
ours/batch-move-case39-run5.gif,"Move the 8 2×2 droplets located at (90, 30), (90, 36), (90, 42), (96, 30), (96, 36), (96, 42), (102, 30), and (102, 36) downward by 25 grid cells as a group."
ours/batch-move-case39-run5.json,"Move the 8 2×2 droplets located at (90, 30), (90, 36), (90, 42), (96, 30), (96, 36), (96, 42), (102, 30), and (102, 36) downward by 25 grid cells as a group."
ours/batch-move-case39-run5.txt,"Move the 8 2×2 droplets located at (90, 30), (90, 36), (90, 42), (96, 30), (96, 36), (96, 42), (102, 30), and (102, 36) downward by 25 grid cells as a group."
ours/batch-move-case40-run1.gif,"Move the 9 2×2 droplets located at (60, 20), (66, 20), (72, 20), (60, 26), (66, 26), (72, 26), (60, 32), (66, 32), and (72, 32) to the right by 30 grid cells as a group."
ours/batch-move-case40-run1.json,"Move the 9 2×2 droplets located at (60, 20), (66, 20), (72, 20), (60, 26), (66, 26), (72, 26), (60, 32), (66, 32), and (72, 32) to the right by 30 grid cells as a group."
ours/batch-move-case40-run1.txt,"Move the 9 2×2 droplets located at (60, 20), (66, 20), (72, 20), (60, 26), (66, 26), (72, 26), (60, 32), (66, 32), and (72, 32) to the right by 30 grid cells as a group."
ours/batch-move-case40-run2.gif,"Move the 9 2×2 droplets located at (60, 20), (66, 20), (72, 20), (60, 26), (66, 26), (72, 26), (60, 32), (66, 32), and (72, 32) to the right by 30 grid cells as a group."
ours/batch-move-case40-run2.json,"Move the 9 2×2 droplets located at (60, 20), (66, 20), (72, 20), (60, 26), (66, 26), (72, 26), (60, 32), (66, 32), and (72, 32) to the right by 30 grid cells as a group."
ours/batch-move-case40-run2.txt,"Move the 9 2×2 droplets located at (60, 20), (66, 20), (72, 20), (60, 26), (66, 26), (72, 26), (60, 32), (66, 32), and (72, 32) to the right by 30 grid cells as a group."
ours/batch-move-case40-run3.gif,"Move the 9 2×2 droplets located at (60, 20), (66, 20), (72, 20), (60, 26), (66, 26), (72, 26), (60, 32), (66, 32), and (72, 32) to the right by 30 grid cells as a group."
ours/batch-move-case40-run3.json,"Move the 9 2×2 droplets located at (60, 20), (66, 20), (72, 20), (60, 26), (66, 26), (72, 26), (60, 32), (66, 32), and (72, 32) to the right by 30 grid cells as a group."
ours/batch-move-case40-run3.txt,"Move the 9 2×2 droplets located at (60, 20), (66, 20), (72, 20), (60, 26), (66, 26), (72, 26), (60, 32), (66, 32), and (72, 32) to the right by 30 grid cells as a group."
ours/batch-move-case40-run4.gif,"Move the 9 2×2 droplets located at (60, 20), (66, 20), (72, 20), (60, 26), (66, 26), (72, 26), (60, 32), (66, 32), and (72, 32) to the right by 30 grid cells as a group."
ours/batch-move-case40-run4.json,"Move the 9 2×2 droplets located at (60, 20), (66, 20), (72, 20), (60, 26), (66, 26), (72, 26), (60, 32), (66, 32), and (72, 32) to the right by 30 grid cells as a group."
ours/batch-move-case40-run4.txt,"Move the 9 2×2 droplets located at (60, 20), (66, 20), (72, 20), (60, 26), (66, 26), (72, 26), (60, 32), (66, 32), and (72, 32) to the right by 30 grid cells as a group."
ours/batch-move-case40-run5.gif,"Move the 9 2×2 droplets located at (60, 20), (66, 20), (72, 20), (60, 26), (66, 26), (72, 26), (60, 32), (66, 32), and (72, 32) to the right by 30 grid cells as a group."
ours/batch-move-case40-run5.json,"Move the 9 2×2 droplets located at (60, 20), (66, 20), (72, 20), (60, 26), (66, 26), (72, 26), (60, 32), (66, 32), and (72, 32) to the right by 30 grid cells as a group."
ours/batch-move-case40-run5.txt,"Move the 9 2×2 droplets located at (60, 20), (66, 20), (72, 20), (60, 26), (66, 26), (72, 26), (60, 32), (66, 32), and (72, 32) to the right by 30 grid cells as a group."
ours/batch-squeeze-case6-run1.gif,"Generate 16 1×1 droplets at (10, 10) by squeezing to the right."
ours/batch-squeeze-case6-run1.json,"Generate 16 1×1 droplets at (10, 10) by squeezing to the right."
ours/batch-squeeze-case6-run1.txt,"Generate 16 1×1 droplets at (10, 10) by squeezing to the right."
ours/batch-squeeze-case6-run2.gif,"Generate 16 1×1 droplets at (10, 10) by squeezing to the right."
ours/batch-squeeze-case6-run2.json,"Generate 16 1×1 droplets at (10, 10) by squeezing to the right."
ours/batch-squeeze-case6-run2.txt,"Generate 16 1×1 droplets at (10, 10) by squeezing to the right."
ours/batch-squeeze-case6-run3.gif,"Generate 16 1×1 droplets at (10, 10) by squeezing to the right."
ours/batch-squeeze-case6-run3.json,"Generate 16 1×1 droplets at (10, 10) by squeezing to the right."
ours/batch-squeeze-case6-run3.txt,"Generate 16 1×1 droplets at (10, 10) by squeezing to the right."
ours/batch-squeeze-case6-run4.gif,"Generate 16 1×1 droplets at (10, 10) by squeezing to the right."
ours/batch-squeeze-case6-run4.json,"Generate 16 1×1 droplets at (10, 10) by squeezing to the right."
ours/batch-squeeze-case6-run4.txt,"Generate 16 1×1 droplets at (10, 10) by squeezing to the right."
ours/batch-squeeze-case6-run5.gif,"Generate 16 1×1 droplets at (10, 10) by squeezing to the right."
ours/batch-squeeze-case6-run5.json,"Generate 16 1×1 droplets at (10, 10) by squeezing to the right."
ours/batch-squeeze-case6-run5.txt,"Generate 16 1×1 droplets at (10, 10) by squeezing to the right."
ours/batch-squeeze-case7-run1.gif,"Generate 6 2×2 droplets at (44, 100) by squeezing upward."
ours/batch-squeeze-case7-run1.json,"Generate 6 2×2 droplets at (44, 100) by squeezing upward."
ours/batch-squeeze-case7-run1.txt,"Generate 6 2×2 droplets at (44, 100) by squeezing upward."
ours/batch-squeeze-case7-run2.gif,"Generate 6 2×2 droplets at (44, 100) by squeezing upward."
ours/batch-squeeze-case7-run2.json,"Generate 6 2×2 droplets at (44, 100) by squeezing upward."
ours/batch-squeeze-case7-run2.txt,"Generate 6 2×2 droplets at (44, 100) by squeezing upward."
ours/batch-squeeze-case7-run3.gif,"Generate 6 2×2 droplets at (44, 100) by squeezing upward."
ours/batch-squeeze-case7-run3.json,"Generate 6 2×2 droplets at (44, 100) by squeezing upward."
ours/batch-squeeze-case7-run3.txt,"Generate 6 2×2 droplets at (44, 100) by squeezing upward."
ours/batch-squeeze-case7-run4.gif,"Generate 6 2×2 droplets at (44, 100) by squeezing upward."
ours/batch-squeeze-case7-run4.json,"Generate 6 2×2 droplets at (44, 100) by squeezing upward."
ours/batch-squeeze-case7-run4.txt,"Generate 6 2×2 droplets at (44, 100) by squeezing upward."
ours/batch-squeeze-case7-run5.gif,"Generate 6 2×2 droplets at (44, 100) by squeezing upward."
ours/batch-squeeze-case7-run5.json,"Generate 6 2×2 droplets at (44, 100) by squeezing upward."
ours/batch-squeeze-case7-run5.txt,"Generate 6 2×2 droplets at (44, 100) by squeezing upward."
ours/batch-squeeze-case8-run1.gif,"Generate 6 3×3 droplets at (117, 39) by squeezing to the left."
ours/batch-squeeze-case8-run1.json,"Generate 6 3×3 droplets at (117, 39) by squeezing to the left."
ours/batch-squeeze-case8-run1.txt,"Generate 6 3×3 droplets at (117, 39) by squeezing to the left."
ours/batch-squeeze-case8-run2.gif,"Generate 6 3×3 droplets at (117, 39) by squeezing to the left."
ours/batch-squeeze-case8-run2.json,"Generate 6 3×3 droplets at (117, 39) by squeezing to the left."
ours/batch-squeeze-case8-run2.txt,"Generate 6 3×3 droplets at (117, 39) by squeezing to the left."
ours/batch-squeeze-case8-run3.gif,"Generate 6 3×3 droplets at (117, 39) by squeezing to the left."
ours/batch-squeeze-case8-run3.json,"Generate 6 3×3 droplets at (117, 39) by squeezing to the left."
ours/batch-squeeze-case8-run3.txt,"Generate 6 3×3 droplets at (117, 39) by squeezing to the left."
ours/batch-squeeze-case8-run4.gif,"Generate 6 3×3 droplets at (117, 39) by squeezing to the left."
ours/batch-squeeze-case8-run4.json,"Generate 6 3×3 droplets at (117, 39) by squeezing to the left."
ours/batch-squeeze-case8-run4.txt,"Generate 6 3×3 droplets at (117, 39) by squeezing to the left."
ours/batch-squeeze-case8-run5.gif,"Generate 6 3×3 droplets at (117, 39) by squeezing to the left."
ours/batch-squeeze-case8-run5.json,"Generate 6 3×3 droplets at (117, 39) by squeezing to the left."
ours/batch-squeeze-case8-run5.txt,"Generate 6 3×3 droplets at (117, 39) by squeezing to the left."
ours/batch-squeeze-case9-run1.gif,"Generate 3 4×4 droplets at (64, 44) by squeezing downward."
ours/batch-squeeze-case9-run1.json,"Generate 3 4×4 droplets at (64, 44) by squeezing downward."
ours/batch-squeeze-case9-run1.txt,"Generate 3 4×4 droplets at (64, 44) by squeezing downward."
ours/batch-squeeze-case9-run2.gif,"Generate 3 4×4 droplets at (64, 44) by squeezing downward."
ours/batch-squeeze-case9-run2.json,"Generate 3 4×4 droplets at (64, 44) by squeezing downward."
ours/batch-squeeze-case9-run2.txt,"Generate 3 4×4 droplets at (64, 44) by squeezing downward."
ours/batch-squeeze-case9-run3.gif,"Generate 3 4×4 droplets at (64, 44) by squeezing downward."
ours/batch-squeeze-case9-run3.json,"Generate 3 4×4 droplets at (64, 44) by squeezing downward."
ours/batch-squeeze-case9-run3.txt,"Generate 3 4×4 droplets at (64, 44) by squeezing downward."
ours/batch-squeeze-case9-run4.gif,"Generate 3 4×4 droplets at (64, 44) by squeezing downward."
ours/batch-squeeze-case9-run4.json,"Generate 3 4×4 droplets at (64, 44) by squeezing downward."
ours/batch-squeeze-case9-run4.txt,"Generate 3 4×4 droplets at (64, 44) by squeezing downward."
ours/batch-squeeze-case9-run5.gif,"Generate 3 4×4 droplets at (64, 44) by squeezing downward."
ours/batch-squeeze-case9-run5.json,"Generate 3 4×4 droplets at (64, 44) by squeezing downward."
ours/batch-squeeze-case9-run5.txt,"Generate 3 4×4 droplets at (64, 44) by squeezing downward."
ours/batch-squeeze-case10-run1.gif,"Generate 2 5×5 droplets at (100, 85) by squeezing to the left."
ours/batch-squeeze-case10-run1.json,"Generate 2 5×5 droplets at (100, 85) by squeezing to the left."
ours/batch-squeeze-case10-run1.txt,"Generate 2 5×5 droplets at (100, 85) by squeezing to the left."
ours/batch-squeeze-case10-run2.json,"Generate 2 5×5 droplets at (100, 85) by squeezing to the left."
ours/batch-squeeze-case10-run3.gif,"Generate 2 5×5 droplets at (100, 85) by squeezing to the left."
ours/batch-squeeze-case10-run3.json,"Generate 2 5×5 droplets at (100, 85) by squeezing to the left."
ours/batch-squeeze-case10-run3.txt,"Generate 2 5×5 droplets at (100, 85) by squeezing to the left."
ours/batch-squeeze-case10-run4.gif,"Generate 2 5×5 droplets at (100, 85) by squeezing to the left."
ours/batch-squeeze-case10-run4.json,"Generate 2 5×5 droplets at (100, 85) by squeezing to the left."
ours/batch-squeeze-case10-run4.txt,"Generate 2 5×5 droplets at (100, 85) by squeezing to the left."
ours/batch-squeeze-case10-run5.gif,"Generate 2 5×5 droplets at (100, 85) by squeezing to the left."
ours/batch-squeeze-case10-run5.json,"Generate 2 5×5 droplets at (100, 85) by squeezing to the left."
ours/batch-squeeze-case10-run5.txt,"Generate 2 5×5 droplets at (100, 85) by squeezing to the left."
ours/merge-case11-run1.gif,"Merge the 1×1 droplet located at (10, 10) with the 1×1 droplet located at (10, 15)."
ours/merge-case11-run1.json,"Merge the 1×1 droplet located at (10, 10) with the 1×1 droplet located at (10, 15)."
ours/merge-case11-run1.txt,"Merge the 1×1 droplet located at (10, 10) with the 1×1 droplet located at (10, 15)."
ours/merge-case11-run2.gif,"Merge the 1×1 droplet located at (10, 10) with the 1×1 droplet located at (10, 15)."
ours/merge-case11-run2.json,"Merge the 1×1 droplet located at (10, 10) with the 1×1 droplet located at (10, 15)."
ours/merge-case11-run2.txt,"Merge the 1×1 droplet located at (10, 10) with the 1×1 droplet located at (10, 15)."
ours/merge-case11-run3.gif,"Merge the 1×1 droplet located at (10, 10) with the 1×1 droplet located at (10, 15)."
ours/merge-case11-run3.json,"Merge the 1×1 droplet located at (10, 10) with the 1×1 droplet located at (10, 15)."
ours/merge-case11-run3.txt,"Merge the 1×1 droplet located at (10, 10) with the 1×1 droplet located at (10, 15)."
ours/merge-case11-run4.gif,"Merge the 1×1 droplet located at (10, 10) with the 1×1 droplet located at (10, 15)."
ours/merge-case11-run4.json,"Merge the 1×1 droplet located at (10, 10) with the 1×1 droplet located at (10, 15)."
ours/merge-case11-run4.txt,"Merge the 1×1 droplet located at (10, 10) with the 1×1 droplet located at (10, 15)."
ours/merge-case11-run5.gif,"Merge the 1×1 droplet located at (10, 10) with the 1×1 droplet located at (10, 15)."
ours/merge-case11-run5.json,"Merge the 1×1 droplet located at (10, 10) with the 1×1 droplet located at (10, 15)."
ours/merge-case11-run5.txt,"Merge the 1×1 droplet located at (10, 10) with the 1×1 droplet located at (10, 15)."
ours/merge-case12-run1.gif,"Merge the 2×3 droplet located at (90, 15) with the 3×3 droplet located at (97, 15)."
ours/merge-case12-run1.json,"Merge the 2×3 droplet located at (90, 15) with the 3×3 droplet located at (97, 15)."
ours/merge-case12-run1.txt,"Merge the 2×3 droplet located at (90, 15) with the 3×3 droplet located at (97, 15)."
ours/merge-case12-run2.gif,"Merge the 2×3 droplet located at (90, 15) with the 3×3 droplet located at (97, 15)."
ours/merge-case12-run2.json,"Merge the 2×3 droplet located at (90, 15) with the 3×3 droplet located at (97, 15)."
ours/merge-case12-run2.txt,"Merge the 2×3 droplet located at (90, 15) with the 3×3 droplet located at (97, 15)."
ours/merge-case12-run3.gif,"Merge the 2×3 droplet located at (90, 15) with the 3×3 droplet located at (97, 15)."
ours/merge-case12-run3.json,"Merge the 2×3 droplet located at (90, 15) with the 3×3 droplet located at (97, 15)."
ours/merge-case12-run3.txt,"Merge the 2×3 droplet located at (90, 15) with the 3×3 droplet located at (97, 15)."
ours/merge-case12-run4.gif,"Merge the 2×3 droplet located at (90, 15) with the 3×3 droplet located at (97, 15)."
ours/merge-case12-run4.json,"Merge the 2×3 droplet located at (90, 15) with the 3×3 droplet located at (97, 15)."
ours/merge-case12-run4.txt,"Merge the 2×3 droplet located at (90, 15) with the 3×3 droplet located at (97, 15)."
ours/merge-case12-run5.gif,"Merge the 2×3 droplet located at (90, 15) with the 3×3 droplet located at (97, 15)."
ours/merge-case12-run5.json,"Merge the 2×3 droplet located at (90, 15) with the 3×3 droplet located at (97, 15)."
ours/merge-case12-run5.txt,"Merge the 2×3 droplet located at (90, 15) with the 3×3 droplet located at (97, 15)."
ours/merge-case13-run1.gif,"Merge the 4×3 droplet located at (15, 100) with the 4×2 droplet located at (15, 90)."
ours/merge-case13-run1.json,"Merge the 4×3 droplet located at (15, 100) with the 4×2 droplet located at (15, 90)."
ours/merge-case13-run1.txt,"Merge the 4×3 droplet located at (15, 100) with the 4×2 droplet located at (15, 90)."
ours/merge-case13-run2.gif,"Merge the 4×3 droplet located at (15, 100) with the 4×2 droplet located at (15, 90)."
ours/merge-case13-run2.json,"Merge the 4×3 droplet located at (15, 100) with the 4×2 droplet located at (15, 90)."
ours/merge-case13-run2.txt,"Merge the 4×3 droplet located at (15, 100) with the 4×2 droplet located at (15, 90)."
ours/merge-case13-run3.gif,"Merge the 4×3 droplet located at (15, 100) with the 4×2 droplet located at (15, 90)."
ours/merge-case13-run3.json,"Merge the 4×3 droplet located at (15, 100) with the 4×2 droplet located at (15, 90)."
ours/merge-case13-run3.txt,"Merge the 4×3 droplet located at (15, 100) with the 4×2 droplet located at (15, 90)."
ours/merge-case13-run4.gif,"Merge the 4×3 droplet located at (15, 100) with the 4×2 droplet located at (15, 90)."
ours/merge-case13-run4.json,"Merge the 4×3 droplet located at (15, 100) with the 4×2 droplet located at (15, 90)."
ours/merge-case13-run4.txt,"Merge the 4×3 droplet located at (15, 100) with the 4×2 droplet located at (15, 90)."
ours/merge-case13-run5.gif,"Merge the 4×3 droplet located at (15, 100) with the 4×2 droplet located at (15, 90)."
ours/merge-case13-run5.json,"Merge the 4×3 droplet located at (15, 100) with the 4×2 droplet located at (15, 90)."
ours/merge-case13-run5.txt,"Merge the 4×3 droplet located at (15, 100) with the 4×2 droplet located at (15, 90)."
ours/merge-case14-run1.gif,"Merge the 2×4 droplet located at (60, 90) with the 3×4 droplet located at (67, 90)."
ours/merge-case14-run1.json,"Merge the 2×4 droplet located at (60, 90) with the 3×4 droplet located at (67, 90)."
ours/merge-case14-run1.txt,"Merge the 2×4 droplet located at (60, 90) with the 3×4 droplet located at (67, 90)."
ours/merge-case14-run2.gif,"Merge the 2×4 droplet located at (60, 90) with the 3×4 droplet located at (67, 90)."
ours/merge-case14-run2.json,"Merge the 2×4 droplet located at (60, 90) with the 3×4 droplet located at (67, 90)."
ours/merge-case14-run2.txt,"Merge the 2×4 droplet located at (60, 90) with the 3×4 droplet located at (67, 90)."
ours/merge-case14-run3.gif,"Merge the 2×4 droplet located at (60, 90) with the 3×4 droplet located at (67, 90)."
ours/merge-case14-run3.json,"Merge the 2×4 droplet located at (60, 90) with the 3×4 droplet located at (67, 90)."
ours/merge-case14-run3.txt,"Merge the 2×4 droplet located at (60, 90) with the 3×4 droplet located at (67, 90)."
ours/merge-case14-run4.gif,"Merge the 2×4 droplet located at (60, 90) with the 3×4 droplet located at (67, 90)."
ours/merge-case14-run4.json,"Merge the 2×4 droplet located at (60, 90) with the 3×4 droplet located at (67, 90)."
ours/merge-case14-run4.txt,"Merge the 2×4 droplet located at (60, 90) with the 3×4 droplet located at (67, 90)."
ours/merge-case14-run5.gif,"Merge the 2×4 droplet located at (60, 90) with the 3×4 droplet located at (67, 90)."
ours/merge-case14-run5.json,"Merge the 2×4 droplet located at (60, 90) with the 3×4 droplet located at (67, 90)."
ours/merge-case14-run5.txt,"Merge the 2×4 droplet located at (60, 90) with the 3×4 droplet located at (67, 90)."
ours/merge-case15-run1.gif,"Merge the 3×3 droplet located at (60, 60) with the 3×2 droplet located at (60, 68)."
ours/merge-case15-run1.json,"Merge the 3×3 droplet located at (60, 60) with the 3×2 droplet located at (60, 68)."
ours/merge-case15-run1.txt,"Merge the 3×3 droplet located at (60, 60) with the 3×2 droplet located at (60, 68)."
ours/merge-case15-run2.gif,"Merge the 3×3 droplet located at (60, 60) with the 3×2 droplet located at (60, 68)."
ours/merge-case15-run2.json,"Merge the 3×3 droplet located at (60, 60) with the 3×2 droplet located at (60, 68)."
ours/merge-case15-run2.txt,"Merge the 3×3 droplet located at (60, 60) with the 3×2 droplet located at (60, 68)."
ours/merge-case15-run3.gif,"Merge the 3×3 droplet located at (60, 60) with the 3×2 droplet located at (60, 68)."
ours/merge-case15-run3.json,"Merge the 3×3 droplet located at (60, 60) with the 3×2 droplet located at (60, 68)."
ours/merge-case15-run3.txt,"Merge the 3×3 droplet located at (60, 60) with the 3×2 droplet located at (60, 68)."
ours/merge-case15-run4.gif,"Merge the 3×3 droplet located at (60, 60) with the 3×2 droplet located at (60, 68)."
ours/merge-case15-run4.json,"Merge the 3×3 droplet located at (60, 60) with the 3×2 droplet located at (60, 68)."
ours/merge-case15-run4.txt,"Merge the 3×3 droplet located at (60, 60) with the 3×2 droplet located at (60, 68)."
ours/merge-case15-run5.gif,"Merge the 3×3 droplet located at (60, 60) with the 3×2 droplet located at (60, 68)."
ours/merge-case15-run5.json,"Merge the 3×3 droplet located at (60, 60) with the 3×2 droplet located at (60, 68)."
ours/merge-case15-run5.txt,"Merge the 3×3 droplet located at (60, 60) with the 3×2 droplet located at (60, 68)."
ours/mix-case21-run1.gif,"Perform 2 cycles of rotational mixing on 1 droplet of size 1×1 located at (25, 25)."
ours/mix-case21-run1.json,"Perform 2 cycles of rotational mixing on 1 droplet of size 1×1 located at (25, 25)."
ours/mix-case21-run1.txt,"Perform 2 cycles of rotational mixing on 1 droplet of size 1×1 located at (25, 25)."
ours/mix-case21-run2.gif,"Perform 2 cycles of rotational mixing on 1 droplet of size 1×1 located at (25, 25)."
ours/mix-case21-run2.json,"Perform 2 cycles of rotational mixing on 1 droplet of size 1×1 located at (25, 25)."
ours/mix-case21-run2.txt,"Perform 2 cycles of rotational mixing on 1 droplet of size 1×1 located at (25, 25)."
ours/mix-case21-run3.gif,"Perform 2 cycles of rotational mixing on 1 droplet of size 1×1 located at (25, 25)."
ours/mix-case21-run3.json,"Perform 2 cycles of rotational mixing on 1 droplet of size 1×1 located at (25, 25)."
ours/mix-case21-run3.txt,"Perform 2 cycles of rotational mixing on 1 droplet of size 1×1 located at (25, 25)."
ours/mix-case21-run4.gif,"Perform 2 cycles of rotational mixing on 1 droplet of size 1×1 located at (25, 25)."
ours/mix-case21-run4.json,"Perform 2 cycles of rotational mixing on 1 droplet of size 1×1 located at (25, 25)."
ours/mix-case21-run4.txt,"Perform 2 cycles of rotational mixing on 1 droplet of size 1×1 located at (25, 25)."
ours/mix-case21-run5.gif,"Perform 2 cycles of rotational mixing on 1 droplet of size 1×1 located at (25, 25)."
ours/mix-case21-run5.json,"Perform 2 cycles of rotational mixing on 1 droplet of size 1×1 located at (25, 25)."
ours/mix-case21-run5.txt,"Perform 2 cycles of rotational mixing on 1 droplet of size 1×1 located at (25, 25)."
ours/mix-case22-run1.gif,"Perform 3 cycles of rotational mixing on 1 droplet of size 2×2 located at (44, 44)."
ours/mix-case22-run1.json,"Perform 3 cycles of rotational mixing on 1 droplet of size 2×2 located at (44, 44)."
ours/mix-case22-run1.txt,"Perform 3 cycles of rotational mixing on 1 droplet of size 2×2 located at (44, 44)."
ours/mix-case22-run2.gif,"Perform 3 cycles of rotational mixing on 1 droplet of size 2×2 located at (44, 44)."
ours/mix-case22-run2.json,"Perform 3 cycles of rotational mixing on 1 droplet of size 2×2 located at (44, 44)."
ours/mix-case22-run2.txt,"Perform 3 cycles of rotational mixing on 1 droplet of size 2×2 located at (44, 44)."
ours/mix-case22-run3.gif,"Perform 3 cycles of rotational mixing on 1 droplet of size 2×2 located at (44, 44)."
ours/mix-case22-run3.json,"Perform 3 cycles of rotational mixing on 1 droplet of size 2×2 located at (44, 44)."
ours/mix-case22-run3.txt,"Perform 3 cycles of rotational mixing on 1 droplet of size 2×2 located at (44, 44)."
ours/mix-case22-run4.gif,"Perform 3 cycles of rotational mixing on 1 droplet of size 2×2 located at (44, 44)."
ours/mix-case22-run4.json,"Perform 3 cycles of rotational mixing on 1 droplet of size 2×2 located at (44, 44)."
ours/mix-case22-run4.txt,"Perform 3 cycles of rotational mixing on 1 droplet of size 2×2 located at (44, 44)."
ours/mix-case22-run5.gif,"Perform 3 cycles of rotational mixing on 1 droplet of size 2×2 located at (44, 44)."
ours/mix-case22-run5.json,"Perform 3 cycles of rotational mixing on 1 droplet of size 2×2 located at (44, 44)."
ours/mix-case22-run5.txt,"Perform 3 cycles of rotational mixing on 1 droplet of size 2×2 located at (44, 44)."
ours/mix-case23-run1.gif,"Perform 2 cycles of rotational mixing on 1 droplet of size 3×3 located at (81, 39)."
ours/mix-case23-run1.json,"Perform 2 cycles of rotational mixing on 1 droplet of size 3×3 located at (81, 39)."
ours/mix-case23-run1.txt,"Perform 2 cycles of rotational mixing on 1 droplet of size 3×3 located at (81, 39)."
ours/mix-case23-run2.gif,"Perform 2 cycles of rotational mixing on 1 droplet of size 3×3 located at (81, 39)."
ours/mix-case23-run2.json,"Perform 2 cycles of rotational mixing on 1 droplet of size 3×3 located at (81, 39)."
ours/mix-case23-run2.txt,"Perform 2 cycles of rotational mixing on 1 droplet of size 3×3 located at (81, 39)."
ours/mix-case23-run3.gif,"Perform 2 cycles of rotational mixing on 1 droplet of size 3×3 located at (81, 39)."
ours/mix-case23-run3.json,"Perform 2 cycles of rotational mixing on 1 droplet of size 3×3 located at (81, 39)."
ours/mix-case23-run3.txt,"Perform 2 cycles of rotational mixing on 1 droplet of size 3×3 located at (81, 39)."
ours/mix-case23-run4.gif,"Perform 2 cycles of rotational mixing on 1 droplet of size 3×3 located at (81, 39)."
ours/mix-case23-run4.json,"Perform 2 cycles of rotational mixing on 1 droplet of size 3×3 located at (81, 39)."
ours/mix-case23-run4.txt,"Perform 2 cycles of rotational mixing on 1 droplet of size 3×3 located at (81, 39)."
ours/mix-case23-run5.gif,"Perform 2 cycles of rotational mixing on 1 droplet of size 3×3 located at (81, 39)."
ours/mix-case23-run5.json,"Perform 2 cycles of rotational mixing on 1 droplet of size 3×3 located at (81, 39)."
ours/mix-case23-run5.txt,"Perform 2 cycles of rotational mixing on 1 droplet of size 3×3 located at (81, 39)."
ours/mix-case24-run1.gif,"Perform 4 cycles of rotational mixing on 1 droplet of size 4×4 located at (100, 84)."
ours/mix-case24-run1.json,"Perform 4 cycles of rotational mixing on 1 droplet of size 4×4 located at (100, 84)."
ours/mix-case24-run1.txt,"Perform 4 cycles of rotational mixing on 1 droplet of size 4×4 located at (100, 84)."
ours/mix-case24-run2.gif,"Perform 4 cycles of rotational mixing on 1 droplet of size 4×4 located at (100, 84)."
ours/mix-case24-run2.json,"Perform 4 cycles of rotational mixing on 1 droplet of size 4×4 located at (100, 84)."
ours/mix-case24-run2.txt,"Perform 4 cycles of rotational mixing on 1 droplet of size 4×4 located at (100, 84)."
ours/mix-case24-run3.gif,"Perform 4 cycles of rotational mixing on 1 droplet of size 4×4 located at (100, 84)."
ours/mix-case24-run3.json,"Perform 4 cycles of rotational mixing on 1 droplet of size 4×4 located at (100, 84)."
ours/mix-case24-run3.txt,"Perform 4 cycles of rotational mixing on 1 droplet of size 4×4 located at (100, 84)."
ours/mix-case24-run4.gif,"Perform 4 cycles of rotational mixing on 1 droplet of size 4×4 located at (100, 84)."
ours/mix-case24-run4.json,"Perform 4 cycles of rotational mixing on 1 droplet of size 4×4 located at (100, 84)."
ours/mix-case24-run4.txt,"Perform 4 cycles of rotational mixing on 1 droplet of size 4×4 located at (100, 84)."
ours/mix-case24-run5.gif,"Perform 4 cycles of rotational mixing on 1 droplet of size 4×4 located at (100, 84)."
ours/mix-case24-run5.json,"Perform 4 cycles of rotational mixing on 1 droplet of size 4×4 located at (100, 84)."
ours/mix-case24-run5.txt,"Perform 4 cycles of rotational mixing on 1 droplet of size 4×4 located at (100, 84)."
ours/mix-case25-run1.gif,"Perform 3 cycles of rotational mixing on 1 droplet of size 5×5 located at (60, 60)."
ours/mix-case25-run1.json,"Perform 3 cycles of rotational mixing on 1 droplet of size 5×5 located at (60, 60)."
ours/mix-case25-run1.txt,"Perform 3 cycles of rotational mixing on 1 droplet of size 5×5 located at (60, 60)."
ours/mix-case25-run2.gif,"Perform 3 cycles of rotational mixing on 1 droplet of size 5×5 located at (60, 60)."
ours/mix-case25-run2.json,"Perform 3 cycles of rotational mixing on 1 droplet of size 5×5 located at (60, 60)."
ours/mix-case25-run2.txt,"Perform 3 cycles of rotational mixing on 1 droplet of size 5×5 located at (60, 60)."
ours/mix-case25-run3.gif,"Perform 3 cycles of rotational mixing on 1 droplet of size 5×5 located at (60, 60)."
ours/mix-case25-run3.json,"Perform 3 cycles of rotational mixing on 1 droplet of size 5×5 located at (60, 60)."
ours/mix-case25-run3.txt,"Perform 3 cycles of rotational mixing on 1 droplet of size 5×5 located at (60, 60)."
ours/mix-case25-run4.gif,"Perform 3 cycles of rotational mixing on 1 droplet of size 5×5 located at (60, 60)."
ours/mix-case25-run4.json,"Perform 3 cycles of rotational mixing on 1 droplet of size 5×5 located at (60, 60)."
ours/mix-case25-run4.txt,"Perform 3 cycles of rotational mixing on 1 droplet of size 5×5 located at (60, 60)."
ours/mix-case25-run5.gif,"Perform 3 cycles of rotational mixing on 1 droplet of size 5×5 located at (60, 60)."
ours/mix-case25-run5.json,"Perform 3 cycles of rotational mixing on 1 droplet of size 5×5 located at (60, 60)."
ours/mix-case25-run5.txt,"Perform 3 cycles of rotational mixing on 1 droplet of size 5×5 located at (60, 60)."
ours/move-case31-run1.gif,"Move 1 droplet of size 1×1 located at (15, 15) 20 grid cells to the right."
ours/move-case31-run1.json,"Move 1 droplet of size 1×1 located at (15, 15) 20 grid cells to the right."
ours/move-case31-run1.txt,"Move 1 droplet of size 1×1 located at (15, 15) 20 grid cells to the right."
ours/move-case31-run2.gif,"Move 1 droplet of size 1×1 located at (15, 15) 20 grid cells to the right."
ours/move-case31-run2.json,"Move 1 droplet of size 1×1 located at (15, 15) 20 grid cells to the right."
ours/move-case31-run2.txt,"Move 1 droplet of size 1×1 located at (15, 15) 20 grid cells to the right."
ours/move-case31-run3.gif,"Move 1 droplet of size 1×1 located at (15, 15) 20 grid cells to the right."
ours/move-case31-run3.json,"Move 1 droplet of size 1×1 located at (15, 15) 20 grid cells to the right."
ours/move-case31-run3.txt,"Move 1 droplet of size 1×1 located at (15, 15) 20 grid cells to the right."
ours/move-case31-run4.gif,"Move 1 droplet of size 1×1 located at (15, 15) 20 grid cells to the right."
ours/move-case31-run4.json,"Move 1 droplet of size 1×1 located at (15, 15) 20 grid cells to the right."
ours/move-case31-run4.txt,"Move 1 droplet of size 1×1 located at (15, 15) 20 grid cells to the right."
ours/move-case31-run5.gif,"Move 1 droplet of size 1×1 located at (15, 15) 20 grid cells to the right."
ours/move-case31-run5.json,"Move 1 droplet of size 1×1 located at (15, 15) 20 grid cells to the right."
ours/move-case31-run5.txt,"Move 1 droplet of size 1×1 located at (15, 15) 20 grid cells to the right."
ours/move-case32-run1.gif,"Move 1 droplet of size 2×2 located at (44, 100) 15 grid cells upward."
ours/move-case32-run1.json,"Move 1 droplet of size 2×2 located at (44, 100) 15 grid cells upward."
ours/move-case32-run1.txt,"Move 1 droplet of size 2×2 located at (44, 100) 15 grid cells upward."
ours/move-case32-run2.gif,"Move 1 droplet of size 2×2 located at (44, 100) 15 grid cells upward."
ours/move-case32-run2.json,"Move 1 droplet of size 2×2 located at (44, 100) 15 grid cells upward."
ours/move-case32-run2.txt,"Move 1 droplet of size 2×2 located at (44, 100) 15 grid cells upward."
ours/move-case32-run3.gif,"Move 1 droplet of size 2×2 located at (44, 100) 15 grid cells upward."
ours/move-case32-run3.json,"Move 1 droplet of size 2×2 located at (44, 100) 15 grid cells upward."
ours/move-case32-run3.txt,"Move 1 droplet of size 2×2 located at (44, 100) 15 grid cells upward."
ours/move-case32-run4.gif,"Move 1 droplet of size 2×2 located at (44, 100) 15 grid cells upward."
ours/move-case32-run4.json,"Move 1 droplet of size 2×2 located at (44, 100) 15 grid cells upward."
ours/move-case32-run4.txt,"Move 1 droplet of size 2×2 located at (44, 100) 15 grid cells upward."
ours/move-case32-run5.gif,"Move 1 droplet of size 2×2 located at (44, 100) 15 grid cells upward."
ours/move-case32-run5.json,"Move 1 droplet of size 2×2 located at (44, 100) 15 grid cells upward."
ours/move-case32-run5.txt,"Move 1 droplet of size 2×2 located at (44, 100) 15 grid cells upward."
ours/move-case33-run1.gif,"Move 1 droplet of size 3×3 located at (108, 30) 25 grid cells to the left."
ours/move-case33-run1.json,"Move 1 droplet of size 3×3 located at (108, 30) 25 grid cells to the left."
ours/move-case33-run1.txt,"Move 1 droplet of size 3×3 located at (108, 30) 25 grid cells to the left."
ours/move-case33-run2.gif,"Move 1 droplet of size 3×3 located at (108, 30) 25 grid cells to the left."
ours/move-case33-run2.json,"Move 1 droplet of size 3×3 located at (108, 30) 25 grid cells to the left."
ours/move-case33-run2.txt,"Move 1 droplet of size 3×3 located at (108, 30) 25 grid cells to the left."
ours/move-case33-run3.gif,"Move 1 droplet of size 3×3 located at (108, 30) 25 grid cells to the left."
ours/move-case33-run3.json,"Move 1 droplet of size 3×3 located at (108, 30) 25 grid cells to the left."
ours/move-case33-run3.txt,"Move 1 droplet of size 3×3 located at (108, 30) 25 grid cells to the left."
ours/move-case33-run4.gif,"Move 1 droplet of size 3×3 located at (108, 30) 25 grid cells to the left."
ours/move-case33-run4.json,"Move 1 droplet of size 3×3 located at (108, 30) 25 grid cells to the left."
ours/move-case33-run4.txt,"Move 1 droplet of size 3×3 located at (108, 30) 25 grid cells to the left."
ours/move-case33-run5.gif,"Move 1 droplet of size 3×3 located at (108, 30) 25 grid cells to the left."
ours/move-case33-run5.json,"Move 1 droplet of size 3×3 located at (108, 30) 25 grid cells to the left."
ours/move-case33-run5.txt,"Move 1 droplet of size 3×3 located at (108, 30) 25 grid cells to the left."
ours/move-case34-run1.gif,"Move 1 droplet of size 4×4 located at (48, 40) 12 grid cells downward."
ours/move-case34-run1.json,"Move 1 droplet of size 4×4 located at (48, 40) 12 grid cells downward."
ours/move-case34-run1.txt,"Move 1 droplet of size 4×4 located at (48, 40) 12 grid cells downward."
ours/move-case34-run2.gif,"Move 1 droplet of size 4×4 located at (48, 40) 12 grid cells downward."
ours/move-case34-run2.json,"Move 1 droplet of size 4×4 located at (48, 40) 12 grid cells downward."
ours/move-case34-run2.txt,"Move 1 droplet of size 4×4 located at (48, 40) 12 grid cells downward."
ours/move-case34-run3.gif,"Move 1 droplet of size 4×4 located at (48, 40) 12 grid cells downward."
ours/move-case34-run3.json,"Move 1 droplet of size 4×4 located at (48, 40) 12 grid cells downward."
ours/move-case34-run3.txt,"Move 1 droplet of size 4×4 located at (48, 40) 12 grid cells downward."
ours/move-case34-run4.gif,"Move 1 droplet of size 4×4 located at (48, 40) 12 grid cells downward."
ours/move-case34-run4.json,"Move 1 droplet of size 4×4 located at (48, 40) 12 grid cells downward."
ours/move-case34-run4.txt,"Move 1 droplet of size 4×4 located at (48, 40) 12 grid cells downward."
ours/move-case34-run5.gif,"Move 1 droplet of size 4×4 located at (48, 40) 12 grid cells downward."
ours/move-case34-run5.json,"Move 1 droplet of size 4×4 located at (48, 40) 12 grid cells downward."
ours/move-case34-run5.txt,"Move 1 droplet of size 4×4 located at (48, 40) 12 grid cells downward."
ours/move-case35-run1.gif,"Move 1 droplet of size 5×5 located at (30, 60) 10 grid cells to the right."
ours/move-case35-run1.json,"Move 1 droplet of size 5×5 located at (30, 60) 10 grid cells to the right."
ours/move-case35-run1.txt,"Move 1 droplet of size 5×5 located at (30, 60) 10 grid cells to the right."
ours/move-case35-run2.gif,"Move 1 droplet of size 5×5 located at (30, 60) 10 grid cells to the right."
ours/move-case35-run2.json,"Move 1 droplet of size 5×5 located at (30, 60) 10 grid cells to the right."
ours/move-case35-run2.txt,"Move 1 droplet of size 5×5 located at (30, 60) 10 grid cells to the right."
ours/move-case35-run3.gif,"Move 1 droplet of size 5×5 located at (30, 60) 10 grid cells to the right."
ours/move-case35-run3.json,"Move 1 droplet of size 5×5 located at (30, 60) 10 grid cells to the right."
ours/move-case35-run3.txt,"Move 1 droplet of size 5×5 located at (30, 60) 10 grid cells to the right."
ours/move-case35-run4.gif,"Move 1 droplet of size 5×5 located at (30, 60) 10 grid cells to the right."
ours/move-case35-run4.json,"Move 1 droplet of size 5×5 located at (30, 60) 10 grid cells to the right."
ours/move-case35-run4.txt,"Move 1 droplet of size 5×5 located at (30, 60) 10 grid cells to the right."
ours/move-case35-run5.gif,"Move 1 droplet of size 5×5 located at (30, 60) 10 grid cells to the right."
ours/move-case35-run5.json,"Move 1 droplet of size 5×5 located at (30, 60) 10 grid cells to the right."
ours/move-case35-run5.txt,"Move 1 droplet of size 5×5 located at (30, 60) 10 grid cells to the right."
ours/squeeze-case1-run1.gif,"Generate 1 1×1 droplet at (30, 30) by squeezing to the right."
ours/squeeze-case1-run1.json,"Generate 1 1×1 droplet at (30, 30) by squeezing to the right."
ours/squeeze-case1-run1.txt,"Generate 1 1×1 droplet at (30, 30) by squeezing to the right."
ours/squeeze-case1-run2.gif,"Generate 1 1×1 droplet at (30, 30) by squeezing to the right."
ours/squeeze-case1-run2.json,"Generate 1 1×1 droplet at (30, 30) by squeezing to the right."
ours/squeeze-case1-run2.txt,"Generate 1 1×1 droplet at (30, 30) by squeezing to the right."
ours/squeeze-case1-run3.gif,"Generate 1 1×1 droplet at (30, 30) by squeezing to the right."
ours/squeeze-case1-run3.json,"Generate 1 1×1 droplet at (30, 30) by squeezing to the right."
ours/squeeze-case1-run3.txt,"Generate 1 1×1 droplet at (30, 30) by squeezing to the right."
ours/squeeze-case1-run4.gif,"Generate 1 1×1 droplet at (30, 30) by squeezing to the right."
ours/squeeze-case1-run4.json,"Generate 1 1×1 droplet at (30, 30) by squeezing to the right."
ours/squeeze-case1-run4.txt,"Generate 1 1×1 droplet at (30, 30) by squeezing to the right."
ours/squeeze-case1-run5.gif,"Generate 1 1×1 droplet at (30, 30) by squeezing to the right."
ours/squeeze-case1-run5.json,"Generate 1 1×1 droplet at (30, 30) by squeezing to the right."
ours/squeeze-case1-run5.txt,"Generate 1 1×1 droplet at (30, 30) by squeezing to the right."
ours/squeeze-case2-run1.gif,"Generate 1 2×2 droplet at (40, 90) by squeezing upward."
ours/squeeze-case2-run1.json,"Generate 1 2×2 droplet at (40, 90) by squeezing upward."
ours/squeeze-case2-run1.txt,"Generate 1 2×2 droplet at (40, 90) by squeezing upward."
ours/squeeze-case2-run2.gif,"Generate 1 2×2 droplet at (40, 90) by squeezing upward."
ours/squeeze-case2-run2.json,"Generate 1 2×2 droplet at (40, 90) by squeezing upward."
ours/squeeze-case2-run2.txt,"Generate 1 2×2 droplet at (40, 90) by squeezing upward."
ours/squeeze-case2-run3.gif,"Generate 1 2×2 droplet at (40, 90) by squeezing upward."
ours/squeeze-case2-run3.json,"Generate 1 2×2 droplet at (40, 90) by squeezing upward."
ours/squeeze-case2-run3.txt,"Generate 1 2×2 droplet at (40, 90) by squeezing upward."
ours/squeeze-case2-run4.gif,"Generate 1 2×2 droplet at (40, 90) by squeezing upward."
ours/squeeze-case2-run4.json,"Generate 1 2×2 droplet at (40, 90) by squeezing upward."
ours/squeeze-case2-run4.txt,"Generate 1 2×2 droplet at (40, 90) by squeezing upward."
ours/squeeze-case2-run5.gif,"Generate 1 2×2 droplet at (40, 90) by squeezing upward."
ours/squeeze-case2-run5.json,"Generate 1 2×2 droplet at (40, 90) by squeezing upward."
ours/squeeze-case2-run5.txt,"Generate 1 2×2 droplet at (40, 90) by squeezing upward."
ours/squeeze-case3-run1.gif,"Generate 1 3×3 droplet at (108, 30) by squeezing to the left."
ours/squeeze-case3-run1.json,"Generate 1 3×3 droplet at (108, 30) by squeezing to the left."
ours/squeeze-case3-run1.txt,"Generate 1 3×3 droplet at (108, 30) by squeezing to the left."
ours/squeeze-case3-run2.gif,"Generate 1 3×3 droplet at (108, 30) by squeezing to the left."
ours/squeeze-case3-run2.json,"Generate 1 3×3 droplet at (108, 30) by squeezing to the left."
ours/squeeze-case3-run2.txt,"Generate 1 3×3 droplet at (108, 30) by squeezing to the left."
ours/squeeze-case3-run3.gif,"Generate 1 3×3 droplet at (108, 30) by squeezing to the left."
ours/squeeze-case3-run3.json,"Generate 1 3×3 droplet at (108, 30) by squeezing to the left."
ours/squeeze-case3-run3.txt,"Generate 1 3×3 droplet at (108, 30) by squeezing to the left."
ours/squeeze-case3-run4.gif,"Generate 1 3×3 droplet at (108, 30) by squeezing to the left."
ours/squeeze-case3-run4.json,"Generate 1 3×3 droplet at (108, 30) by squeezing to the left."
ours/squeeze-case3-run4.txt,"Generate 1 3×3 droplet at (108, 30) by squeezing to the left."
ours/squeeze-case3-run5.gif,"Generate 1 3×3 droplet at (108, 30) by squeezing to the left."
ours/squeeze-case3-run5.json,"Generate 1 3×3 droplet at (108, 30) by squeezing to the left."
ours/squeeze-case3-run5.txt,"Generate 1 3×3 droplet at (108, 30) by squeezing to the left."
ours/squeeze-case4-run1.gif,"Generate 1 4×4 droplet at (60, 48) by squeezing downward."
ours/squeeze-case4-run1.json,"Generate 1 4×4 droplet at (60, 48) by squeezing downward."
ours/squeeze-case4-run1.txt,"Generate 1 4×4 droplet at (60, 48) by squeezing downward."
ours/squeeze-case4-run2.gif,"Generate 1 4×4 droplet at (60, 48) by squeezing downward."
ours/squeeze-case4-run2.json,"Generate 1 4×4 droplet at (60, 48) by squeezing downward."
ours/squeeze-case4-run2.txt,"Generate 1 4×4 droplet at (60, 48) by squeezing downward."
ours/squeeze-case4-run3.gif,"Generate 1 4×4 droplet at (60, 48) by squeezing downward."
ours/squeeze-case4-run3.json,"Generate 1 4×4 droplet at (60, 48) by squeezing downward."
ours/squeeze-case4-run3.txt,"Generate 1 4×4 droplet at (60, 48) by squeezing downward."
ours/squeeze-case4-run4.gif,"Generate 1 4×4 droplet at (60, 48) by squeezing downward."
ours/squeeze-case4-run4.json,"Generate 1 4×4 droplet at (60, 48) by squeezing downward."
ours/squeeze-case4-run4.txt,"Generate 1 4×4 droplet at (60, 48) by squeezing downward."
ours/squeeze-case4-run5.gif,"Generate 1 4×4 droplet at (60, 48) by squeezing downward."
ours/squeeze-case4-run5.json,"Generate 1 4×4 droplet at (60, 48) by squeezing downward."
ours/squeeze-case4-run5.txt,"Generate 1 4×4 droplet at (60, 48) by squeezing downward."
ours/squeeze-case5-run1.gif,"Generate 1 5×5 droplet at (100, 85) by squeezing to the left."
ours/squeeze-case5-run1.json,"Generate 1 5×5 droplet at (100, 85) by squeezing to the left."
ours/squeeze-case5-run1.txt,"Generate 1 5×5 droplet at (100, 85) by squeezing to the left."
ours/squeeze-case5-run2.gif,"Generate 1 5×5 droplet at (100, 85) by squeezing to the left."
ours/squeeze-case5-run2.json,"Generate 1 5×5 droplet at (100, 85) by squeezing to the left."
ours/squeeze-case5-run2.txt,"Generate 1 5×5 droplet at (100, 85) by squeezing to the left."
ours/squeeze-case5-run3.gif,"Generate 1 5×5 droplet at (100, 85) by squeezing to the left."
ours/squeeze-case5-run3.json,"Generate 1 5×5 droplet at (100, 85) by squeezing to the left."
ours/squeeze-case5-run3.txt,"Generate 1 5×5 droplet at (100, 85) by squeezing to the left."
ours/squeeze-case5-run4.gif,"Generate 1 5×5 droplet at (100, 85) by squeezing to the left."
ours/squeeze-case5-run4.json,"Generate 1 5×5 droplet at (100, 85) by squeezing to the left."
ours/squeeze-case5-run4.txt,"Generate 1 5×5 droplet at (100, 85) by squeezing to the left."
ours/squeeze-case5-run5.gif,"Generate 1 5×5 droplet at (100, 85) by squeezing to the left."
ours/squeeze-case5-run5.json,"Generate 1 5×5 droplet at (100, 85) by squeezing to the left."
ours/squeeze-case5-run5.txt,"Generate 1 5×5 droplet at (100, 85) by squeezing to the left."
